{"type":"FeatureCollection","features":[{"type":"Feature","geometry":{"coordinates":[[[1.232631,43.309204],[1.232608,43.309156],[1.232434,43.309203],[1.232454,43.309246],[1.232631,43.309204]]],"type":"Polygon"},"properties":{"id":"BATIMENT0000000073366233","zoneCode":"Re","zoneLabel":"Rouge mouvement de terrain (recul de berge)","zoneColor":"#D62839","concerne":true,"regime":"Constructions nouvelles : Interdites, sauf travaux d'infrastructure publique et exceptions mesurées (extension RDC <20 m² une fois, structures garage/annexe <20 m²). Constructions existantes : Extension <20 m² une fois depuis le 06/02/2018, pas de terrassement créant un dénivelé >0,5 m. Étude géotechnique G2 (norme NF P 94-500) obligatoire avant travaux, sauf exceptions ponctuelles prévues par le règlement.","etudeGeotechniqueG2":true,"diagnostic":"Non concerné (hors zone inondable).","zoneRefuge":"Non applicable (zone hors risque inondation).","refugeCategorie":"Non applicable","zonesIntersectees":"Re","etagePresent":"Non","etageSource":"estimé par la hauteur du bâti (3.5 m), fiabilité modérée","typologie":"Typologie indéterminée (donnée absente ou non exploitable)","eligibiliteFprnm":"Non déterminé - typologie non qualifiée en l'état, à vérifier sur site.","hauteurM":3.5,"isErp":false}},{"type":"Feature","geometry":{"coordinates":[[[1.229468,43.299343],[1.229502,43.29921],[1.229313,43.299183],[1.229305,43.299266],[1.229198,43.299305],[1.229179,43.299285],[1.229082,43.299325],[1.229141,43.299398],[1.229248,43.299355],[1.229301,43.299416],[1.229468,43.299343]]],"type":"Polygon"},"properties":{"id":"BATIMENT0000000073369462","zoneCode":"Re","zoneLabel":"Rouge mouvement de terrain (recul de berge)","zoneColor":"#D62839","concerne":true,"regime":"Constructions nouvelles : Interdites, sauf travaux d'infrastructure publique et exceptions mesurées (extension RDC <20 m² une fois, structures garage/annexe <20 m²). Constructions existantes : Extension <20 m² une fois depuis le 06/02/2018, pas de terrassement créant un dénivelé >0,5 m. Étude géotechnique G2 (norme NF P 94-500) obligatoire avant travaux, sauf exceptions ponctuelles prévues par le règlement.","etudeGeotechniqueG2":true,"diagnostic":"Non concerné (hors zone inondable).","zoneRefuge":"Non applicable (zone hors risque inondation).","refugeCategorie":"Non applicable","zonesIntersectees":"BFe;Re","etagePresent":"Oui","etageSource":"connu (BDNB Fichiers Fonciers nb_niveau=2)","typologie":"Maison individuelle","eligibiliteFprnm":"Éligible - habitation : Fonds Barnier (FPRNM) à 80 % des travaux de prévention prescrits par le PPRN, plafond légal national, sous réserve d'un bien existant avant le 21/06/2022.","nbLogements":1,"hauteurM":5.0,"isErp":false}},{"type":"Feature","geometry":{"coordinates":[[[1.227468,43.299108],[1.227401,43.299017],[1.22729,43.299059],[1.227317,43.299096],[1.22729,43.299107],[1.227329,43.299161],[1.227468,43.299108]]],"type":"Polygon"},"properties":{"id":"BATIMENT0000000073369476","zoneCode":"Re","zoneLabel":"Rouge mouvement de terrain (recul de berge)","zoneColor":"#D62839","concerne":true,"regime":"Constructions nouvelles : Interdites, sauf travaux d'infrastructure publique et exceptions mesurées (extension RDC <20 m² une fois, structures garage/annexe <20 m²). Constructions existantes : Extension <20 m² une fois depuis le 06/02/2018, pas de terrassement créant un dénivelé >0,5 m. Étude géotechnique G2 (norme NF P 94-500) obligatoire avant travaux, sauf exceptions ponctuelles prévues par le règlement.","etudeGeotechniqueG2":true,"diagnostic":"Non concerné (hors zone inondable).","zoneRefuge":"Non applicable (zone hors risque inondation).","refugeCategorie":"Non applicable","zonesIntersectees":"BFe;Re","etagePresent":"Non","etageSource":"connu (BDNB Fichiers Fonciers nb_niveau=1)","typologie":"Maison individuelle","eligibiliteFprnm":"Éligible - habitation : Fonds Barnier (FPRNM) à 80 % des travaux de prévention prescrits par le PPRN, plafond légal national, sous réserve d'un bien existant avant le 21/06/2022.","nbLogements":1,"hauteurM":4.0,"isErp":false}},{"type":"Feature","geometry":{"coordinates":[[[1.218826,43.296001],[1.218788,43.29596],[1.218752,43.295978],[1.218787,43.296019],[1.218826,43.296001]]],"type":"Polygon"},"properties":{"id":"BATIMENT0000000073369693","zoneCode":"Ri","zoneLabel":"Rouge inondation","zoneColor":"#E2001A","concerne":true,"regime":"Constructions nouvelles : Interdites, sauf exceptions très limitées (accès de sécurité, abris légers <20 m² une fois, locaux techniques agricoles, serres tunnel...). Constructions existantes : Extension limitée à 20 % de l'emprise existante, une seule fois depuis le 06/02/2018, plancher au-dessus des PHEC.","etudeGeotechniqueG2":false,"diagnostic":"Non obligatoire pour l'habitat ; auto-diagnostic de vulnérabilité recommandé (à la charge du propriétaire).","zoneRefuge":"Conditionnelle : si le plancher ne peut pas être calé au-dessus des PHEC (impossibilité fonctionnelle dûment justifiée), un niveau refuge adapté est exigé (20 m² minimum pour une habitation, hauteur 1,80 m minimum, un refuge par logement/local, pas de refuge \"collectif\").","refugeCategorie":"Conditionnelle (impossibilité fonctionnelle à justifier)","zonesIntersectees":"Ri","etagePresent":"Non","etageSource":"estimé par la hauteur du bâti (3.1 m), fiabilité modérée","typologie":"Typologie indéterminée (donnée absente ou non exploitable)","eligibiliteFprnm":"Non déterminé - typologie non qualifiée en l'état, à vérifier sur site.","hauteurM":3.1,"isErp":false}},{"type":"Feature","geometry":{"coordinates":[[[1.223749,43.294902],[1.223711,43.294826],[1.223618,43.294852],[1.223656,43.294927],[1.223749,43.294902]]],"type":"Polygon"},"properties":{"id":"BATIMENT0000000073369818","zoneCode":"Ri","zoneLabel":"Rouge inondation","zoneColor":"#E2001A","concerne":true,"regime":"Constructions nouvelles : Interdites, sauf exceptions très limitées (accès de sécurité, abris légers <20 m² une fois, locaux techniques agricoles, serres tunnel...). Constructions existantes : Extension limitée à 20 % de l'emprise existante, une seule fois depuis le 06/02/2018, plancher au-dessus des PHEC.","etudeGeotechniqueG2":false,"diagnostic":"Non obligatoire pour l'habitat ; auto-diagnostic de vulnérabilité recommandé (à la charge du propriétaire).","zoneRefuge":"Conditionnelle : si le plancher ne peut pas être calé au-dessus des PHEC (impossibilité fonctionnelle dûment justifiée), un niveau refuge adapté est exigé (20 m² minimum pour une habitation, hauteur 1,80 m minimum, un refuge par logement/local, pas de refuge \"collectif\").","refugeCategorie":"Conditionnelle (impossibilité fonctionnelle à justifier)","zonesIntersectees":"Ri","etagePresent":"Non","etageSource":"estimé par la hauteur du bâti (4.6 m), fiabilité modérée","typologie":"Typologie indéterminée (donnée absente ou non exploitable)","eligibiliteFprnm":"Non déterminé - typologie non qualifiée en l'état, à vérifier sur site.","hauteurM":4.6,"isErp":false}},{"type":"Feature","geometry":{"coordinates":[[[1.223971,43.295355],[1.223974,43.295293],[1.223933,43.295292],[1.223929,43.295353],[1.223971,43.295355]]],"type":"Polygon"},"properties":{"id":"BATIMENT0000000073369836","zoneCode":"BFg","zoneLabel":"Bleue foncée mouvement de terrain","zoneColor":"#0033A0","concerne":true,"regime":"Constructions nouvelles : Interdites (seules les adaptations de l'existant sont possibles). Constructions existantes : Extension RDC <50 m² une fois depuis le 06/02/2018, changement de destination/aménagement sans augmenter la capacité d'accueil. Étude géotechnique G2 (norme NF P 94-500) obligatoire avant travaux, sauf exceptions ponctuelles prévues par le règlement.","etudeGeotechniqueG2":true,"diagnostic":"Non concerné (hors zone inondable).","zoneRefuge":"Non applicable (zone hors risque inondation).","refugeCategorie":"Non applicable","zonesIntersectees":"BFg;GHg","etagePresent":"Non","etageSource":"estimé par la hauteur du bâti (2.9 m), fiabilité modérée","typologie":"Typologie indéterminée (donnée absente ou non exploitable)","eligibiliteFprnm":"Non déterminé - typologie non qualifiée en l'état, à vérifier sur site.","hauteurM":2.9,"isErp":false}},{"type":"Feature","geometry":{"coordinates":[[[1.222572,43.294056],[1.222636,43.294095],[1.2226,43.294128],[1.222535,43.294089],[1.222572,43.294056]]],"type":"Polygon"},"properties":{"id":"BATIMENT0000000073369837","zoneCode":"Ri","zoneLabel":"Rouge inondation","zoneColor":"#E2001A","concerne":true,"regime":"Constructions nouvelles : Interdites, sauf exceptions très limitées (accès de sécurité, abris légers <20 m² une fois, locaux techniques agricoles, serres tunnel...). Constructions existantes : Extension limitée à 20 % de l'emprise existante, une seule fois depuis le 06/02/2018, plancher au-dessus des PHEC.","etudeGeotechniqueG2":false,"diagnostic":"Non obligatoire pour l'habitat ; auto-diagnostic de vulnérabilité recommandé (à la charge du propriétaire).","zoneRefuge":"Conditionnelle : si le plancher ne peut pas être calé au-dessus des PHEC (impossibilité fonctionnelle dûment justifiée), un niveau refuge adapté est exigé (20 m² minimum pour une habitation, hauteur 1,80 m minimum, un refuge par logement/local, pas de refuge \"collectif\").","refugeCategorie":"Conditionnelle (impossibilité fonctionnelle à justifier)","zonesIntersectees":"Ri","etagePresent":"Non","etageSource":"estimé par la hauteur du bâti (2.9 m), fiabilité modérée","typologie":"Typologie indéterminée (donnée absente ou non exploitable)","eligibiliteFprnm":"Non déterminé - typologie non qualifiée en l'état, à vérifier sur site.","hauteurM":2.9,"isErp":false}},{"type":"Feature","geometry":{"coordinates":[[[1.219434,43.294979],[1.219569,43.294961],[1.21958,43.294999],[1.219443,43.295018],[1.219434,43.294979]]],"type":"Polygon"},"properties":{"id":"BATIMENT0000000073369839","zoneCode":"Ri","zoneLabel":"Rouge inondation","zoneColor":"#E2001A","concerne":true,"regime":"Constructions nouvelles : Interdites, sauf exceptions très limitées (accès de sécurité, abris légers <20 m² une fois, locaux techniques agricoles, serres tunnel...). Constructions existantes : Extension limitée à 20 % de l'emprise existante, une seule fois depuis le 06/02/2018, plancher au-dessus des PHEC.","etudeGeotechniqueG2":false,"diagnostic":"Non obligatoire pour l'habitat ; auto-diagnostic de vulnérabilité recommandé (à la charge du propriétaire).","zoneRefuge":"Conditionnelle : si le plancher ne peut pas être calé au-dessus des PHEC (impossibilité fonctionnelle dûment justifiée), un niveau refuge adapté est exigé (20 m² minimum pour une habitation, hauteur 1,80 m minimum, un refuge par logement/local, pas de refuge \"collectif\").","refugeCategorie":"Conditionnelle (impossibilité fonctionnelle à justifier)","zonesIntersectees":"Ri","etagePresent":"Non","etageSource":"estimé par la hauteur du bâti (3.2 m), fiabilité modérée","typologie":"Typologie indéterminée (donnée absente ou non exploitable)","eligibiliteFprnm":"Non déterminé - typologie non qualifiée en l'état, à vérifier sur site.","hauteurM":3.2,"isErp":false}},{"type":"Feature","geometry":{"coordinates":[[[1.227685,43.287578],[1.227706,43.287525],[1.227617,43.287506],[1.227607,43.287532],[1.227636,43.287538],[1.227625,43.287564],[1.227685,43.287578]]],"type":"Polygon"},"properties":{"id":"BATIMENT0000000073371944","zoneCode":"Rie","zoneLabel":"Rouge inondation + recul de berge","zoneColor":"#C81E3A","concerne":true,"regime":"Constructions nouvelles : Interdites, sauf exceptions très limitées (accès de sécurité, abris légers <20 m² une fois, locaux techniques agricoles, serres tunnel...). Cumul avec le régime Re : interdiction des voies nouvelles en zone de recul de berge sauf impossibilité technique ; étude géotechnique G2 exigée en plus pour les rares travaux autorisés. Constructions existantes : Extension limitée à 20 % de l'emprise existante, une seule fois depuis le 06/02/2018, plancher au-dessus des PHEC. Cumul avec les prescriptions Re (étude géotechnique G2). Le tracé de la zone rouge effondrement peut être contesté par relevé de géomètre en crête de berge de la Garonne. Étude géotechnique G2 (norme NF P 94-500) obligatoire avant travaux, sauf exceptions ponctuelles prévues par le règlement.","etudeGeotechniqueG2":true,"diagnostic":"Non obligatoire pour l'habitat ; auto-diagnostic de vulnérabilité recommandé (à la charge du propriétaire).","zoneRefuge":"Conditionnelle : si le plancher ne peut pas être calé au-dessus des PHEC (impossibilité fonctionnelle dûment justifiée), un niveau refuge adapté est exigé (20 m² minimum pour une habitation, hauteur 1,80 m minimum, un refuge par logement/local, pas de refuge \"collectif\").","refugeCategorie":"Conditionnelle (impossibilité fonctionnelle à justifier)","zonesIntersectees":"Rie","etagePresent":"Non","etageSource":"connu (BDNB Fichiers Fonciers nb_niveau=1)","typologie":"Annexe (non habitée)","typologieSource":"BDNB (Fichiers Fonciers)","eligibiliteFprnm":"Non déterminé - typologie non qualifiée en l'état, à vérifier sur site.","hauteurM":2.7,"isErp":false}},{"type":"Feature","geometry":{"coordinates":[[[1.228898,43.288351],[1.228726,43.28833],[1.228719,43.288361],[1.228891,43.288381],[1.228898,43.288351]]],"type":"Polygon"},"properties":{"id":"BATIMENT0000000073371949","zoneCode":"Ri","zoneLabel":"Rouge inondation","zoneColor":"#E2001A","concerne":true,"regime":"Constructions nouvelles : Interdites, sauf exceptions très limitées (accès de sécurité, abris légers <20 m² une fois, locaux techniques agricoles, serres tunnel...). Constructions existantes : Extension limitée à 20 % de l'emprise existante, une seule fois depuis le 06/02/2018, plancher au-dessus des PHEC.","etudeGeotechniqueG2":false,"diagnostic":"Non obligatoire pour l'habitat ; auto-diagnostic de vulnérabilité recommandé (à la charge du propriétaire).","zoneRefuge":"Conditionnelle : si le plancher ne peut pas être calé au-dessus des PHEC (impossibilité fonctionnelle dûment justifiée), un niveau refuge adapté est exigé (20 m² minimum pour une habitation, hauteur 1,80 m minimum, un refuge par logement/local, pas de refuge \"collectif\").","refugeCategorie":"Conditionnelle (impossibilité fonctionnelle à justifier)","zonesIntersectees":"Bi;Ri","etagePresent":"Non","etageSource":"connu (BD TOPO nombre_d_etages)","typologie":"Annexe (non habitée)","eligibiliteFprnm":"Non déterminé - typologie non qualifiée en l'état, à vérifier sur site.","nbLogements":0,"hauteurM":4.4,"isErp":false}},{"type":"Feature","geometry":{"coordinates":[[[1.228056,43.287997],[1.228172,43.288011],[1.228164,43.288045],[1.228049,43.288031],[1.228056,43.287997]]],"type":"Polygon"},"properties":{"id":"BATIMENT0000000073371951","zoneCode":"Bi","zoneLabel":"Bleue inondation","zoneColor":"#4FA8E0","concerne":true,"regime":"Constructions nouvelles : Autorisées sous prescriptions (plancher au-dessus des PHEC, transparence hydraulique, matériaux les moins vulnérables). Constructions existantes : Extension jusqu'à 30 % de l'emprise existante, une seule fois depuis le 06/02/2018.","etudeGeotechniqueG2":false,"diagnostic":"Non obligatoire pour l'habitat ; auto-diagnostic de vulnérabilité recommandé (à la charge du propriétaire).","zoneRefuge":"Conditionnelle : si le plancher ne peut pas être calé au-dessus des PHEC (impossibilité fonctionnelle dûment justifiée), un niveau refuge adapté est exigé (20 m² minimum pour une habitation, hauteur 1,80 m minimum, un refuge par logement/local, pas de refuge \"collectif\").","refugeCategorie":"Conditionnelle (impossibilité fonctionnelle à justifier)","zonesIntersectees":"Bi","etagePresent":"Non","etageSource":"connu (BDNB Fichiers Fonciers nb_niveau=1)","typologie":"Annexe (non habitée)","eligibiliteFprnm":"Non déterminé - typologie non qualifiée en l'état, à vérifier sur site.","nbLogements":0,"hauteurM":3.1,"isErp":false}},{"type":"Feature","geometry":{"coordinates":[[[1.227608,43.287633],[1.227532,43.287629],[1.227535,43.287589],[1.227613,43.287593],[1.227608,43.287633]]],"type":"Polygon"},"properties":{"id":"BATIMENT0000000073371954","zoneCode":"Rie","zoneLabel":"Rouge inondation + recul de berge","zoneColor":"#C81E3A","concerne":true,"regime":"Constructions nouvelles : Interdites, sauf exceptions très limitées (accès de sécurité, abris légers <20 m² une fois, locaux techniques agricoles, serres tunnel...). Cumul avec le régime Re : interdiction des voies nouvelles en zone de recul de berge sauf impossibilité technique ; étude géotechnique G2 exigée en plus pour les rares travaux autorisés. Constructions existantes : Extension limitée à 20 % de l'emprise existante, une seule fois depuis le 06/02/2018, plancher au-dessus des PHEC. Cumul avec les prescriptions Re (étude géotechnique G2). Le tracé de la zone rouge effondrement peut être contesté par relevé de géomètre en crête de berge de la Garonne. Étude géotechnique G2 (norme NF P 94-500) obligatoire avant travaux, sauf exceptions ponctuelles prévues par le règlement.","etudeGeotechniqueG2":true,"diagnostic":"Non obligatoire pour l'habitat ; auto-diagnostic de vulnérabilité recommandé (à la charge du propriétaire).","zoneRefuge":"Conditionnelle : si le plancher ne peut pas être calé au-dessus des PHEC (impossibilité fonctionnelle dûment justifiée), un niveau refuge adapté est exigé (20 m² minimum pour une habitation, hauteur 1,80 m minimum, un refuge par logement/local, pas de refuge \"collectif\").","refugeCategorie":"Conditionnelle (impossibilité fonctionnelle à justifier)","zonesIntersectees":"Rie","etagePresent":"Non","etageSource":"connu (BDNB Fichiers Fonciers nb_niveau=1)","typologie":"Annexe (non habitée)","typologieSource":"BDNB (Fichiers Fonciers)","eligibiliteFprnm":"Non déterminé - typologie non qualifiée en l'état, à vérifier sur site.","hauteurM":3.3,"isErp":false}},{"type":"Feature","geometry":{"coordinates":[[[1.232642,43.293689],[1.23257,43.29361],[1.232501,43.293646],[1.232574,43.293723],[1.232642,43.293689]]],"type":"Polygon"},"properties":{"id":"BATIMENT0000000073371960","zoneCode":"Rg","zoneLabel":"Rouge mouvement de terrain (glissement)","zoneColor":"#E2001A","concerne":true,"regime":"Constructions nouvelles : Interdites, sauf travaux d'infrastructure publique et exceptions mesurées (extension RDC <20 m² une fois, structures garage/annexe <20 m²). Constructions existantes : Extension <20 m² une fois depuis le 06/02/2018, pas de terrassement créant un dénivelé >0,5 m. Étude géotechnique G2 (norme NF P 94-500) obligatoire avant travaux, sauf exceptions ponctuelles prévues par le règlement.","etudeGeotechniqueG2":true,"diagnostic":"Non concerné (hors zone inondable).","zoneRefuge":"Non applicable (zone hors risque inondation).","refugeCategorie":"Non applicable","zonesIntersectees":"Rg","etagePresent":"Non","etageSource":"estimé par la hauteur du bâti (4.0 m), fiabilité modérée","typologie":"Typologie indéterminée (donnée absente ou non exploitable)","eligibiliteFprnm":"Non déterminé - typologie non qualifiée en l'état, à vérifier sur site.","hauteurM":4.0,"isErp":false}},{"type":"Feature","geometry":{"coordinates":[[[1.229365,43.291874],[1.229238,43.291867],[1.229231,43.291924],[1.229358,43.291931],[1.229365,43.291874]]],"type":"Polygon"},"properties":{"id":"BATIMENT0000000073371981","zoneCode":"Bi","zoneLabel":"Bleue inondation","zoneColor":"#4FA8E0","concerne":true,"regime":"Constructions nouvelles : Autorisées sous prescriptions (plancher au-dessus des PHEC, transparence hydraulique, matériaux les moins vulnérables). Constructions existantes : Extension jusqu'à 30 % de l'emprise existante, une seule fois depuis le 06/02/2018.","etudeGeotechniqueG2":false,"diagnostic":"Non obligatoire pour l'habitat ; auto-diagnostic de vulnérabilité recommandé (à la charge du propriétaire).","zoneRefuge":"Conditionnelle : si le plancher ne peut pas être calé au-dessus des PHEC (impossibilité fonctionnelle dûment justifiée), un niveau refuge adapté est exigé (20 m² minimum pour une habitation, hauteur 1,80 m minimum, un refuge par logement/local, pas de refuge \"collectif\").","refugeCategorie":"Conditionnelle (impossibilité fonctionnelle à justifier)","zonesIntersectees":"Bi","etagePresent":"Non","etageSource":"connu (BD TOPO nombre_d_etages)","typologie":"Annexe (non habitée)","eligibiliteFprnm":"Non déterminé - typologie non qualifiée en l'état, à vérifier sur site.","nbLogements":0,"hauteurM":3.3,"isErp":false}},{"type":"Feature","geometry":{"coordinates":[[[1.228679,43.287492],[1.228687,43.287455],[1.228679,43.287397],[1.228611,43.287389],[1.228603,43.287447],[1.228627,43.287455],[1.228621,43.28749],[1.228679,43.287492]]],"type":"Polygon"},"properties":{"id":"BATIMENT0000000073372001","zoneCode":"Ri","zoneLabel":"Rouge inondation","zoneColor":"#E2001A","concerne":true,"regime":"Constructions nouvelles : Interdites, sauf exceptions très limitées (accès de sécurité, abris légers <20 m² une fois, locaux techniques agricoles, serres tunnel...). Constructions existantes : Extension limitée à 20 % de l'emprise existante, une seule fois depuis le 06/02/2018, plancher au-dessus des PHEC.","etudeGeotechniqueG2":false,"diagnostic":"Non obligatoire pour l'habitat ; auto-diagnostic de vulnérabilité recommandé (à la charge du propriétaire).","zoneRefuge":"Conditionnelle : si le plancher ne peut pas être calé au-dessus des PHEC (impossibilité fonctionnelle dûment justifiée), un niveau refuge adapté est exigé (20 m² minimum pour une habitation, hauteur 1,80 m minimum, un refuge par logement/local, pas de refuge \"collectif\").","refugeCategorie":"Conditionnelle (impossibilité fonctionnelle à justifier)","zonesIntersectees":"Ri","etagePresent":"Non","etageSource":"estimé par la hauteur du bâti (4.9 m), fiabilité modérée","typologie":"Typologie indéterminée (donnée absente ou non exploitable)","eligibiliteFprnm":"Non déterminé - typologie non qualifiée en l'état, à vérifier sur site.","hauteurM":4.9,"isErp":false}},{"type":"Feature","geometry":{"coordinates":[[[1.228958,43.292057],[1.228778,43.292046],[1.228773,43.292094],[1.228751,43.292093],[1.228747,43.292128],[1.228901,43.292136],[1.228903,43.292101],[1.228951,43.292105],[1.228958,43.292057]]],"type":"Polygon"},"properties":{"id":"BATIMENT0000000073372012","zoneCode":"Bi","zoneLabel":"Bleue inondation","zoneColor":"#4FA8E0","concerne":true,"regime":"Constructions nouvelles : Autorisées sous prescriptions (plancher au-dessus des PHEC, transparence hydraulique, matériaux les moins vulnérables). Constructions existantes : Extension jusqu'à 30 % de l'emprise existante, une seule fois depuis le 06/02/2018.","etudeGeotechniqueG2":false,"diagnostic":"Non obligatoire pour l'habitat ; auto-diagnostic de vulnérabilité recommandé (à la charge du propriétaire).","zoneRefuge":"Conditionnelle : si le plancher ne peut pas être calé au-dessus des PHEC (impossibilité fonctionnelle dûment justifiée), un niveau refuge adapté est exigé (20 m² minimum pour une habitation, hauteur 1,80 m minimum, un refuge par logement/local, pas de refuge \"collectif\").","refugeCategorie":"Conditionnelle (impossibilité fonctionnelle à justifier)","zonesIntersectees":"Bi","etagePresent":"Non","etageSource":"estimé par la hauteur du bâti (3.2 m), fiabilité modérée","typologie":"Typologie indéterminée (donnée absente ou non exploitable)","eligibiliteFprnm":"Non déterminé - typologie non qualifiée en l'état, à vérifier sur site.","hauteurM":3.2,"isErp":false}},{"type":"Feature","geometry":{"coordinates":[[[1.230987,43.290757],[1.230454,43.290754],[1.230452,43.290924],[1.230984,43.290927],[1.230987,43.290757]]],"type":"Polygon"},"properties":{"id":"BATIMENT0000000073372022","zoneCode":"Ri","zoneLabel":"Rouge inondation","zoneColor":"#E2001A","concerne":true,"regime":"Constructions nouvelles : Interdites, sauf exceptions très limitées (accès de sécurité, abris légers <20 m² une fois, locaux techniques agricoles, serres tunnel...). Constructions existantes : Extension limitée à 20 % de l'emprise existante, une seule fois depuis le 06/02/2018, plancher au-dessus des PHEC.","etudeGeotechniqueG2":false,"diagnostic":"Non obligatoire pour l'habitat ; auto-diagnostic de vulnérabilité recommandé (à la charge du propriétaire).","zoneRefuge":"Conditionnelle : si le plancher ne peut pas être calé au-dessus des PHEC (impossibilité fonctionnelle dûment justifiée), un niveau refuge adapté est exigé (20 m² minimum pour une habitation, hauteur 1,80 m minimum, un refuge par logement/local, pas de refuge \"collectif\").","refugeCategorie":"Conditionnelle (impossibilité fonctionnelle à justifier)","zonesIntersectees":"Ri","etagePresent":"Oui","etageSource":"estimé par la hauteur du bâti (7.8 m), fiabilité modérée","typologie":"Activité économique","eligibiliteFprnm":"Potentiellement éligible - activité : Fonds Barnier (FPRNM) à 20 % des travaux prescrits si moins de 20 salariés (effectif non déductible des données géographiques, à vérifier), sous réserve d'un bien existant avant le 21/06/2022.","hauteurM":7.8,"isErp":false}},{"type":"Feature","geometry":{"coordinates":[[[1.225593,43.293868],[1.225614,43.293824],[1.225591,43.293813],[1.225563,43.29386],[1.225593,43.293868]]],"type":"Polygon"},"properties":{"id":"BATIMENT0000000073372039","zoneCode":"GHg","zoneLabel":"Grise hachurée (aggravation glissement)","zoneColor":"#6E6E6E","concerne":true,"regime":"Constructions nouvelles : Autorisées, sous prescriptions de gestion des eaux (pas de nouveaux rejets infiltrés, réseaux étanches). Constructions existantes : Prescriptions identiques : maîtrise des rejets, étanchéité en cas de mise en charge des réseaux.","etudeGeotechniqueG2":false,"diagnostic":"Non concerné (hors zone inondable).","zoneRefuge":"Non applicable (zone hors risque inondation).","refugeCategorie":"Non applicable","zonesIntersectees":"GHg","etagePresent":"Non","etageSource":"estimé par la hauteur du bâti (3.1 m), fiabilité modérée","typologie":"Typologie indéterminée (donnée absente ou non exploitable)","eligibiliteFprnm":"Non déterminé - typologie non qualifiée en l'état, à vérifier sur site.","hauteurM":3.1,"isErp":false}},{"type":"Feature","geometry":{"coordinates":[[[1.224915,43.292976],[1.22484,43.292957],[1.224822,43.292996],[1.224895,43.293016],[1.224915,43.292976]]],"type":"Polygon"},"properties":{"id":"BATIMENT0000000073372040","zoneCode":"Ri","zoneLabel":"Rouge inondation","zoneColor":"#E2001A","concerne":true,"regime":"Constructions nouvelles : Interdites, sauf exceptions très limitées (accès de sécurité, abris légers <20 m² une fois, locaux techniques agricoles, serres tunnel...). Constructions existantes : Extension limitée à 20 % de l'emprise existante, une seule fois depuis le 06/02/2018, plancher au-dessus des PHEC.","etudeGeotechniqueG2":false,"diagnostic":"Non obligatoire pour l'habitat ; auto-diagnostic de vulnérabilité recommandé (à la charge du propriétaire).","zoneRefuge":"Conditionnelle : si le plancher ne peut pas être calé au-dessus des PHEC (impossibilité fonctionnelle dûment justifiée), un niveau refuge adapté est exigé (20 m² minimum pour une habitation, hauteur 1,80 m minimum, un refuge par logement/local, pas de refuge \"collectif\").","refugeCategorie":"Conditionnelle (impossibilité fonctionnelle à justifier)","zonesIntersectees":"Ri","etagePresent":"Non","etageSource":"connu (BDNB Fichiers Fonciers nb_niveau=1)","typologie":"Activité économique","typologieSource":"BDNB (Fichiers Fonciers)","eligibiliteFprnm":"Potentiellement éligible - activité : Fonds Barnier (FPRNM) à 20 % des travaux prescrits si moins de 20 salariés (effectif non déductible des données géographiques, à vérifier), sous réserve d'un bien existant avant le 21/06/2022.","hauteurM":3.3,"isErp":false}},{"type":"Feature","geometry":{"coordinates":[[[1.224265,43.292069],[1.224267,43.292005],[1.224223,43.292004],[1.224221,43.292069],[1.224265,43.292069]]],"type":"Polygon"},"properties":{"id":"BATIMENT0000000073372048","zoneCode":"Ri","zoneLabel":"Rouge inondation","zoneColor":"#E2001A","concerne":true,"regime":"Constructions nouvelles : Interdites, sauf exceptions très limitées (accès de sécurité, abris légers <20 m² une fois, locaux techniques agricoles, serres tunnel...). Constructions existantes : Extension limitée à 20 % de l'emprise existante, une seule fois depuis le 06/02/2018, plancher au-dessus des PHEC.","etudeGeotechniqueG2":false,"diagnostic":"Non obligatoire pour l'habitat ; auto-diagnostic de vulnérabilité recommandé (à la charge du propriétaire).","zoneRefuge":"Conditionnelle : si le plancher ne peut pas être calé au-dessus des PHEC (impossibilité fonctionnelle dûment justifiée), un niveau refuge adapté est exigé (20 m² minimum pour une habitation, hauteur 1,80 m minimum, un refuge par logement/local, pas de refuge \"collectif\").","refugeCategorie":"Conditionnelle (impossibilité fonctionnelle à justifier)","zonesIntersectees":"Ri","etagePresent":"Non","etageSource":"estimé par la hauteur du bâti (3.5 m), fiabilité modérée","typologie":"Typologie indéterminée (donnée absente ou non exploitable)","eligibiliteFprnm":"Non déterminé - typologie non qualifiée en l'état, à vérifier sur site.","hauteurM":3.5,"isErp":false}},{"type":"Feature","geometry":{"coordinates":[[[1.225548,43.2921],[1.225463,43.292096],[1.225459,43.292131],[1.225543,43.292136],[1.225548,43.2921]]],"type":"Polygon"},"properties":{"id":"BATIMENT0000000073372050","zoneCode":"Ri","zoneLabel":"Rouge inondation","zoneColor":"#E2001A","concerne":true,"regime":"Constructions nouvelles : Interdites, sauf exceptions très limitées (accès de sécurité, abris légers <20 m² une fois, locaux techniques agricoles, serres tunnel...). Constructions existantes : Extension limitée à 20 % de l'emprise existante, une seule fois depuis le 06/02/2018, plancher au-dessus des PHEC.","etudeGeotechniqueG2":false,"diagnostic":"Non obligatoire pour l'habitat ; auto-diagnostic de vulnérabilité recommandé (à la charge du propriétaire).","zoneRefuge":"Conditionnelle : si le plancher ne peut pas être calé au-dessus des PHEC (impossibilité fonctionnelle dûment justifiée), un niveau refuge adapté est exigé (20 m² minimum pour une habitation, hauteur 1,80 m minimum, un refuge par logement/local, pas de refuge \"collectif\").","refugeCategorie":"Conditionnelle (impossibilité fonctionnelle à justifier)","zonesIntersectees":"Ri","etagePresent":"Non","etageSource":"estimé par la hauteur du bâti (3.4 m), fiabilité modérée","typologie":"Typologie indéterminée (donnée absente ou non exploitable)","eligibiliteFprnm":"Non déterminé - typologie non qualifiée en l'état, à vérifier sur site.","hauteurM":3.4,"isErp":false}},{"type":"Feature","geometry":{"coordinates":[[[1.223893,43.291525],[1.224095,43.29151],[1.224102,43.291564],[1.224048,43.291569],[1.224052,43.291594],[1.223905,43.291605],[1.223893,43.291525]]],"type":"Polygon"},"properties":{"id":"BATIMENT0000000073372051","zoneCode":"Ri","zoneLabel":"Rouge inondation","zoneColor":"#E2001A","concerne":true,"regime":"Constructions nouvelles : Interdites, sauf exceptions très limitées (accès de sécurité, abris légers <20 m² une fois, locaux techniques agricoles, serres tunnel...). Constructions existantes : Extension limitée à 20 % de l'emprise existante, une seule fois depuis le 06/02/2018, plancher au-dessus des PHEC.","etudeGeotechniqueG2":false,"diagnostic":"Non obligatoire pour l'habitat ; auto-diagnostic de vulnérabilité recommandé (à la charge du propriétaire).","zoneRefuge":"Conditionnelle : si le plancher ne peut pas être calé au-dessus des PHEC (impossibilité fonctionnelle dûment justifiée), un niveau refuge adapté est exigé (20 m² minimum pour une habitation, hauteur 1,80 m minimum, un refuge par logement/local, pas de refuge \"collectif\").","refugeCategorie":"Conditionnelle (impossibilité fonctionnelle à justifier)","zonesIntersectees":"Ri","etagePresent":"Non","etageSource":"estimé par la hauteur du bâti (4.9 m), fiabilité modérée","typologie":"Typologie indéterminée (donnée absente ou non exploitable)","eligibiliteFprnm":"Non déterminé - typologie non qualifiée en l'état, à vérifier sur site.","hauteurM":4.9,"isErp":false}},{"type":"Feature","geometry":{"coordinates":[[[1.223147,43.291548],[1.223134,43.291472],[1.223085,43.291476],[1.223093,43.29153],[1.22301,43.291538],[1.223013,43.291559],[1.223147,43.291548]]],"type":"Polygon"},"properties":{"id":"BATIMENT0000000073372052","zoneCode":"Ri","zoneLabel":"Rouge inondation","zoneColor":"#E2001A","concerne":true,"regime":"Constructions nouvelles : Interdites, sauf exceptions très limitées (accès de sécurité, abris légers <20 m² une fois, locaux techniques agricoles, serres tunnel...). Constructions existantes : Extension limitée à 20 % de l'emprise existante, une seule fois depuis le 06/02/2018, plancher au-dessus des PHEC.","etudeGeotechniqueG2":false,"diagnostic":"Non obligatoire pour l'habitat ; auto-diagnostic de vulnérabilité recommandé (à la charge du propriétaire).","zoneRefuge":"Conditionnelle : si le plancher ne peut pas être calé au-dessus des PHEC (impossibilité fonctionnelle dûment justifiée), un niveau refuge adapté est exigé (20 m² minimum pour une habitation, hauteur 1,80 m minimum, un refuge par logement/local, pas de refuge \"collectif\").","refugeCategorie":"Conditionnelle (impossibilité fonctionnelle à justifier)","zonesIntersectees":"Ri","etagePresent":"Non","etageSource":"estimé par la hauteur du bâti (3.9 m), fiabilité modérée","typologie":"Typologie indéterminée (donnée absente ou non exploitable)","eligibiliteFprnm":"Non déterminé - typologie non qualifiée en l'état, à vérifier sur site.","hauteurM":3.9,"isErp":false}},{"type":"Feature","geometry":{"coordinates":[[[1.217698,43.28934],[1.217647,43.28943],[1.21759,43.289412],[1.217577,43.289434],[1.21754,43.289422],[1.217603,43.289312],[1.217698,43.28934]]],"type":"Polygon"},"properties":{"id":"BATIMENT0000000073372054","zoneCode":"Ri","zoneLabel":"Rouge inondation","zoneColor":"#E2001A","concerne":true,"regime":"Constructions nouvelles : Interdites, sauf exceptions très limitées (accès de sécurité, abris légers <20 m² une fois, locaux techniques agricoles, serres tunnel...). Constructions existantes : Extension limitée à 20 % de l'emprise existante, une seule fois depuis le 06/02/2018, plancher au-dessus des PHEC.","etudeGeotechniqueG2":false,"diagnostic":"Non obligatoire pour l'habitat ; auto-diagnostic de vulnérabilité recommandé (à la charge du propriétaire).","zoneRefuge":"Conditionnelle : si le plancher ne peut pas être calé au-dessus des PHEC (impossibilité fonctionnelle dûment justifiée), un niveau refuge adapté est exigé (20 m² minimum pour une habitation, hauteur 1,80 m minimum, un refuge par logement/local, pas de refuge \"collectif\").","refugeCategorie":"Conditionnelle (impossibilité fonctionnelle à justifier)","zonesIntersectees":"Ri","etagePresent":"Oui","etageSource":"estimé par la hauteur du bâti (7.9 m), fiabilité modérée","typologie":"Typologie indéterminée (donnée absente ou non exploitable)","eligibiliteFprnm":"Non déterminé - typologie non qualifiée en l'état, à vérifier sur site.","hauteurM":7.9,"isErp":false}},{"type":"Feature","geometry":{"coordinates":[[[1.217744,43.292048],[1.217555,43.292045],[1.217552,43.292232],[1.217671,43.292233],[1.217674,43.292188],[1.217742,43.292188],[1.217744,43.292048]]],"type":"Polygon"},"properties":{"id":"BATIMENT0000000073372055","zoneCode":"Bi","zoneLabel":"Bleue inondation","zoneColor":"#4FA8E0","concerne":true,"regime":"Constructions nouvelles : Autorisées sous prescriptions (plancher au-dessus des PHEC, transparence hydraulique, matériaux les moins vulnérables). Constructions existantes : Extension jusqu'à 30 % de l'emprise existante, une seule fois depuis le 06/02/2018.","etudeGeotechniqueG2":false,"diagnostic":"Non obligatoire pour l'habitat ; auto-diagnostic de vulnérabilité recommandé (à la charge du propriétaire).","zoneRefuge":"Conditionnelle : si le plancher ne peut pas être calé au-dessus des PHEC (impossibilité fonctionnelle dûment justifiée), un niveau refuge adapté est exigé (20 m² minimum pour une habitation, hauteur 1,80 m minimum, un refuge par logement/local, pas de refuge \"collectif\").","refugeCategorie":"Conditionnelle (impossibilité fonctionnelle à justifier)","zonesIntersectees":"Bi","etagePresent":"Oui","etageSource":"connu (BDNB Fichiers Fonciers nb_niveau=2)","typologie":"Activité économique","eligibiliteFprnm":"Potentiellement éligible - activité : Fonds Barnier (FPRNM) à 20 % des travaux prescrits si moins de 20 salariés (effectif non déductible des données géographiques, à vérifier), sous réserve d'un bien existant avant le 21/06/2022.","nbLogements":0,"hauteurM":5.5,"isErp":false}},{"type":"Feature","geometry":{"coordinates":[[[1.222814,43.292521],[1.222754,43.2925],[1.22274,43.292524],[1.222798,43.292545],[1.222814,43.292521]]],"type":"Polygon"},"properties":{"id":"BATIMENT0000000073372064","zoneCode":"Ri","zoneLabel":"Rouge inondation","zoneColor":"#E2001A","concerne":true,"regime":"Constructions nouvelles : Interdites, sauf exceptions très limitées (accès de sécurité, abris légers <20 m² une fois, locaux techniques agricoles, serres tunnel...). Constructions existantes : Extension limitée à 20 % de l'emprise existante, une seule fois depuis le 06/02/2018, plancher au-dessus des PHEC.","etudeGeotechniqueG2":false,"diagnostic":"Non obligatoire pour l'habitat ; auto-diagnostic de vulnérabilité recommandé (à la charge du propriétaire).","zoneRefuge":"Conditionnelle : si le plancher ne peut pas être calé au-dessus des PHEC (impossibilité fonctionnelle dûment justifiée), un niveau refuge adapté est exigé (20 m² minimum pour une habitation, hauteur 1,80 m minimum, un refuge par logement/local, pas de refuge \"collectif\").","refugeCategorie":"Conditionnelle (impossibilité fonctionnelle à justifier)","zonesIntersectees":"Ri","etagePresent":"Non","etageSource":"estimé par la hauteur du bâti (4.0 m), fiabilité modérée","typologie":"Typologie indéterminée (donnée absente ou non exploitable)","eligibiliteFprnm":"Non déterminé - typologie non qualifiée en l'état, à vérifier sur site.","hauteurM":4.0,"isErp":false}},{"type":"Feature","geometry":{"coordinates":[[[1.222057,43.292306],[1.221975,43.292284],[1.22195,43.292333],[1.222061,43.292362],[1.222069,43.292346],[1.222041,43.292339],[1.222057,43.292306]]],"type":"Polygon"},"properties":{"id":"BATIMENT0000000073372065","zoneCode":"Ri","zoneLabel":"Rouge inondation","zoneColor":"#E2001A","concerne":true,"regime":"Constructions nouvelles : Interdites, sauf exceptions très limitées (accès de sécurité, abris légers <20 m² une fois, locaux techniques agricoles, serres tunnel...). Constructions existantes : Extension limitée à 20 % de l'emprise existante, une seule fois depuis le 06/02/2018, plancher au-dessus des PHEC.","etudeGeotechniqueG2":false,"diagnostic":"Non obligatoire pour l'habitat ; auto-diagnostic de vulnérabilité recommandé (à la charge du propriétaire).","zoneRefuge":"Conditionnelle : si le plancher ne peut pas être calé au-dessus des PHEC (impossibilité fonctionnelle dûment justifiée), un niveau refuge adapté est exigé (20 m² minimum pour une habitation, hauteur 1,80 m minimum, un refuge par logement/local, pas de refuge \"collectif\").","refugeCategorie":"Conditionnelle (impossibilité fonctionnelle à justifier)","zonesIntersectees":"Ri","etagePresent":"Non","etageSource":"connu (BD TOPO nombre_d_etages)","typologie":"Maison individuelle","eligibiliteFprnm":"Éligible - habitation : Fonds Barnier (FPRNM) à 80 % des travaux de prévention prescrits par le PPRN, plafond légal national, sous réserve d'un bien existant avant le 21/06/2022.","nbLogements":1,"hauteurM":3.7,"isErp":false}},{"type":"Feature","geometry":{"coordinates":[[[1.222221,43.293533],[1.222133,43.293475],[1.22207,43.293526],[1.222096,43.293544],[1.222121,43.293522],[1.222184,43.293563],[1.222221,43.293533]]],"type":"Polygon"},"properties":{"id":"BATIMENT0000000073372067","zoneCode":"Ri","zoneLabel":"Rouge inondation","zoneColor":"#E2001A","concerne":true,"regime":"Constructions nouvelles : Interdites, sauf exceptions très limitées (accès de sécurité, abris légers <20 m² une fois, locaux techniques agricoles, serres tunnel...). Constructions existantes : Extension limitée à 20 % de l'emprise existante, une seule fois depuis le 06/02/2018, plancher au-dessus des PHEC.","etudeGeotechniqueG2":false,"diagnostic":"Non obligatoire pour l'habitat ; auto-diagnostic de vulnérabilité recommandé (à la charge du propriétaire).","zoneRefuge":"Conditionnelle : si le plancher ne peut pas être calé au-dessus des PHEC (impossibilité fonctionnelle dûment justifiée), un niveau refuge adapté est exigé (20 m² minimum pour une habitation, hauteur 1,80 m minimum, un refuge par logement/local, pas de refuge \"collectif\").","refugeCategorie":"Conditionnelle (impossibilité fonctionnelle à justifier)","zonesIntersectees":"Ri","etagePresent":"Non","etageSource":"estimé par la hauteur du bâti (3.5 m), fiabilité modérée","typologie":"Typologie indéterminée (donnée absente ou non exploitable)","eligibiliteFprnm":"Non déterminé - typologie non qualifiée en l'état, à vérifier sur site.","hauteurM":3.5,"isErp":false}},{"type":"Feature","geometry":{"coordinates":[[[1.222941,43.293266],[1.22288,43.293221],[1.222855,43.293239],[1.222915,43.293284],[1.222941,43.293266]]],"type":"Polygon"},"properties":{"id":"BATIMENT0000000073372069","zoneCode":"Ri","zoneLabel":"Rouge inondation","zoneColor":"#E2001A","concerne":true,"regime":"Constructions nouvelles : Interdites, sauf exceptions très limitées (accès de sécurité, abris légers <20 m² une fois, locaux techniques agricoles, serres tunnel...). Constructions existantes : Extension limitée à 20 % de l'emprise existante, une seule fois depuis le 06/02/2018, plancher au-dessus des PHEC.","etudeGeotechniqueG2":false,"diagnostic":"Non obligatoire pour l'habitat ; auto-diagnostic de vulnérabilité recommandé (à la charge du propriétaire).","zoneRefuge":"Conditionnelle : si le plancher ne peut pas être calé au-dessus des PHEC (impossibilité fonctionnelle dûment justifiée), un niveau refuge adapté est exigé (20 m² minimum pour une habitation, hauteur 1,80 m minimum, un refuge par logement/local, pas de refuge \"collectif\").","refugeCategorie":"Conditionnelle (impossibilité fonctionnelle à justifier)","zonesIntersectees":"Ri","etagePresent":"Non","etageSource":"estimé par la hauteur du bâti (3.4 m), fiabilité modérée","typologie":"Typologie indéterminée (donnée absente ou non exploitable)","eligibiliteFprnm":"Non déterminé - typologie non qualifiée en l'état, à vérifier sur site.","hauteurM":3.4,"isErp":false}},{"type":"Feature","geometry":{"coordinates":[[[1.219314,43.292412],[1.219106,43.292378],[1.219095,43.292409],[1.219303,43.292443],[1.219314,43.292412]]],"type":"Polygon"},"properties":{"id":"BATIMENT0000000073372076","zoneCode":"Ri","zoneLabel":"Rouge inondation","zoneColor":"#E2001A","concerne":true,"regime":"Constructions nouvelles : Interdites, sauf exceptions très limitées (accès de sécurité, abris légers <20 m² une fois, locaux techniques agricoles, serres tunnel...). Constructions existantes : Extension limitée à 20 % de l'emprise existante, une seule fois depuis le 06/02/2018, plancher au-dessus des PHEC.","etudeGeotechniqueG2":false,"diagnostic":"Non obligatoire pour l'habitat ; auto-diagnostic de vulnérabilité recommandé (à la charge du propriétaire).","zoneRefuge":"Conditionnelle : si le plancher ne peut pas être calé au-dessus des PHEC (impossibilité fonctionnelle dûment justifiée), un niveau refuge adapté est exigé (20 m² minimum pour une habitation, hauteur 1,80 m minimum, un refuge par logement/local, pas de refuge \"collectif\").","refugeCategorie":"Conditionnelle (impossibilité fonctionnelle à justifier)","zonesIntersectees":"Ri","etagePresent":"Non","etageSource":"estimé par la hauteur du bâti (3.5 m), fiabilité modérée","typologie":"Typologie indéterminée (donnée absente ou non exploitable)","eligibiliteFprnm":"Non déterminé - typologie non qualifiée en l'état, à vérifier sur site.","hauteurM":3.5,"isErp":false}},{"type":"Feature","geometry":{"coordinates":[[[1.223819,43.291688],[1.223793,43.291479],[1.223738,43.291484],[1.223763,43.291691],[1.223819,43.291688]]],"type":"Polygon"},"properties":{"id":"BATIMENT0000000073372081","zoneCode":"Ri","zoneLabel":"Rouge inondation","zoneColor":"#E2001A","concerne":true,"regime":"Constructions nouvelles : Interdites, sauf exceptions très limitées (accès de sécurité, abris légers <20 m² une fois, locaux techniques agricoles, serres tunnel...). Constructions existantes : Extension limitée à 20 % de l'emprise existante, une seule fois depuis le 06/02/2018, plancher au-dessus des PHEC.","etudeGeotechniqueG2":false,"diagnostic":"Non obligatoire pour l'habitat ; auto-diagnostic de vulnérabilité recommandé (à la charge du propriétaire).","zoneRefuge":"Conditionnelle : si le plancher ne peut pas être calé au-dessus des PHEC (impossibilité fonctionnelle dûment justifiée), un niveau refuge adapté est exigé (20 m² minimum pour une habitation, hauteur 1,80 m minimum, un refuge par logement/local, pas de refuge \"collectif\").","refugeCategorie":"Conditionnelle (impossibilité fonctionnelle à justifier)","zonesIntersectees":"Ri","etagePresent":"Non","etageSource":"estimé par la hauteur du bâti (4.3 m), fiabilité modérée","typologie":"Typologie indéterminée (donnée absente ou non exploitable)","eligibiliteFprnm":"Non déterminé - typologie non qualifiée en l'état, à vérifier sur site.","hauteurM":4.3,"isErp":false}},{"type":"Feature","geometry":{"coordinates":[[[1.225234,43.291769],[1.22524,43.291687],[1.225189,43.291685],[1.225182,43.291768],[1.225234,43.291769]]],"type":"Polygon"},"properties":{"id":"BATIMENT0000000073372084","zoneCode":"Ri","zoneLabel":"Rouge inondation","zoneColor":"#E2001A","concerne":true,"regime":"Constructions nouvelles : Interdites, sauf exceptions très limitées (accès de sécurité, abris légers <20 m² une fois, locaux techniques agricoles, serres tunnel...). Constructions existantes : Extension limitée à 20 % de l'emprise existante, une seule fois depuis le 06/02/2018, plancher au-dessus des PHEC.","etudeGeotechniqueG2":false,"diagnostic":"Non obligatoire pour l'habitat ; auto-diagnostic de vulnérabilité recommandé (à la charge du propriétaire).","zoneRefuge":"Conditionnelle : si le plancher ne peut pas être calé au-dessus des PHEC (impossibilité fonctionnelle dûment justifiée), un niveau refuge adapté est exigé (20 m² minimum pour une habitation, hauteur 1,80 m minimum, un refuge par logement/local, pas de refuge \"collectif\").","refugeCategorie":"Conditionnelle (impossibilité fonctionnelle à justifier)","zonesIntersectees":"Ri","etagePresent":"Non","etageSource":"estimé par la hauteur du bâti (3.7 m), fiabilité modérée","typologie":"Typologie indéterminée (donnée absente ou non exploitable)","eligibiliteFprnm":"Non déterminé - typologie non qualifiée en l'état, à vérifier sur site.","hauteurM":3.7,"isErp":false}},{"type":"Feature","geometry":{"coordinates":[[[1.224085,43.291402],[1.223916,43.291406],[1.223917,43.291447],[1.224086,43.291442],[1.224085,43.291402]]],"type":"Polygon"},"properties":{"id":"BATIMENT0000000073372085","zoneCode":"Ri","zoneLabel":"Rouge inondation","zoneColor":"#E2001A","concerne":true,"regime":"Constructions nouvelles : Interdites, sauf exceptions très limitées (accès de sécurité, abris légers <20 m² une fois, locaux techniques agricoles, serres tunnel...). Constructions existantes : Extension limitée à 20 % de l'emprise existante, une seule fois depuis le 06/02/2018, plancher au-dessus des PHEC.","etudeGeotechniqueG2":false,"diagnostic":"Non obligatoire pour l'habitat ; auto-diagnostic de vulnérabilité recommandé (à la charge du propriétaire).","zoneRefuge":"Conditionnelle : si le plancher ne peut pas être calé au-dessus des PHEC (impossibilité fonctionnelle dûment justifiée), un niveau refuge adapté est exigé (20 m² minimum pour une habitation, hauteur 1,80 m minimum, un refuge par logement/local, pas de refuge \"collectif\").","refugeCategorie":"Conditionnelle (impossibilité fonctionnelle à justifier)","zonesIntersectees":"Ri","etagePresent":"Non","etageSource":"estimé par la hauteur du bâti (4.2 m), fiabilité modérée","typologie":"Typologie indéterminée (donnée absente ou non exploitable)","eligibiliteFprnm":"Non déterminé - typologie non qualifiée en l'état, à vérifier sur site.","hauteurM":4.2,"isErp":false}},{"type":"Feature","geometry":{"coordinates":[[[1.221572,43.292139],[1.221476,43.29212],[1.221448,43.292191],[1.221543,43.292213],[1.221572,43.292139]]],"type":"Polygon"},"properties":{"id":"BATIMENT0000000073372089","zoneCode":"Ri","zoneLabel":"Rouge inondation","zoneColor":"#E2001A","concerne":true,"regime":"Constructions nouvelles : Interdites, sauf exceptions très limitées (accès de sécurité, abris légers <20 m² une fois, locaux techniques agricoles, serres tunnel...). Constructions existantes : Extension limitée à 20 % de l'emprise existante, une seule fois depuis le 06/02/2018, plancher au-dessus des PHEC.","etudeGeotechniqueG2":false,"diagnostic":"Non obligatoire pour l'habitat ; auto-diagnostic de vulnérabilité recommandé (à la charge du propriétaire).","zoneRefuge":"Conditionnelle : si le plancher ne peut pas être calé au-dessus des PHEC (impossibilité fonctionnelle dûment justifiée), un niveau refuge adapté est exigé (20 m² minimum pour une habitation, hauteur 1,80 m minimum, un refuge par logement/local, pas de refuge \"collectif\").","refugeCategorie":"Conditionnelle (impossibilité fonctionnelle à justifier)","zonesIntersectees":"Ri","etagePresent":"Non","etageSource":"estimé par la hauteur du bâti (3.5 m), fiabilité modérée","typologie":"Typologie indéterminée (donnée absente ou non exploitable)","eligibiliteFprnm":"Non déterminé - typologie non qualifiée en l'état, à vérifier sur site.","hauteurM":3.5,"isErp":false}},{"type":"Feature","geometry":{"coordinates":[[[1.217924,43.292743],[1.217925,43.292427],[1.217844,43.292425],[1.217843,43.292497],[1.217817,43.292497],[1.217817,43.292743],[1.217924,43.292743]]],"type":"Polygon"},"properties":{"id":"BATIMENT0000000073372095","zoneCode":"Bi","zoneLabel":"Bleue inondation","zoneColor":"#4FA8E0","concerne":true,"regime":"Constructions nouvelles : Autorisées sous prescriptions (plancher au-dessus des PHEC, transparence hydraulique, matériaux les moins vulnérables). Constructions existantes : Extension jusqu'à 30 % de l'emprise existante, une seule fois depuis le 06/02/2018.","etudeGeotechniqueG2":false,"diagnostic":"Non obligatoire pour l'habitat ; auto-diagnostic de vulnérabilité recommandé (à la charge du propriétaire).","zoneRefuge":"Conditionnelle : si le plancher ne peut pas être calé au-dessus des PHEC (impossibilité fonctionnelle dûment justifiée), un niveau refuge adapté est exigé (20 m² minimum pour une habitation, hauteur 1,80 m minimum, un refuge par logement/local, pas de refuge \"collectif\").","refugeCategorie":"Conditionnelle (impossibilité fonctionnelle à justifier)","zonesIntersectees":"Bi","etagePresent":"Non","etageSource":"connu (BDNB Fichiers Fonciers nb_niveau=1)","typologie":"Maison individuelle","typologieSource":"BDNB (Fichiers Fonciers)","eligibiliteFprnm":"Éligible - habitation : Fonds Barnier (FPRNM) à 80 % des travaux de prévention prescrits par le PPRN, plafond légal national, sous réserve d'un bien existant avant le 21/06/2022.","hauteurM":4.1,"isErp":false}},{"type":"Feature","geometry":{"coordinates":[[[1.22349,43.292531],[1.223422,43.292531],[1.223421,43.292487],[1.223489,43.292485],[1.22349,43.292531]]],"type":"Polygon"},"properties":{"id":"BATIMENT0000000073372096","zoneCode":"Ri","zoneLabel":"Rouge inondation","zoneColor":"#E2001A","concerne":true,"regime":"Constructions nouvelles : Interdites, sauf exceptions très limitées (accès de sécurité, abris légers <20 m² une fois, locaux techniques agricoles, serres tunnel...). Constructions existantes : Extension limitée à 20 % de l'emprise existante, une seule fois depuis le 06/02/2018, plancher au-dessus des PHEC.","etudeGeotechniqueG2":false,"diagnostic":"Non obligatoire pour l'habitat ; auto-diagnostic de vulnérabilité recommandé (à la charge du propriétaire).","zoneRefuge":"Conditionnelle : si le plancher ne peut pas être calé au-dessus des PHEC (impossibilité fonctionnelle dûment justifiée), un niveau refuge adapté est exigé (20 m² minimum pour une habitation, hauteur 1,80 m minimum, un refuge par logement/local, pas de refuge \"collectif\").","refugeCategorie":"Conditionnelle (impossibilité fonctionnelle à justifier)","zonesIntersectees":"Ri","etagePresent":"Non","etageSource":"estimé par la hauteur du bâti (3.2 m), fiabilité modérée","typologie":"Typologie indéterminée (donnée absente ou non exploitable)","eligibiliteFprnm":"Non déterminé - typologie non qualifiée en l'état, à vérifier sur site.","hauteurM":3.2,"isErp":false}},{"type":"Feature","geometry":{"coordinates":[[[1.225145,43.293393],[1.225185,43.293308],[1.224651,43.293171],[1.224559,43.293364],[1.225099,43.293508],[1.225145,43.293393]]],"type":"Polygon"},"properties":{"id":"BATIMENT0000000073372097","zoneCode":"Ri","zoneLabel":"Rouge inondation","zoneColor":"#E2001A","concerne":true,"regime":"Constructions nouvelles : Interdites, sauf exceptions très limitées (accès de sécurité, abris légers <20 m² une fois, locaux techniques agricoles, serres tunnel...). Constructions existantes : Extension limitée à 20 % de l'emprise existante, une seule fois depuis le 06/02/2018, plancher au-dessus des PHEC.","etudeGeotechniqueG2":false,"diagnostic":"Non obligatoire pour l'habitat ; auto-diagnostic de vulnérabilité recommandé (à la charge du propriétaire).","zoneRefuge":"Conditionnelle : si le plancher ne peut pas être calé au-dessus des PHEC (impossibilité fonctionnelle dûment justifiée), un niveau refuge adapté est exigé (20 m² minimum pour une habitation, hauteur 1,80 m minimum, un refuge par logement/local, pas de refuge \"collectif\").","refugeCategorie":"Conditionnelle (impossibilité fonctionnelle à justifier)","zonesIntersectees":"GHi;Ri","etagePresent":"Oui","etageSource":"étage retenu par prudence (1 niveau(x) déclaré(s), incohérent avec la hauteur mesurée 13.9 m > seuil 5.30 m)","typologie":"Activité économique","eligibiliteFprnm":"Potentiellement éligible - activité : Fonds Barnier (FPRNM) à 20 % des travaux prescrits si moins de 20 salariés (effectif non déductible des données géographiques, à vérifier), sous réserve d'un bien existant avant le 21/06/2022.","nbLogements":0,"hauteurM":13.9,"isErp":false}},{"type":"Feature","geometry":{"coordinates":[[[1.217287,43.291829],[1.217115,43.291817],[1.217104,43.291903],[1.217276,43.291916],[1.217287,43.291829]]],"type":"Polygon"},"properties":{"id":"BATIMENT0000000073372108","zoneCode":"Bi","zoneLabel":"Bleue inondation","zoneColor":"#4FA8E0","concerne":true,"regime":"Constructions nouvelles : Autorisées sous prescriptions (plancher au-dessus des PHEC, transparence hydraulique, matériaux les moins vulnérables). Constructions existantes : Extension jusqu'à 30 % de l'emprise existante, une seule fois depuis le 06/02/2018.","etudeGeotechniqueG2":false,"diagnostic":"Non obligatoire pour l'habitat ; auto-diagnostic de vulnérabilité recommandé (à la charge du propriétaire).","zoneRefuge":"Conditionnelle : si le plancher ne peut pas être calé au-dessus des PHEC (impossibilité fonctionnelle dûment justifiée), un niveau refuge adapté est exigé (20 m² minimum pour une habitation, hauteur 1,80 m minimum, un refuge par logement/local, pas de refuge \"collectif\").","refugeCategorie":"Conditionnelle (impossibilité fonctionnelle à justifier)","zonesIntersectees":"Bi;GHi","etagePresent":"Non","etageSource":"connu (BDNB Fichiers Fonciers nb_niveau=1)","typologie":"Annexe (non habitée)","eligibiliteFprnm":"Non déterminé - typologie non qualifiée en l'état, à vérifier sur site.","nbLogements":0,"hauteurM":3.8,"isErp":false}},{"type":"Feature","geometry":{"coordinates":[[[1.218162,43.292015],[1.218172,43.291885],[1.218063,43.29188],[1.218053,43.292009],[1.218162,43.292015]]],"type":"Polygon"},"properties":{"id":"BATIMENT0000000073372111","zoneCode":"Bi","zoneLabel":"Bleue inondation","zoneColor":"#4FA8E0","concerne":true,"regime":"Constructions nouvelles : Autorisées sous prescriptions (plancher au-dessus des PHEC, transparence hydraulique, matériaux les moins vulnérables). Constructions existantes : Extension jusqu'à 30 % de l'emprise existante, une seule fois depuis le 06/02/2018.","etudeGeotechniqueG2":false,"diagnostic":"Non obligatoire pour l'habitat ; auto-diagnostic de vulnérabilité recommandé (à la charge du propriétaire).","zoneRefuge":"Conditionnelle : si le plancher ne peut pas être calé au-dessus des PHEC (impossibilité fonctionnelle dûment justifiée), un niveau refuge adapté est exigé (20 m² minimum pour une habitation, hauteur 1,80 m minimum, un refuge par logement/local, pas de refuge \"collectif\").","refugeCategorie":"Conditionnelle (impossibilité fonctionnelle à justifier)","zonesIntersectees":"Bi","etagePresent":"Non","etageSource":"connu (BD TOPO nombre_d_etages)","typologie":"Maison individuelle","eligibiliteFprnm":"Éligible - habitation : Fonds Barnier (FPRNM) à 80 % des travaux de prévention prescrits par le PPRN, plafond légal national, sous réserve d'un bien existant avant le 21/06/2022.","nbLogements":1,"hauteurM":4.0,"isErp":false}},{"type":"Feature","geometry":{"coordinates":[[[1.219216,43.291483],[1.219245,43.291408],[1.219196,43.291398],[1.219167,43.291474],[1.219216,43.291483]]],"type":"Polygon"},"properties":{"id":"BATIMENT0000000073372114","zoneCode":"Ri","zoneLabel":"Rouge inondation","zoneColor":"#E2001A","concerne":true,"regime":"Constructions nouvelles : Interdites, sauf exceptions très limitées (accès de sécurité, abris légers <20 m² une fois, locaux techniques agricoles, serres tunnel...). Constructions existantes : Extension limitée à 20 % de l'emprise existante, une seule fois depuis le 06/02/2018, plancher au-dessus des PHEC.","etudeGeotechniqueG2":false,"diagnostic":"Non obligatoire pour l'habitat ; auto-diagnostic de vulnérabilité recommandé (à la charge du propriétaire).","zoneRefuge":"Conditionnelle : si le plancher ne peut pas être calé au-dessus des PHEC (impossibilité fonctionnelle dûment justifiée), un niveau refuge adapté est exigé (20 m² minimum pour une habitation, hauteur 1,80 m minimum, un refuge par logement/local, pas de refuge \"collectif\").","refugeCategorie":"Conditionnelle (impossibilité fonctionnelle à justifier)","zonesIntersectees":"Ri","etagePresent":"Non","etageSource":"connu (BD TOPO nombre_d_etages)","typologie":"Annexe (non habitée)","eligibiliteFprnm":"Non déterminé - typologie non qualifiée en l'état, à vérifier sur site.","nbLogements":0,"hauteurM":4.9,"isErp":false}},{"type":"Feature","geometry":{"coordinates":[[[1.210793,43.290603],[1.21074,43.29057],[1.210708,43.290597],[1.210551,43.290499],[1.210456,43.290581],[1.210541,43.290633],[1.210557,43.290619],[1.210587,43.290637],[1.210606,43.29062],[1.210669,43.290658],[1.210688,43.290641],[1.210725,43.290662],[1.210793,43.290603]]],"type":"Polygon"},"properties":{"id":"BATIMENT0000000073372128","zoneCode":"Re","zoneLabel":"Rouge mouvement de terrain (recul de berge)","zoneColor":"#D62839","concerne":true,"regime":"Constructions nouvelles : Interdites, sauf travaux d'infrastructure publique et exceptions mesurées (extension RDC <20 m² une fois, structures garage/annexe <20 m²). Constructions existantes : Extension <20 m² une fois depuis le 06/02/2018, pas de terrassement créant un dénivelé >0,5 m. Étude géotechnique G2 (norme NF P 94-500) obligatoire avant travaux, sauf exceptions ponctuelles prévues par le règlement.","etudeGeotechniqueG2":true,"diagnostic":"Non concerné (hors zone inondable).","zoneRefuge":"Non applicable (zone hors risque inondation).","refugeCategorie":"Non applicable","zonesIntersectees":"BFe;Re","etagePresent":"Oui","etageSource":"étage retenu par prudence (1 niveau(x) déclaré(s), incohérent avec la hauteur mesurée 7.1 m > seuil 5.30 m)","typologie":"Logement collectif (3 logements)","eligibiliteFprnm":"Éligible - habitation : Fonds Barnier (FPRNM) à 80 % des travaux de prévention prescrits par le PPRN, plafond légal national, sous réserve d'un bien existant avant le 21/06/2022.","nbLogements":3,"hauteurM":7.1,"isErp":false}},{"type":"Feature","geometry":{"coordinates":[[[1.197489,43.280922],[1.197401,43.28088],[1.197339,43.280952],[1.197427,43.280993],[1.197489,43.280922]]],"type":"Polygon"},"properties":{"id":"BATIMENT0000000073373899","zoneCode":"Ri","zoneLabel":"Rouge inondation","zoneColor":"#E2001A","concerne":true,"regime":"Constructions nouvelles : Interdites, sauf exceptions très limitées (accès de sécurité, abris légers <20 m² une fois, locaux techniques agricoles, serres tunnel...). Constructions existantes : Extension limitée à 20 % de l'emprise existante, une seule fois depuis le 06/02/2018, plancher au-dessus des PHEC.","etudeGeotechniqueG2":false,"diagnostic":"Non obligatoire pour l'habitat ; auto-diagnostic de vulnérabilité recommandé (à la charge du propriétaire).","zoneRefuge":"Conditionnelle : si le plancher ne peut pas être calé au-dessus des PHEC (impossibilité fonctionnelle dûment justifiée), un niveau refuge adapté est exigé (20 m² minimum pour une habitation, hauteur 1,80 m minimum, un refuge par logement/local, pas de refuge \"collectif\").","refugeCategorie":"Conditionnelle (impossibilité fonctionnelle à justifier)","zonesIntersectees":"Ri","etagePresent":"Non","etageSource":"estimé par la hauteur du bâti (4.0 m), fiabilité modérée","typologie":"Typologie indéterminée (donnée absente ou non exploitable)","eligibiliteFprnm":"Non déterminé - typologie non qualifiée en l'état, à vérifier sur site.","hauteurM":4.0,"isErp":false}},{"type":"Feature","geometry":{"coordinates":[[[1.203234,43.280419],[1.203271,43.280373],[1.203235,43.280357],[1.203197,43.280402],[1.203234,43.280419]]],"type":"Polygon"},"properties":{"id":"BATIMENT0000000073373901","zoneCode":"Rie","zoneLabel":"Rouge inondation + recul de berge","zoneColor":"#C81E3A","concerne":true,"regime":"Constructions nouvelles : Interdites, sauf exceptions très limitées (accès de sécurité, abris légers <20 m² une fois, locaux techniques agricoles, serres tunnel...). Cumul avec le régime Re : interdiction des voies nouvelles en zone de recul de berge sauf impossibilité technique ; étude géotechnique G2 exigée en plus pour les rares travaux autorisés. Constructions existantes : Extension limitée à 20 % de l'emprise existante, une seule fois depuis le 06/02/2018, plancher au-dessus des PHEC. Cumul avec les prescriptions Re (étude géotechnique G2). Le tracé de la zone rouge effondrement peut être contesté par relevé de géomètre en crête de berge de la Garonne. Étude géotechnique G2 (norme NF P 94-500) obligatoire avant travaux, sauf exceptions ponctuelles prévues par le règlement.","etudeGeotechniqueG2":true,"diagnostic":"Non obligatoire pour l'habitat ; auto-diagnostic de vulnérabilité recommandé (à la charge du propriétaire).","zoneRefuge":"Conditionnelle : si le plancher ne peut pas être calé au-dessus des PHEC (impossibilité fonctionnelle dûment justifiée), un niveau refuge adapté est exigé (20 m² minimum pour une habitation, hauteur 1,80 m minimum, un refuge par logement/local, pas de refuge \"collectif\").","refugeCategorie":"Conditionnelle (impossibilité fonctionnelle à justifier)","zonesIntersectees":"Re;Rie","etagePresent":"Non","etageSource":"connu (BDNB Fichiers Fonciers nb_niveau=1)","typologie":"Activité économique","typologieSource":"BDNB (Fichiers Fonciers)","eligibiliteFprnm":"Potentiellement éligible - activité : Fonds Barnier (FPRNM) à 20 % des travaux prescrits si moins de 20 salariés (effectif non déductible des données géographiques, à vérifier), sous réserve d'un bien existant avant le 21/06/2022.","hauteurM":3.7,"isErp":false}},{"type":"Feature","geometry":{"coordinates":[[[1.213874,43.276949],[1.213921,43.277019],[1.213854,43.277044],[1.213805,43.276974],[1.213874,43.276949]]],"type":"Polygon"},"properties":{"id":"BATIMENT0000000073375247","zoneCode":"Re","zoneLabel":"Rouge mouvement de terrain (recul de berge)","zoneColor":"#D62839","concerne":true,"regime":"Constructions nouvelles : Interdites, sauf travaux d'infrastructure publique et exceptions mesurées (extension RDC <20 m² une fois, structures garage/annexe <20 m²). Constructions existantes : Extension <20 m² une fois depuis le 06/02/2018, pas de terrassement créant un dénivelé >0,5 m. Étude géotechnique G2 (norme NF P 94-500) obligatoire avant travaux, sauf exceptions ponctuelles prévues par le règlement.","etudeGeotechniqueG2":true,"diagnostic":"Non concerné (hors zone inondable).","zoneRefuge":"Non applicable (zone hors risque inondation).","refugeCategorie":"Non applicable","zonesIntersectees":"Re","etagePresent":"Non","etageSource":"estimé par la hauteur du bâti (3.6 m), fiabilité modérée","typologie":"Typologie indéterminée (donnée absente ou non exploitable)","eligibiliteFprnm":"Non déterminé - typologie non qualifiée en l'état, à vérifier sur site.","hauteurM":3.6,"isErp":false}},{"type":"Feature","geometry":{"coordinates":[[[1.22492,43.292049],[1.224926,43.291982],[1.224981,43.291984],[1.224981,43.292051],[1.22492,43.292049]]],"type":"Polygon"},"properties":{"id":"BATIMENT0000000215040796","zoneCode":"Ri","zoneLabel":"Rouge inondation","zoneColor":"#E2001A","concerne":true,"regime":"Constructions nouvelles : Interdites, sauf exceptions très limitées (accès de sécurité, abris légers <20 m² une fois, locaux techniques agricoles, serres tunnel...). Constructions existantes : Extension limitée à 20 % de l'emprise existante, une seule fois depuis le 06/02/2018, plancher au-dessus des PHEC.","etudeGeotechniqueG2":false,"diagnostic":"Non obligatoire pour l'habitat ; auto-diagnostic de vulnérabilité recommandé (à la charge du propriétaire).","zoneRefuge":"Conditionnelle : si le plancher ne peut pas être calé au-dessus des PHEC (impossibilité fonctionnelle dûment justifiée), un niveau refuge adapté est exigé (20 m² minimum pour une habitation, hauteur 1,80 m minimum, un refuge par logement/local, pas de refuge \"collectif\").","refugeCategorie":"Conditionnelle (impossibilité fonctionnelle à justifier)","zonesIntersectees":"Ri","etagePresent":"Non","etageSource":"estimé par la hauteur du bâti (4.9 m), fiabilité modérée","typologie":"Typologie indéterminée (donnée absente ou non exploitable)","eligibiliteFprnm":"Non déterminé - typologie non qualifiée en l'état, à vérifier sur site.","hauteurM":4.9,"isErp":false}},{"type":"Feature","geometry":{"coordinates":[[[1.223415,43.29173],[1.223408,43.291702],[1.223528,43.291696],[1.223533,43.291725],[1.223415,43.29173]]],"type":"Polygon"},"properties":{"id":"BATIMENT0000000215040910","zoneCode":"Ri","zoneLabel":"Rouge inondation","zoneColor":"#E2001A","concerne":true,"regime":"Constructions nouvelles : Interdites, sauf exceptions très limitées (accès de sécurité, abris légers <20 m² une fois, locaux techniques agricoles, serres tunnel...). Constructions existantes : Extension limitée à 20 % de l'emprise existante, une seule fois depuis le 06/02/2018, plancher au-dessus des PHEC.","etudeGeotechniqueG2":false,"diagnostic":"Non obligatoire pour l'habitat ; auto-diagnostic de vulnérabilité recommandé (à la charge du propriétaire).","zoneRefuge":"Conditionnelle : si le plancher ne peut pas être calé au-dessus des PHEC (impossibilité fonctionnelle dûment justifiée), un niveau refuge adapté est exigé (20 m² minimum pour une habitation, hauteur 1,80 m minimum, un refuge par logement/local, pas de refuge \"collectif\").","refugeCategorie":"Conditionnelle (impossibilité fonctionnelle à justifier)","zonesIntersectees":"Ri","etagePresent":"Non","etageSource":"estimé par la hauteur du bâti (3.7 m), fiabilité modérée","typologie":"Typologie indéterminée (donnée absente ou non exploitable)","eligibiliteFprnm":"Non déterminé - typologie non qualifiée en l'état, à vérifier sur site.","hauteurM":3.7,"isErp":false}},{"type":"Feature","geometry":{"coordinates":[[[1.223279,43.291565],[1.223273,43.29152],[1.223382,43.291511],[1.223383,43.291557],[1.223279,43.291565]]],"type":"Polygon"},"properties":{"id":"BATIMENT0000000215041035","zoneCode":"Ri","zoneLabel":"Rouge inondation","zoneColor":"#E2001A","concerne":true,"regime":"Constructions nouvelles : Interdites, sauf exceptions très limitées (accès de sécurité, abris légers <20 m² une fois, locaux techniques agricoles, serres tunnel...). Constructions existantes : Extension limitée à 20 % de l'emprise existante, une seule fois depuis le 06/02/2018, plancher au-dessus des PHEC.","etudeGeotechniqueG2":false,"diagnostic":"Non obligatoire pour l'habitat ; auto-diagnostic de vulnérabilité recommandé (à la charge du propriétaire).","zoneRefuge":"Conditionnelle : si le plancher ne peut pas être calé au-dessus des PHEC (impossibilité fonctionnelle dûment justifiée), un niveau refuge adapté est exigé (20 m² minimum pour une habitation, hauteur 1,80 m minimum, un refuge par logement/local, pas de refuge \"collectif\").","refugeCategorie":"Conditionnelle (impossibilité fonctionnelle à justifier)","zonesIntersectees":"Ri","etagePresent":"Oui","etageSource":"estimé par la hauteur du bâti (5.8 m), fiabilité modérée","typologie":"Typologie indéterminée (donnée absente ou non exploitable)","eligibiliteFprnm":"Non déterminé - typologie non qualifiée en l'état, à vérifier sur site.","hauteurM":5.8,"isErp":false}},{"type":"Feature","geometry":{"coordinates":[[[1.223047,43.293783],[1.223126,43.293749],[1.223142,43.293772],[1.223066,43.293803],[1.223047,43.293783]]],"type":"Polygon"},"properties":{"id":"BATIMENT0000000215041382","zoneCode":"Ri","zoneLabel":"Rouge inondation","zoneColor":"#E2001A","concerne":true,"regime":"Constructions nouvelles : Interdites, sauf exceptions très limitées (accès de sécurité, abris légers <20 m² une fois, locaux techniques agricoles, serres tunnel...). Constructions existantes : Extension limitée à 20 % de l'emprise existante, une seule fois depuis le 06/02/2018, plancher au-dessus des PHEC.","etudeGeotechniqueG2":false,"diagnostic":"Non obligatoire pour l'habitat ; auto-diagnostic de vulnérabilité recommandé (à la charge du propriétaire).","zoneRefuge":"Conditionnelle : si le plancher ne peut pas être calé au-dessus des PHEC (impossibilité fonctionnelle dûment justifiée), un niveau refuge adapté est exigé (20 m² minimum pour une habitation, hauteur 1,80 m minimum, un refuge par logement/local, pas de refuge \"collectif\").","refugeCategorie":"Conditionnelle (impossibilité fonctionnelle à justifier)","zonesIntersectees":"Ri","etagePresent":"Non","etageSource":"estimé par la hauteur du bâti (3.2 m), fiabilité modérée","typologie":"Typologie indéterminée (donnée absente ou non exploitable)","eligibiliteFprnm":"Non déterminé - typologie non qualifiée en l'état, à vérifier sur site.","hauteurM":3.2,"isErp":false}},{"type":"Feature","geometry":{"coordinates":[[[1.224945,43.291959],[1.224944,43.29192],[1.224988,43.29192],[1.22499,43.291959],[1.224945,43.291959]]],"type":"Polygon"},"properties":{"id":"BATIMENT0000000215041384","zoneCode":"Ri","zoneLabel":"Rouge inondation","zoneColor":"#E2001A","concerne":true,"regime":"Constructions nouvelles : Interdites, sauf exceptions très limitées (accès de sécurité, abris légers <20 m² une fois, locaux techniques agricoles, serres tunnel...). Constructions existantes : Extension limitée à 20 % de l'emprise existante, une seule fois depuis le 06/02/2018, plancher au-dessus des PHEC.","etudeGeotechniqueG2":false,"diagnostic":"Non obligatoire pour l'habitat ; auto-diagnostic de vulnérabilité recommandé (à la charge du propriétaire).","zoneRefuge":"Conditionnelle : si le plancher ne peut pas être calé au-dessus des PHEC (impossibilité fonctionnelle dûment justifiée), un niveau refuge adapté est exigé (20 m² minimum pour une habitation, hauteur 1,80 m minimum, un refuge par logement/local, pas de refuge \"collectif\").","refugeCategorie":"Conditionnelle (impossibilité fonctionnelle à justifier)","zonesIntersectees":"Ri","etagePresent":"Non","etageSource":"estimé par la hauteur du bâti (4.6 m), fiabilité modérée","typologie":"Typologie indéterminée (donnée absente ou non exploitable)","eligibiliteFprnm":"Non déterminé - typologie non qualifiée en l'état, à vérifier sur site.","hauteurM":4.6,"isErp":false}},{"type":"Feature","geometry":{"coordinates":[[[1.241367,43.288526],[1.241382,43.288558],[1.241469,43.288534],[1.241454,43.288502],[1.241367,43.288526]]],"type":"Polygon"},"properties":{"id":"BATIMENT0000000215041386","zoneCode":"Rg","zoneLabel":"Rouge mouvement de terrain (glissement)","zoneColor":"#E2001A","concerne":true,"regime":"Constructions nouvelles : Interdites, sauf travaux d'infrastructure publique et exceptions mesurées (extension RDC <20 m² une fois, structures garage/annexe <20 m²). Constructions existantes : Extension <20 m² une fois depuis le 06/02/2018, pas de terrassement créant un dénivelé >0,5 m. Étude géotechnique G2 (norme NF P 94-500) obligatoire avant travaux, sauf exceptions ponctuelles prévues par le règlement.","etudeGeotechniqueG2":true,"diagnostic":"Non concerné (hors zone inondable).","zoneRefuge":"Non applicable (zone hors risque inondation).","refugeCategorie":"Non applicable","zonesIntersectees":"Rg","etagePresent":"Non","etageSource":"estimé par la hauteur du bâti (4.9 m), fiabilité modérée","typologie":"Typologie indéterminée (donnée absente ou non exploitable)","eligibiliteFprnm":"Non déterminé - typologie non qualifiée en l'état, à vérifier sur site.","hauteurM":4.9,"isErp":false}},{"type":"Feature","geometry":{"coordinates":[[[1.195245,43.280296],[1.195245,43.280273],[1.195393,43.280272],[1.195393,43.280293],[1.195245,43.280296]]],"type":"Polygon"},"properties":{"id":"BATIMENT0000000316866636","zoneCode":"Ri","zoneLabel":"Rouge inondation","zoneColor":"#E2001A","concerne":true,"regime":"Constructions nouvelles : Interdites, sauf exceptions très limitées (accès de sécurité, abris légers <20 m² une fois, locaux techniques agricoles, serres tunnel...). Constructions existantes : Extension limitée à 20 % de l'emprise existante, une seule fois depuis le 06/02/2018, plancher au-dessus des PHEC.","etudeGeotechniqueG2":false,"diagnostic":"Non obligatoire pour l'habitat ; auto-diagnostic de vulnérabilité recommandé (à la charge du propriétaire).","zoneRefuge":"Conditionnelle : si le plancher ne peut pas être calé au-dessus des PHEC (impossibilité fonctionnelle dûment justifiée), un niveau refuge adapté est exigé (20 m² minimum pour une habitation, hauteur 1,80 m minimum, un refuge par logement/local, pas de refuge \"collectif\").","refugeCategorie":"Conditionnelle (impossibilité fonctionnelle à justifier)","zonesIntersectees":"Ri","etagePresent":"Non","etageSource":"connu (BDNB Fichiers Fonciers nb_niveau=1)","typologie":"Activité économique","typologieSource":"BDNB (Fichiers Fonciers)","eligibiliteFprnm":"Potentiellement éligible - activité : Fonds Barnier (FPRNM) à 20 % des travaux prescrits si moins de 20 salariés (effectif non déductible des données géographiques, à vérifier), sous réserve d'un bien existant avant le 21/06/2022.","hauteurM":3.7,"isErp":false}},{"type":"Feature","geometry":{"coordinates":[[[1.232451,43.308869],[1.232418,43.308804],[1.232545,43.308772],[1.232574,43.308836],[1.232451,43.308869]]],"type":"Polygon"},"properties":{"id":"BATIMENT0000000338390403","zoneCode":"Re","zoneLabel":"Rouge mouvement de terrain (recul de berge)","zoneColor":"#D62839","concerne":true,"regime":"Constructions nouvelles : Interdites, sauf travaux d'infrastructure publique et exceptions mesurées (extension RDC <20 m² une fois, structures garage/annexe <20 m²). Constructions existantes : Extension <20 m² une fois depuis le 06/02/2018, pas de terrassement créant un dénivelé >0,5 m. Étude géotechnique G2 (norme NF P 94-500) obligatoire avant travaux, sauf exceptions ponctuelles prévues par le règlement.","etudeGeotechniqueG2":true,"diagnostic":"Non concerné (hors zone inondable).","zoneRefuge":"Non applicable (zone hors risque inondation).","refugeCategorie":"Non applicable","zonesIntersectees":"Re","etagePresent":"Non","etageSource":"estimé par la hauteur du bâti (3.3 m), fiabilité modérée","typologie":"Typologie indéterminée (donnée absente ou non exploitable)","eligibiliteFprnm":"Non déterminé - typologie non qualifiée en l'état, à vérifier sur site.","hauteurM":3.3,"isErp":false}},{"type":"Feature","geometry":{"coordinates":[[[1.221212,43.292456],[1.221188,43.29245],[1.221199,43.29243],[1.22122,43.292436],[1.221212,43.292456]]],"type":"Polygon"},"properties":{"id":"BATIMENT0000000343239662","zoneCode":"Ri","zoneLabel":"Rouge inondation","zoneColor":"#E2001A","concerne":true,"regime":"Constructions nouvelles : Interdites, sauf exceptions très limitées (accès de sécurité, abris légers <20 m² une fois, locaux techniques agricoles, serres tunnel...). Constructions existantes : Extension limitée à 20 % de l'emprise existante, une seule fois depuis le 06/02/2018, plancher au-dessus des PHEC.","etudeGeotechniqueG2":false,"diagnostic":"Non obligatoire pour l'habitat ; auto-diagnostic de vulnérabilité recommandé (à la charge du propriétaire).","zoneRefuge":"Conditionnelle : si le plancher ne peut pas être calé au-dessus des PHEC (impossibilité fonctionnelle dûment justifiée), un niveau refuge adapté est exigé (20 m² minimum pour une habitation, hauteur 1,80 m minimum, un refuge par logement/local, pas de refuge \"collectif\").","refugeCategorie":"Conditionnelle (impossibilité fonctionnelle à justifier)","zonesIntersectees":"Ri","etagePresent":"Inconnu","etageSource":"aucune donnée disponible","typologie":"Typologie indéterminée (donnée absente ou non exploitable)","eligibiliteFprnm":"Non déterminé - typologie non qualifiée en l'état, à vérifier sur site.","isErp":false}},{"type":"Feature","geometry":{"coordinates":[[[1.206656,43.289292],[1.206821,43.289385],[1.206912,43.28927],[1.206885,43.289256],[1.206894,43.289244],[1.206772,43.28918],[1.206656,43.289292]]],"type":"Polygon"},"properties":{"id":"BATIMENT0000000343232858","zoneCode":"BFg","zoneLabel":"Bleue foncée mouvement de terrain","zoneColor":"#0033A0","concerne":true,"regime":"Constructions nouvelles : Interdites (seules les adaptations de l'existant sont possibles). Constructions existantes : Extension RDC <50 m² une fois depuis le 06/02/2018, changement de destination/aménagement sans augmenter la capacité d'accueil. Étude géotechnique G2 (norme NF P 94-500) obligatoire avant travaux, sauf exceptions ponctuelles prévues par le règlement.","etudeGeotechniqueG2":true,"diagnostic":"Non concerné (hors zone inondable).","zoneRefuge":"Non applicable (zone hors risque inondation).","refugeCategorie":"Non applicable","zonesIntersectees":"BFg","etagePresent":"Oui","etageSource":"étage retenu par prudence (1 niveau(x) déclaré(s), incohérent avec la hauteur mesurée 8.9 m > seuil 5.30 m)","typologie":"Maison individuelle","eligibiliteFprnm":"Éligible - habitation : Fonds Barnier (FPRNM) à 80 % des travaux de prévention prescrits par le PPRN, plafond légal national, sous réserve d'un bien existant avant le 21/06/2022.","nbLogements":1,"hauteurM":8.9,"isErp":false}},{"type":"Feature","geometry":{"coordinates":[[[1.209486,43.29046],[1.209385,43.290436],[1.209372,43.290467],[1.209329,43.290457],[1.209312,43.290496],[1.209264,43.290509],[1.209135,43.29048],[1.209114,43.290526],[1.209254,43.290563],[1.209258,43.290554],[1.209323,43.29057],[1.209346,43.290514],[1.209372,43.290521],[1.209384,43.290493],[1.209463,43.290511],[1.209486,43.29046]]],"type":"Polygon"},"properties":{"id":"BATIMENT0000000343232899","zoneCode":"BFe","zoneLabel":"Bleue foncée mouvement de terrain","zoneColor":"#0033A0","concerne":true,"regime":"Constructions nouvelles : Interdites (seules les adaptations de l'existant sont possibles). Constructions existantes : Extension RDC <50 m² une fois depuis le 06/02/2018, changement de destination/aménagement sans augmenter la capacité d'accueil. Étude géotechnique G2 (norme NF P 94-500) obligatoire avant travaux, sauf exceptions ponctuelles prévues par le règlement.","etudeGeotechniqueG2":true,"diagnostic":"Non concerné (hors zone inondable).","zoneRefuge":"Non applicable (zone hors risque inondation).","refugeCategorie":"Non applicable","zonesIntersectees":"BFe","etagePresent":"Non","etageSource":"connu (BDNB Fichiers Fonciers nb_niveau=1)","typologie":"Maison individuelle","eligibiliteFprnm":"Éligible - habitation : Fonds Barnier (FPRNM) à 80 % des travaux de prévention prescrits par le PPRN, plafond légal national, sous réserve d'un bien existant avant le 21/06/2022.","nbLogements":1,"hauteurM":5.2,"isErp":false}},{"type":"Feature","geometry":{"coordinates":[[[1.209385,43.290436],[1.209344,43.290426],[1.209329,43.290457],[1.209372,43.290467],[1.209385,43.290436]]],"type":"Polygon"},"properties":{"id":"BATIMENT0000000343232902","zoneCode":"BFe","zoneLabel":"Bleue foncée mouvement de terrain","zoneColor":"#0033A0","concerne":true,"regime":"Constructions nouvelles : Interdites (seules les adaptations de l'existant sont possibles). Constructions existantes : Extension RDC <50 m² une fois depuis le 06/02/2018, changement de destination/aménagement sans augmenter la capacité d'accueil. Étude géotechnique G2 (norme NF P 94-500) obligatoire avant travaux, sauf exceptions ponctuelles prévues par le règlement.","etudeGeotechniqueG2":true,"diagnostic":"Non concerné (hors zone inondable).","zoneRefuge":"Non applicable (zone hors risque inondation).","refugeCategorie":"Non applicable","zonesIntersectees":"BFe","etagePresent":"Non","etageSource":"estimé par la hauteur du bâti (3.4 m), fiabilité modérée","typologie":"Typologie indéterminée (donnée absente ou non exploitable)","eligibiliteFprnm":"Non déterminé - typologie non qualifiée en l'état, à vérifier sur site.","hauteurM":3.4,"isErp":false}},{"type":"Feature","geometry":{"coordinates":[[[1.211934,43.290892],[1.211861,43.29084],[1.211921,43.290797],[1.211906,43.290784],[1.211995,43.290721],[1.212072,43.290778],[1.211983,43.290838],[1.211996,43.290848],[1.211934,43.290892]]],"type":"Polygon"},"properties":{"id":"BATIMENT0000000343233063","zoneCode":"Re","zoneLabel":"Rouge mouvement de terrain (recul de berge)","zoneColor":"#D62839","concerne":true,"regime":"Constructions nouvelles : Interdites, sauf travaux d'infrastructure publique et exceptions mesurées (extension RDC <20 m² une fois, structures garage/annexe <20 m²). Constructions existantes : Extension <20 m² une fois depuis le 06/02/2018, pas de terrassement créant un dénivelé >0,5 m. Étude géotechnique G2 (norme NF P 94-500) obligatoire avant travaux, sauf exceptions ponctuelles prévues par le règlement.","etudeGeotechniqueG2":true,"diagnostic":"Non concerné (hors zone inondable).","zoneRefuge":"Non applicable (zone hors risque inondation).","refugeCategorie":"Non applicable","zonesIntersectees":"BFe;Re","etagePresent":"Non","etageSource":"connu (BDNB Fichiers Fonciers nb_niveau=1)","typologie":"Maison individuelle","eligibiliteFprnm":"Éligible - habitation : Fonds Barnier (FPRNM) à 80 % des travaux de prévention prescrits par le PPRN, plafond légal national, sous réserve d'un bien existant avant le 21/06/2022.","nbLogements":1,"hauteurM":4.1,"isErp":false}},{"type":"Feature","geometry":{"coordinates":[[[1.221513,43.283519],[1.221497,43.283411],[1.221397,43.283419],[1.221413,43.283528],[1.221513,43.283519]]],"type":"Polygon"},"properties":{"id":"BATIMENT0000000343235899","zoneCode":"Ri","zoneLabel":"Rouge inondation","zoneColor":"#E2001A","concerne":true,"regime":"Constructions nouvelles : Interdites, sauf exceptions très limitées (accès de sécurité, abris légers <20 m² une fois, locaux techniques agricoles, serres tunnel...). Constructions existantes : Extension limitée à 20 % de l'emprise existante, une seule fois depuis le 06/02/2018, plancher au-dessus des PHEC.","etudeGeotechniqueG2":false,"diagnostic":"Non obligatoire pour l'habitat ; auto-diagnostic de vulnérabilité recommandé (à la charge du propriétaire).","zoneRefuge":"Conditionnelle : si le plancher ne peut pas être calé au-dessus des PHEC (impossibilité fonctionnelle dûment justifiée), un niveau refuge adapté est exigé (20 m² minimum pour une habitation, hauteur 1,80 m minimum, un refuge par logement/local, pas de refuge \"collectif\").","refugeCategorie":"Conditionnelle (impossibilité fonctionnelle à justifier)","zonesIntersectees":"Ri","etagePresent":"Oui","etageSource":"connu (BDNB Fichiers Fonciers nb_niveau=2)","typologie":"Activité économique","typologieSource":"BDNB (Fichiers Fonciers)","eligibiliteFprnm":"Potentiellement éligible - activité : Fonds Barnier (FPRNM) à 20 % des travaux prescrits si moins de 20 salariés (effectif non déductible des données géographiques, à vérifier), sous réserve d'un bien existant avant le 21/06/2022.","hauteurM":10.8,"isErp":false}},{"type":"Feature","geometry":{"coordinates":[[[1.221473,43.283104],[1.221345,43.283177],[1.221362,43.283194],[1.221337,43.283208],[1.221361,43.283232],[1.221352,43.283236],[1.22138,43.283263],[1.221445,43.28322],[1.221488,43.283254],[1.221584,43.283196],[1.221473,43.283104]]],"type":"Polygon"},"properties":{"id":"BATIMENT0000000343235900","zoneCode":"Ri","zoneLabel":"Rouge inondation","zoneColor":"#E2001A","concerne":true,"regime":"Constructions nouvelles : Interdites, sauf exceptions très limitées (accès de sécurité, abris légers <20 m² une fois, locaux techniques agricoles, serres tunnel...). Constructions existantes : Extension limitée à 20 % de l'emprise existante, une seule fois depuis le 06/02/2018, plancher au-dessus des PHEC.","etudeGeotechniqueG2":false,"diagnostic":"Non obligatoire pour l'habitat ; auto-diagnostic de vulnérabilité recommandé (à la charge du propriétaire).","zoneRefuge":"Conditionnelle : si le plancher ne peut pas être calé au-dessus des PHEC (impossibilité fonctionnelle dûment justifiée), un niveau refuge adapté est exigé (20 m² minimum pour une habitation, hauteur 1,80 m minimum, un refuge par logement/local, pas de refuge \"collectif\").","refugeCategorie":"Conditionnelle (impossibilité fonctionnelle à justifier)","zonesIntersectees":"Ri","etagePresent":"Oui","etageSource":"connu (BDNB Fichiers Fonciers nb_niveau=2)","typologie":"Activité économique","eligibiliteFprnm":"Potentiellement éligible - activité : Fonds Barnier (FPRNM) à 20 % des travaux prescrits si moins de 20 salariés (effectif non déductible des données géographiques, à vérifier), sous réserve d'un bien existant avant le 21/06/2022.","nbLogements":0,"hauteurM":14.8,"isErp":false}},{"type":"Feature","geometry":{"coordinates":[[[1.22129,43.283264],[1.221216,43.28329],[1.221269,43.283366],[1.221334,43.283338],[1.22129,43.283264]]],"type":"Polygon"},"properties":{"id":"BATIMENT0000000343235901","zoneCode":"Ri","zoneLabel":"Rouge inondation","zoneColor":"#E2001A","concerne":true,"regime":"Constructions nouvelles : Interdites, sauf exceptions très limitées (accès de sécurité, abris légers <20 m² une fois, locaux techniques agricoles, serres tunnel...). Constructions existantes : Extension limitée à 20 % de l'emprise existante, une seule fois depuis le 06/02/2018, plancher au-dessus des PHEC.","etudeGeotechniqueG2":false,"diagnostic":"Non obligatoire pour l'habitat ; auto-diagnostic de vulnérabilité recommandé (à la charge du propriétaire).","zoneRefuge":"Conditionnelle : si le plancher ne peut pas être calé au-dessus des PHEC (impossibilité fonctionnelle dûment justifiée), un niveau refuge adapté est exigé (20 m² minimum pour une habitation, hauteur 1,80 m minimum, un refuge par logement/local, pas de refuge \"collectif\").","refugeCategorie":"Conditionnelle (impossibilité fonctionnelle à justifier)","zonesIntersectees":"Ri","etagePresent":"Oui","etageSource":"connu (BDNB Fichiers Fonciers nb_niveau=2)","typologie":"Activité économique","typologieSource":"BDNB (Fichiers Fonciers)","eligibiliteFprnm":"Potentiellement éligible - activité : Fonds Barnier (FPRNM) à 20 % des travaux prescrits si moins de 20 salariés (effectif non déductible des données géographiques, à vérifier), sous réserve d'un bien existant avant le 21/06/2022.","hauteurM":5.8,"isErp":false}},{"type":"Feature","geometry":{"coordinates":[[[1.221266,43.283224],[1.221314,43.283305],[1.22138,43.283263],[1.221352,43.283236],[1.221361,43.283232],[1.221337,43.283208],[1.221362,43.283194],[1.221345,43.283177],[1.221266,43.283224]]],"type":"Polygon"},"properties":{"id":"BATIMENT0000000343235902","zoneCode":"Ri","zoneLabel":"Rouge inondation","zoneColor":"#E2001A","concerne":true,"regime":"Constructions nouvelles : Interdites, sauf exceptions très limitées (accès de sécurité, abris légers <20 m² une fois, locaux techniques agricoles, serres tunnel...). Constructions existantes : Extension limitée à 20 % de l'emprise existante, une seule fois depuis le 06/02/2018, plancher au-dessus des PHEC.","etudeGeotechniqueG2":false,"diagnostic":"Non obligatoire pour l'habitat ; auto-diagnostic de vulnérabilité recommandé (à la charge du propriétaire).","zoneRefuge":"Conditionnelle : si le plancher ne peut pas être calé au-dessus des PHEC (impossibilité fonctionnelle dûment justifiée), un niveau refuge adapté est exigé (20 m² minimum pour une habitation, hauteur 1,80 m minimum, un refuge par logement/local, pas de refuge \"collectif\").","refugeCategorie":"Conditionnelle (impossibilité fonctionnelle à justifier)","zonesIntersectees":"Ri","etagePresent":"Oui","etageSource":"connu (BDNB Fichiers Fonciers nb_niveau=2)","typologie":"Activité économique","typologieSource":"BDNB (Fichiers Fonciers)","eligibiliteFprnm":"Potentiellement éligible - activité : Fonds Barnier (FPRNM) à 20 % des travaux prescrits si moins de 20 salariés (effectif non déductible des données géographiques, à vérifier), sous réserve d'un bien existant avant le 21/06/2022.","hauteurM":8.2,"isErp":false}},{"type":"Feature","geometry":{"coordinates":[[[1.223739,43.283411],[1.223789,43.283407],[1.223782,43.283366],[1.223733,43.283371],[1.223739,43.283411]]],"type":"Polygon"},"properties":{"id":"BATIMENT0000000343235903","zoneCode":"Rg","zoneLabel":"Rouge mouvement de terrain (glissement)","zoneColor":"#E2001A","concerne":true,"regime":"Constructions nouvelles : Interdites, sauf travaux d'infrastructure publique et exceptions mesurées (extension RDC <20 m² une fois, structures garage/annexe <20 m²). Constructions existantes : Extension <20 m² une fois depuis le 06/02/2018, pas de terrassement créant un dénivelé >0,5 m. Étude géotechnique G2 (norme NF P 94-500) obligatoire avant travaux, sauf exceptions ponctuelles prévues par le règlement.","etudeGeotechniqueG2":true,"diagnostic":"Non concerné (hors zone inondable).","zoneRefuge":"Non applicable (zone hors risque inondation).","refugeCategorie":"Non applicable","zonesIntersectees":"Rg","etagePresent":"Non","etageSource":"estimé par la hauteur du bâti (2.5 m), fiabilité modérée","typologie":"Typologie indéterminée (donnée absente ou non exploitable)","eligibiliteFprnm":"Non déterminé - typologie non qualifiée en l'état, à vérifier sur site.","hauteurM":2.5,"isErp":false}},{"type":"Feature","geometry":{"coordinates":[[[1.221334,43.283338],[1.221314,43.283305],[1.221445,43.28322],[1.221488,43.283254],[1.221334,43.283338]]],"type":"Polygon"},"properties":{"id":"BATIMENT0000000343235904","zoneCode":"Ri","zoneLabel":"Rouge inondation","zoneColor":"#E2001A","concerne":true,"regime":"Constructions nouvelles : Interdites, sauf exceptions très limitées (accès de sécurité, abris légers <20 m² une fois, locaux techniques agricoles, serres tunnel...). Constructions existantes : Extension limitée à 20 % de l'emprise existante, une seule fois depuis le 06/02/2018, plancher au-dessus des PHEC.","etudeGeotechniqueG2":false,"diagnostic":"Non obligatoire pour l'habitat ; auto-diagnostic de vulnérabilité recommandé (à la charge du propriétaire).","zoneRefuge":"Conditionnelle : si le plancher ne peut pas être calé au-dessus des PHEC (impossibilité fonctionnelle dûment justifiée), un niveau refuge adapté est exigé (20 m² minimum pour une habitation, hauteur 1,80 m minimum, un refuge par logement/local, pas de refuge \"collectif\").","refugeCategorie":"Conditionnelle (impossibilité fonctionnelle à justifier)","zonesIntersectees":"Ri","etagePresent":"Oui","etageSource":"connu (BDNB Fichiers Fonciers nb_niveau=2)","typologie":"Maison individuelle","eligibiliteFprnm":"Éligible - habitation : Fonds Barnier (FPRNM) à 80 % des travaux de prévention prescrits par le PPRN, plafond légal national, sous réserve d'un bien existant avant le 21/06/2022.","nbLogements":1,"hauteurM":13.6,"isErp":false}},{"type":"Feature","geometry":{"coordinates":[[[1.222611,43.289002],[1.222494,43.288861],[1.222634,43.288843],[1.222665,43.288995],[1.222611,43.289002]]],"type":"Polygon"},"properties":{"id":"BATIMENT0000000343235920","zoneCode":"Ri","zoneLabel":"Rouge inondation","zoneColor":"#E2001A","concerne":true,"regime":"Constructions nouvelles : Interdites, sauf exceptions très limitées (accès de sécurité, abris légers <20 m² une fois, locaux techniques agricoles, serres tunnel...). Constructions existantes : Extension limitée à 20 % de l'emprise existante, une seule fois depuis le 06/02/2018, plancher au-dessus des PHEC.","etudeGeotechniqueG2":false,"diagnostic":"Non obligatoire pour l'habitat ; auto-diagnostic de vulnérabilité recommandé (à la charge du propriétaire).","zoneRefuge":"Conditionnelle : si le plancher ne peut pas être calé au-dessus des PHEC (impossibilité fonctionnelle dûment justifiée), un niveau refuge adapté est exigé (20 m² minimum pour une habitation, hauteur 1,80 m minimum, un refuge par logement/local, pas de refuge \"collectif\").","refugeCategorie":"Conditionnelle (impossibilité fonctionnelle à justifier)","zonesIntersectees":"Ri","etagePresent":"Oui","etageSource":"connu (BDNB Fichiers Fonciers nb_niveau=2)","typologie":"Maison individuelle","eligibiliteFprnm":"Éligible - habitation : Fonds Barnier (FPRNM) à 80 % des travaux de prévention prescrits par le PPRN, plafond légal national, sous réserve d'un bien existant avant le 21/06/2022.","nbLogements":1,"hauteurM":5.7,"isErp":false}},{"type":"Feature","geometry":{"coordinates":[[[1.223635,43.289579],[1.223627,43.289562],[1.223678,43.289549],[1.223727,43.289654],[1.223644,43.289675],[1.223634,43.289655],[1.223605,43.289662],[1.223584,43.289618],[1.223604,43.289613],[1.223594,43.28959],[1.223635,43.289579]]],"type":"Polygon"},"properties":{"id":"BATIMENT0000000343235922","zoneCode":"Ri","zoneLabel":"Rouge inondation","zoneColor":"#E2001A","concerne":true,"regime":"Constructions nouvelles : Interdites, sauf exceptions très limitées (accès de sécurité, abris légers <20 m² une fois, locaux techniques agricoles, serres tunnel...). Constructions existantes : Extension limitée à 20 % de l'emprise existante, une seule fois depuis le 06/02/2018, plancher au-dessus des PHEC.","etudeGeotechniqueG2":false,"diagnostic":"Non obligatoire pour l'habitat ; auto-diagnostic de vulnérabilité recommandé (à la charge du propriétaire).","zoneRefuge":"Conditionnelle : si le plancher ne peut pas être calé au-dessus des PHEC (impossibilité fonctionnelle dûment justifiée), un niveau refuge adapté est exigé (20 m² minimum pour une habitation, hauteur 1,80 m minimum, un refuge par logement/local, pas de refuge \"collectif\").","refugeCategorie":"Conditionnelle (impossibilité fonctionnelle à justifier)","zonesIntersectees":"Ri","etagePresent":"Non","etageSource":"estimé par la hauteur du bâti (4.9 m), fiabilité modérée","typologie":"Typologie indéterminée (donnée absente ou non exploitable)","eligibiliteFprnm":"Non déterminé - typologie non qualifiée en l'état, à vérifier sur site.","hauteurM":4.9,"isErp":false}},{"type":"Feature","geometry":{"coordinates":[[[1.223693,43.289546],[1.223807,43.289518],[1.223774,43.289455],[1.223803,43.289447],[1.223796,43.289435],[1.223834,43.289424],[1.223842,43.28944],[1.223865,43.289434],[1.223993,43.289676],[1.223738,43.289741],[1.223705,43.289669],[1.223745,43.289658],[1.223693,43.289546]]],"type":"Polygon"},"properties":{"id":"BATIMENT0000000343235923","zoneCode":"Ri","zoneLabel":"Rouge inondation","zoneColor":"#E2001A","concerne":true,"regime":"Constructions nouvelles : Interdites, sauf exceptions très limitées (accès de sécurité, abris légers <20 m² une fois, locaux techniques agricoles, serres tunnel...). Constructions existantes : Extension limitée à 20 % de l'emprise existante, une seule fois depuis le 06/02/2018, plancher au-dessus des PHEC.","etudeGeotechniqueG2":false,"diagnostic":"Non obligatoire pour l'habitat ; auto-diagnostic de vulnérabilité recommandé (à la charge du propriétaire).","zoneRefuge":"Conditionnelle : si le plancher ne peut pas être calé au-dessus des PHEC (impossibilité fonctionnelle dûment justifiée), un niveau refuge adapté est exigé (20 m² minimum pour une habitation, hauteur 1,80 m minimum, un refuge par logement/local, pas de refuge \"collectif\").","refugeCategorie":"Conditionnelle (impossibilité fonctionnelle à justifier)","zonesIntersectees":"Ri","etagePresent":"Non","etageSource":"estimé par la hauteur du bâti (4.9 m), fiabilité modérée","typologie":"Typologie indéterminée (donnée absente ou non exploitable)","eligibiliteFprnm":"Non déterminé - typologie non qualifiée en l'état, à vérifier sur site.","hauteurM":4.9,"isErp":false}},{"type":"Feature","geometry":{"coordinates":[[[1.222213,43.286811],[1.222272,43.286887],[1.222301,43.286875],[1.222241,43.286798],[1.222213,43.286811]]],"type":"Polygon"},"properties":{"id":"BATIMENT0000000343235925","zoneCode":"Rg","zoneLabel":"Rouge mouvement de terrain (glissement)","zoneColor":"#E2001A","concerne":true,"regime":"Constructions nouvelles : Interdites, sauf travaux d'infrastructure publique et exceptions mesurées (extension RDC <20 m² une fois, structures garage/annexe <20 m²). Constructions existantes : Extension <20 m² une fois depuis le 06/02/2018, pas de terrassement créant un dénivelé >0,5 m. Étude géotechnique G2 (norme NF P 94-500) obligatoire avant travaux, sauf exceptions ponctuelles prévues par le règlement.","etudeGeotechniqueG2":true,"diagnostic":"Non concerné (hors zone inondable).","zoneRefuge":"Non applicable (zone hors risque inondation).","refugeCategorie":"Non applicable","zonesIntersectees":"Rg","etagePresent":"Non","etageSource":"estimé par la hauteur du bâti (4.8 m), fiabilité modérée","typologie":"Typologie indéterminée (donnée absente ou non exploitable)","eligibiliteFprnm":"Non déterminé - typologie non qualifiée en l'état, à vérifier sur site.","hauteurM":4.8,"isErp":false}},{"type":"Feature","geometry":{"coordinates":[[[1.224317,43.289671],[1.224259,43.289687],[1.224213,43.289591],[1.224272,43.289576],[1.224317,43.289671]]],"type":"Polygon"},"properties":{"id":"BATIMENT0000000343235926","zoneCode":"Ri","zoneLabel":"Rouge inondation","zoneColor":"#E2001A","concerne":true,"regime":"Constructions nouvelles : Interdites, sauf exceptions très limitées (accès de sécurité, abris légers <20 m² une fois, locaux techniques agricoles, serres tunnel...). Constructions existantes : Extension limitée à 20 % de l'emprise existante, une seule fois depuis le 06/02/2018, plancher au-dessus des PHEC.","etudeGeotechniqueG2":false,"diagnostic":"Non obligatoire pour l'habitat ; auto-diagnostic de vulnérabilité recommandé (à la charge du propriétaire).","zoneRefuge":"Conditionnelle : si le plancher ne peut pas être calé au-dessus des PHEC (impossibilité fonctionnelle dûment justifiée), un niveau refuge adapté est exigé (20 m² minimum pour une habitation, hauteur 1,80 m minimum, un refuge par logement/local, pas de refuge \"collectif\").","refugeCategorie":"Conditionnelle (impossibilité fonctionnelle à justifier)","zonesIntersectees":"Ri","etagePresent":"Non","etageSource":"estimé par la hauteur du bâti (4.6 m), fiabilité modérée","typologie":"Typologie indéterminée (donnée absente ou non exploitable)","eligibiliteFprnm":"Non déterminé - typologie non qualifiée en l'état, à vérifier sur site.","hauteurM":4.6,"isErp":false}},{"type":"Feature","geometry":{"coordinates":[[[1.229345,43.287432],[1.229218,43.287495],[1.229172,43.287436],[1.229234,43.287411],[1.229189,43.287356],[1.229319,43.2873],[1.229382,43.287374],[1.229321,43.287403],[1.229345,43.287432]]],"type":"Polygon"},"properties":{"id":"BATIMENT0000000343236160","zoneCode":"Ri","zoneLabel":"Rouge inondation","zoneColor":"#E2001A","concerne":true,"regime":"Constructions nouvelles : Interdites, sauf exceptions très limitées (accès de sécurité, abris légers <20 m² une fois, locaux techniques agricoles, serres tunnel...). Constructions existantes : Extension limitée à 20 % de l'emprise existante, une seule fois depuis le 06/02/2018, plancher au-dessus des PHEC.","etudeGeotechniqueG2":false,"diagnostic":"Non obligatoire pour l'habitat ; auto-diagnostic de vulnérabilité recommandé (à la charge du propriétaire).","zoneRefuge":"Conditionnelle : si le plancher ne peut pas être calé au-dessus des PHEC (impossibilité fonctionnelle dûment justifiée), un niveau refuge adapté est exigé (20 m² minimum pour une habitation, hauteur 1,80 m minimum, un refuge par logement/local, pas de refuge \"collectif\").","refugeCategorie":"Conditionnelle (impossibilité fonctionnelle à justifier)","zonesIntersectees":"Ri","etagePresent":"Non","etageSource":"connu (BDNB Fichiers Fonciers nb_niveau=1)","typologie":"Maison individuelle","eligibiliteFprnm":"Éligible - habitation : Fonds Barnier (FPRNM) à 80 % des travaux de prévention prescrits par le PPRN, plafond légal national, sous réserve d'un bien existant avant le 21/06/2022.","nbLogements":1,"hauteurM":4.0,"isErp":false}},{"type":"Feature","geometry":{"coordinates":[[[1.229232,43.287216],[1.229251,43.287223],[1.229275,43.287205],[1.22925,43.287194],[1.229232,43.287216]]],"type":"Polygon"},"properties":{"id":"BATIMENT0000000343236161","zoneCode":"Ri","zoneLabel":"Rouge inondation","zoneColor":"#E2001A","concerne":true,"regime":"Constructions nouvelles : Interdites, sauf exceptions très limitées (accès de sécurité, abris légers <20 m² une fois, locaux techniques agricoles, serres tunnel...). Constructions existantes : Extension limitée à 20 % de l'emprise existante, une seule fois depuis le 06/02/2018, plancher au-dessus des PHEC.","etudeGeotechniqueG2":false,"diagnostic":"Non obligatoire pour l'habitat ; auto-diagnostic de vulnérabilité recommandé (à la charge du propriétaire).","zoneRefuge":"Conditionnelle : si le plancher ne peut pas être calé au-dessus des PHEC (impossibilité fonctionnelle dûment justifiée), un niveau refuge adapté est exigé (20 m² minimum pour une habitation, hauteur 1,80 m minimum, un refuge par logement/local, pas de refuge \"collectif\").","refugeCategorie":"Conditionnelle (impossibilité fonctionnelle à justifier)","zonesIntersectees":"Ri","etagePresent":"Non","etageSource":"estimé par la hauteur du bâti (1.3 m), fiabilité modérée","typologie":"Typologie indéterminée (donnée absente ou non exploitable)","eligibiliteFprnm":"Non déterminé - typologie non qualifiée en l'état, à vérifier sur site.","hauteurM":1.3,"isErp":false}},{"type":"Feature","geometry":{"coordinates":[[[1.2278,43.287685],[1.227848,43.287694],[1.227839,43.28773],[1.227789,43.287724],[1.2278,43.287685]]],"type":"Polygon"},"properties":{"id":"BATIMENT0000000343236163","zoneCode":"Ri","zoneLabel":"Rouge inondation","zoneColor":"#E2001A","concerne":true,"regime":"Constructions nouvelles : Interdites, sauf exceptions très limitées (accès de sécurité, abris légers <20 m² une fois, locaux techniques agricoles, serres tunnel...). Constructions existantes : Extension limitée à 20 % de l'emprise existante, une seule fois depuis le 06/02/2018, plancher au-dessus des PHEC.","etudeGeotechniqueG2":false,"diagnostic":"Non obligatoire pour l'habitat ; auto-diagnostic de vulnérabilité recommandé (à la charge du propriétaire).","zoneRefuge":"Conditionnelle : si le plancher ne peut pas être calé au-dessus des PHEC (impossibilité fonctionnelle dûment justifiée), un niveau refuge adapté est exigé (20 m² minimum pour une habitation, hauteur 1,80 m minimum, un refuge par logement/local, pas de refuge \"collectif\").","refugeCategorie":"Conditionnelle (impossibilité fonctionnelle à justifier)","zonesIntersectees":"Ri","etagePresent":"Non","etageSource":"connu (BDNB Fichiers Fonciers nb_niveau=1)","typologie":"Annexe (non habitée)","eligibiliteFprnm":"Non déterminé - typologie non qualifiée en l'état, à vérifier sur site.","nbLogements":0,"hauteurM":3.5,"isErp":false}},{"type":"Feature","geometry":{"coordinates":[[[1.227911,43.287737],[1.227879,43.287839],[1.227759,43.28782],[1.227768,43.287798],[1.227751,43.287796],[1.227756,43.287773],[1.227831,43.287779],[1.227839,43.28773],[1.227911,43.287737]]],"type":"Polygon"},"properties":{"id":"BATIMENT0000000343236164","zoneCode":"Ri","zoneLabel":"Rouge inondation","zoneColor":"#E2001A","concerne":true,"regime":"Constructions nouvelles : Interdites, sauf exceptions très limitées (accès de sécurité, abris légers <20 m² une fois, locaux techniques agricoles, serres tunnel...). Constructions existantes : Extension limitée à 20 % de l'emprise existante, une seule fois depuis le 06/02/2018, plancher au-dessus des PHEC.","etudeGeotechniqueG2":false,"diagnostic":"Non obligatoire pour l'habitat ; auto-diagnostic de vulnérabilité recommandé (à la charge du propriétaire).","zoneRefuge":"Conditionnelle : si le plancher ne peut pas être calé au-dessus des PHEC (impossibilité fonctionnelle dûment justifiée), un niveau refuge adapté est exigé (20 m² minimum pour une habitation, hauteur 1,80 m minimum, un refuge par logement/local, pas de refuge \"collectif\").","refugeCategorie":"Conditionnelle (impossibilité fonctionnelle à justifier)","zonesIntersectees":"Bi;Ri","etagePresent":"Non","etageSource":"connu (BDNB Fichiers Fonciers nb_niveau=1)","typologie":"Maison individuelle","eligibiliteFprnm":"Éligible - habitation : Fonds Barnier (FPRNM) à 80 % des travaux de prévention prescrits par le PPRN, plafond légal national, sous réserve d'un bien existant avant le 21/06/2022.","nbLogements":1,"hauteurM":3.6,"isErp":false}},{"type":"Feature","geometry":{"coordinates":[[[1.227911,43.287737],[1.227839,43.28773],[1.227848,43.287694],[1.227921,43.287704],[1.227911,43.287737]]],"type":"Polygon"},"properties":{"id":"BATIMENT0000000343236165","zoneCode":"Ri","zoneLabel":"Rouge inondation","zoneColor":"#E2001A","concerne":true,"regime":"Constructions nouvelles : Interdites, sauf exceptions très limitées (accès de sécurité, abris légers <20 m² une fois, locaux techniques agricoles, serres tunnel...). Constructions existantes : Extension limitée à 20 % de l'emprise existante, une seule fois depuis le 06/02/2018, plancher au-dessus des PHEC.","etudeGeotechniqueG2":false,"diagnostic":"Non obligatoire pour l'habitat ; auto-diagnostic de vulnérabilité recommandé (à la charge du propriétaire).","zoneRefuge":"Conditionnelle : si le plancher ne peut pas être calé au-dessus des PHEC (impossibilité fonctionnelle dûment justifiée), un niveau refuge adapté est exigé (20 m² minimum pour une habitation, hauteur 1,80 m minimum, un refuge par logement/local, pas de refuge \"collectif\").","refugeCategorie":"Conditionnelle (impossibilité fonctionnelle à justifier)","zonesIntersectees":"Bi;Ri","etagePresent":"Non","etageSource":"connu (BDNB Fichiers Fonciers nb_niveau=1)","typologie":"Annexe (non habitée)","eligibiliteFprnm":"Non déterminé - typologie non qualifiée en l'état, à vérifier sur site.","nbLogements":0,"hauteurM":3.7,"isErp":false}},{"type":"Feature","geometry":{"coordinates":[[[1.227848,43.287694],[1.227785,43.287682],[1.227803,43.287629],[1.227885,43.287643],[1.227894,43.287614],[1.227946,43.287623],[1.227921,43.287704],[1.227848,43.287694]]],"type":"Polygon"},"properties":{"id":"BATIMENT0000000343236166","zoneCode":"Ri","zoneLabel":"Rouge inondation","zoneColor":"#E2001A","concerne":true,"regime":"Constructions nouvelles : Interdites, sauf exceptions très limitées (accès de sécurité, abris légers <20 m² une fois, locaux techniques agricoles, serres tunnel...). Constructions existantes : Extension limitée à 20 % de l'emprise existante, une seule fois depuis le 06/02/2018, plancher au-dessus des PHEC.","etudeGeotechniqueG2":false,"diagnostic":"Non obligatoire pour l'habitat ; auto-diagnostic de vulnérabilité recommandé (à la charge du propriétaire).","zoneRefuge":"Conditionnelle : si le plancher ne peut pas être calé au-dessus des PHEC (impossibilité fonctionnelle dûment justifiée), un niveau refuge adapté est exigé (20 m² minimum pour une habitation, hauteur 1,80 m minimum, un refuge par logement/local, pas de refuge \"collectif\").","refugeCategorie":"Conditionnelle (impossibilité fonctionnelle à justifier)","zonesIntersectees":"Bi;Ri","etagePresent":"Non","etageSource":"connu (BDNB Fichiers Fonciers nb_niveau=1)","typologie":"Annexe (non habitée)","eligibiliteFprnm":"Non déterminé - typologie non qualifiée en l'état, à vérifier sur site.","nbLogements":0,"hauteurM":3.4,"isErp":false}},{"type":"Feature","geometry":{"coordinates":[[[1.227879,43.287839],[1.227862,43.287877],[1.2278,43.287868],[1.227805,43.287851],[1.227751,43.287841],[1.227759,43.28782],[1.227879,43.287839]]],"type":"Polygon"},"properties":{"id":"BATIMENT0000000343236167","zoneCode":"Ri","zoneLabel":"Rouge inondation","zoneColor":"#E2001A","concerne":true,"regime":"Constructions nouvelles : Interdites, sauf exceptions très limitées (accès de sécurité, abris légers <20 m² une fois, locaux techniques agricoles, serres tunnel...). Constructions existantes : Extension limitée à 20 % de l'emprise existante, une seule fois depuis le 06/02/2018, plancher au-dessus des PHEC.","etudeGeotechniqueG2":false,"diagnostic":"Non obligatoire pour l'habitat ; auto-diagnostic de vulnérabilité recommandé (à la charge du propriétaire).","zoneRefuge":"Conditionnelle : si le plancher ne peut pas être calé au-dessus des PHEC (impossibilité fonctionnelle dûment justifiée), un niveau refuge adapté est exigé (20 m² minimum pour une habitation, hauteur 1,80 m minimum, un refuge par logement/local, pas de refuge \"collectif\").","refugeCategorie":"Conditionnelle (impossibilité fonctionnelle à justifier)","zonesIntersectees":"Bi;Ri","etagePresent":"Non","etageSource":"connu (BDNB Fichiers Fonciers nb_niveau=1)","typologie":"Maison individuelle","eligibiliteFprnm":"Éligible - habitation : Fonds Barnier (FPRNM) à 80 % des travaux de prévention prescrits par le PPRN, plafond légal national, sous réserve d'un bien existant avant le 21/06/2022.","nbLogements":1,"hauteurM":3.5,"isErp":false}},{"type":"Feature","geometry":{"coordinates":[[[1.227862,43.287877],[1.227855,43.2879],[1.227644,43.287872],[1.227653,43.287837],[1.227747,43.287852],[1.227751,43.287841],[1.227805,43.287851],[1.2278,43.287868],[1.227862,43.287877]]],"type":"Polygon"},"properties":{"id":"BATIMENT0000000343236168","zoneCode":"Ri","zoneLabel":"Rouge inondation","zoneColor":"#E2001A","concerne":true,"regime":"Constructions nouvelles : Interdites, sauf exceptions très limitées (accès de sécurité, abris légers <20 m² une fois, locaux techniques agricoles, serres tunnel...). Constructions existantes : Extension limitée à 20 % de l'emprise existante, une seule fois depuis le 06/02/2018, plancher au-dessus des PHEC.","etudeGeotechniqueG2":false,"diagnostic":"Non obligatoire pour l'habitat ; auto-diagnostic de vulnérabilité recommandé (à la charge du propriétaire).","zoneRefuge":"Conditionnelle : si le plancher ne peut pas être calé au-dessus des PHEC (impossibilité fonctionnelle dûment justifiée), un niveau refuge adapté est exigé (20 m² minimum pour une habitation, hauteur 1,80 m minimum, un refuge par logement/local, pas de refuge \"collectif\").","refugeCategorie":"Conditionnelle (impossibilité fonctionnelle à justifier)","zonesIntersectees":"Bi;Ri","etagePresent":"Non","etageSource":"connu (BDNB Fichiers Fonciers nb_niveau=1)","typologie":"Maison individuelle","typologieSource":"BDNB (Fichiers Fonciers)","eligibiliteFprnm":"Éligible - habitation : Fonds Barnier (FPRNM) à 80 % des travaux de prévention prescrits par le PPRN, plafond légal national, sous réserve d'un bien existant avant le 21/06/2022.","hauteurM":3.6,"isErp":false}},{"type":"Feature","geometry":{"coordinates":[[[1.227614,43.288085],[1.227698,43.288096],[1.227723,43.288007],[1.227733,43.288007],[1.227747,43.287966],[1.227633,43.287949],[1.22762,43.287991],[1.227627,43.287991],[1.227607,43.288055],[1.22762,43.288057],[1.227614,43.288085]]],"type":"Polygon"},"properties":{"id":"BATIMENT0000000343236170","zoneCode":"Ri","zoneLabel":"Rouge inondation","zoneColor":"#E2001A","concerne":true,"regime":"Constructions nouvelles : Interdites, sauf exceptions très limitées (accès de sécurité, abris légers <20 m² une fois, locaux techniques agricoles, serres tunnel...). Constructions existantes : Extension limitée à 20 % de l'emprise existante, une seule fois depuis le 06/02/2018, plancher au-dessus des PHEC.","etudeGeotechniqueG2":false,"diagnostic":"Non obligatoire pour l'habitat ; auto-diagnostic de vulnérabilité recommandé (à la charge du propriétaire).","zoneRefuge":"Conditionnelle : si le plancher ne peut pas être calé au-dessus des PHEC (impossibilité fonctionnelle dûment justifiée), un niveau refuge adapté est exigé (20 m² minimum pour une habitation, hauteur 1,80 m minimum, un refuge par logement/local, pas de refuge \"collectif\").","refugeCategorie":"Conditionnelle (impossibilité fonctionnelle à justifier)","zonesIntersectees":"Bi;Ri","etagePresent":"Oui","etageSource":"connu (BDNB Fichiers Fonciers nb_niveau=2)","typologie":"Maison individuelle","eligibiliteFprnm":"Éligible - habitation : Fonds Barnier (FPRNM) à 80 % des travaux de prévention prescrits par le PPRN, plafond légal national, sous réserve d'un bien existant avant le 21/06/2022.","nbLogements":1,"hauteurM":6.2,"isErp":false}},{"type":"Feature","geometry":{"coordinates":[[[1.227607,43.287945],[1.227633,43.287949],[1.22762,43.287991],[1.227627,43.287991],[1.227607,43.288055],[1.22762,43.288057],[1.227614,43.288085],[1.2276,43.288084],[1.227596,43.2881],[1.227563,43.288095],[1.227607,43.287945]]],"type":"Polygon"},"properties":{"id":"BATIMENT0000000343236171","zoneCode":"Ri","zoneLabel":"Rouge inondation","zoneColor":"#E2001A","concerne":true,"regime":"Constructions nouvelles : Interdites, sauf exceptions très limitées (accès de sécurité, abris légers <20 m² une fois, locaux techniques agricoles, serres tunnel...). Constructions existantes : Extension limitée à 20 % de l'emprise existante, une seule fois depuis le 06/02/2018, plancher au-dessus des PHEC.","etudeGeotechniqueG2":false,"diagnostic":"Non obligatoire pour l'habitat ; auto-diagnostic de vulnérabilité recommandé (à la charge du propriétaire).","zoneRefuge":"Conditionnelle : si le plancher ne peut pas être calé au-dessus des PHEC (impossibilité fonctionnelle dûment justifiée), un niveau refuge adapté est exigé (20 m² minimum pour une habitation, hauteur 1,80 m minimum, un refuge par logement/local, pas de refuge \"collectif\").","refugeCategorie":"Conditionnelle (impossibilité fonctionnelle à justifier)","zonesIntersectees":"Ri","etagePresent":"Non","etageSource":"estimé par la hauteur du bâti (4.0 m), fiabilité modérée","typologie":"Typologie indéterminée (donnée absente ou non exploitable)","eligibiliteFprnm":"Non déterminé - typologie non qualifiée en l'état, à vérifier sur site.","hauteurM":4.0,"isErp":false}},{"type":"Feature","geometry":{"coordinates":[[[1.228295,43.287474],[1.228103,43.287445],[1.228136,43.287358],[1.228271,43.287379],[1.228268,43.287391],[1.228288,43.287394],[1.228276,43.287434],[1.228235,43.287429],[1.228228,43.287449],[1.228299,43.287458],[1.228295,43.287474]]],"type":"Polygon"},"properties":{"id":"BATIMENT0000000343236174","zoneCode":"Ri","zoneLabel":"Rouge inondation","zoneColor":"#E2001A","concerne":true,"regime":"Constructions nouvelles : Interdites, sauf exceptions très limitées (accès de sécurité, abris légers <20 m² une fois, locaux techniques agricoles, serres tunnel...). Constructions existantes : Extension limitée à 20 % de l'emprise existante, une seule fois depuis le 06/02/2018, plancher au-dessus des PHEC.","etudeGeotechniqueG2":false,"diagnostic":"Non obligatoire pour l'habitat ; auto-diagnostic de vulnérabilité recommandé (à la charge du propriétaire).","zoneRefuge":"Conditionnelle : si le plancher ne peut pas être calé au-dessus des PHEC (impossibilité fonctionnelle dûment justifiée), un niveau refuge adapté est exigé (20 m² minimum pour une habitation, hauteur 1,80 m minimum, un refuge par logement/local, pas de refuge \"collectif\").","refugeCategorie":"Conditionnelle (impossibilité fonctionnelle à justifier)","zonesIntersectees":"Ri","etagePresent":"Oui","etageSource":"étage retenu par prudence (1 niveau(x) déclaré(s), incohérent avec la hauteur mesurée 6.1 m > seuil 5.30 m)","typologie":"Maison individuelle","eligibiliteFprnm":"Éligible - habitation : Fonds Barnier (FPRNM) à 80 % des travaux de prévention prescrits par le PPRN, plafond légal national, sous réserve d'un bien existant avant le 21/06/2022.","nbLogements":1,"hauteurM":6.1,"isErp":false}},{"type":"Feature","geometry":{"coordinates":[[[1.228136,43.287358],[1.228173,43.287245],[1.228294,43.287264],[1.22829,43.287282],[1.228343,43.287289],[1.228332,43.287334],[1.228292,43.287328],[1.228279,43.287371],[1.228308,43.287374],[1.22831,43.28737],[1.228386,43.287379],[1.22838,43.287406],[1.228268,43.287391],[1.228271,43.287379],[1.228136,43.287358]]],"type":"Polygon"},"properties":{"id":"BATIMENT0000000343236175","zoneCode":"Ri","zoneLabel":"Rouge inondation","zoneColor":"#E2001A","concerne":true,"regime":"Constructions nouvelles : Interdites, sauf exceptions très limitées (accès de sécurité, abris légers <20 m² une fois, locaux techniques agricoles, serres tunnel...). Constructions existantes : Extension limitée à 20 % de l'emprise existante, une seule fois depuis le 06/02/2018, plancher au-dessus des PHEC.","etudeGeotechniqueG2":false,"diagnostic":"Non obligatoire pour l'habitat ; auto-diagnostic de vulnérabilité recommandé (à la charge du propriétaire).","zoneRefuge":"Conditionnelle : si le plancher ne peut pas être calé au-dessus des PHEC (impossibilité fonctionnelle dûment justifiée), un niveau refuge adapté est exigé (20 m² minimum pour une habitation, hauteur 1,80 m minimum, un refuge par logement/local, pas de refuge \"collectif\").","refugeCategorie":"Conditionnelle (impossibilité fonctionnelle à justifier)","zonesIntersectees":"Ri","etagePresent":"Oui","etageSource":"connu (BDNB Fichiers Fonciers nb_niveau=2)","typologie":"Maison individuelle","eligibiliteFprnm":"Éligible - habitation : Fonds Barnier (FPRNM) à 80 % des travaux de prévention prescrits par le PPRN, plafond légal national, sous réserve d'un bien existant avant le 21/06/2022.","nbLogements":1,"hauteurM":6.4,"isErp":false}},{"type":"Feature","geometry":{"coordinates":[[[1.228253,43.287532],[1.228153,43.287522],[1.228141,43.287564],[1.228062,43.287554],[1.228103,43.287445],[1.228224,43.287464],[1.228219,43.287479],[1.228195,43.287476],[1.228191,43.287487],[1.228262,43.287497],[1.228253,43.287532]]],"type":"Polygon"},"properties":{"id":"BATIMENT0000000343236176","zoneCode":"Ri","zoneLabel":"Rouge inondation","zoneColor":"#E2001A","concerne":true,"regime":"Constructions nouvelles : Interdites, sauf exceptions très limitées (accès de sécurité, abris légers <20 m² une fois, locaux techniques agricoles, serres tunnel...). Constructions existantes : Extension limitée à 20 % de l'emprise existante, une seule fois depuis le 06/02/2018, plancher au-dessus des PHEC.","etudeGeotechniqueG2":false,"diagnostic":"Non obligatoire pour l'habitat ; auto-diagnostic de vulnérabilité recommandé (à la charge du propriétaire).","zoneRefuge":"Conditionnelle : si le plancher ne peut pas être calé au-dessus des PHEC (impossibilité fonctionnelle dûment justifiée), un niveau refuge adapté est exigé (20 m² minimum pour une habitation, hauteur 1,80 m minimum, un refuge par logement/local, pas de refuge \"collectif\").","refugeCategorie":"Conditionnelle (impossibilité fonctionnelle à justifier)","zonesIntersectees":"Ri","etagePresent":"Oui","etageSource":"connu (BDNB Fichiers Fonciers nb_niveau=2)","typologie":"Maison individuelle","eligibiliteFprnm":"Éligible - habitation : Fonds Barnier (FPRNM) à 80 % des travaux de prévention prescrits par le PPRN, plafond légal national, sous réserve d'un bien existant avant le 21/06/2022.","nbLogements":1,"hauteurM":6.4,"isErp":false}},{"type":"Feature","geometry":{"coordinates":[[[1.228398,43.287343],[1.228391,43.287365],[1.228333,43.287356],[1.22834,43.287335],[1.228398,43.287343]]],"type":"Polygon"},"properties":{"id":"BATIMENT0000000343236177","zoneCode":"Ri","zoneLabel":"Rouge inondation","zoneColor":"#E2001A","concerne":true,"regime":"Constructions nouvelles : Interdites, sauf exceptions très limitées (accès de sécurité, abris légers <20 m² une fois, locaux techniques agricoles, serres tunnel...). Constructions existantes : Extension limitée à 20 % de l'emprise existante, une seule fois depuis le 06/02/2018, plancher au-dessus des PHEC.","etudeGeotechniqueG2":false,"diagnostic":"Non obligatoire pour l'habitat ; auto-diagnostic de vulnérabilité recommandé (à la charge du propriétaire).","zoneRefuge":"Conditionnelle : si le plancher ne peut pas être calé au-dessus des PHEC (impossibilité fonctionnelle dûment justifiée), un niveau refuge adapté est exigé (20 m² minimum pour une habitation, hauteur 1,80 m minimum, un refuge par logement/local, pas de refuge \"collectif\").","refugeCategorie":"Conditionnelle (impossibilité fonctionnelle à justifier)","zonesIntersectees":"Ri","etagePresent":"Non","etageSource":"connu (BD TOPO nombre_d_etages)","typologie":"Annexe (non habitée)","eligibiliteFprnm":"Non déterminé - typologie non qualifiée en l'état, à vérifier sur site.","nbLogements":0,"hauteurM":1.4,"isErp":false}},{"type":"Feature","geometry":{"coordinates":[[[1.228046,43.287598],[1.228062,43.287554],[1.228141,43.287564],[1.228153,43.287522],[1.228225,43.287529],[1.228211,43.287571],[1.228231,43.287574],[1.228213,43.287624],[1.228046,43.287598]]],"type":"Polygon"},"properties":{"id":"BATIMENT0000000343236178","zoneCode":"Ri","zoneLabel":"Rouge inondation","zoneColor":"#E2001A","concerne":true,"regime":"Constructions nouvelles : Interdites, sauf exceptions très limitées (accès de sécurité, abris légers <20 m² une fois, locaux techniques agricoles, serres tunnel...). Constructions existantes : Extension limitée à 20 % de l'emprise existante, une seule fois depuis le 06/02/2018, plancher au-dessus des PHEC.","etudeGeotechniqueG2":false,"diagnostic":"Non obligatoire pour l'habitat ; auto-diagnostic de vulnérabilité recommandé (à la charge du propriétaire).","zoneRefuge":"Conditionnelle : si le plancher ne peut pas être calé au-dessus des PHEC (impossibilité fonctionnelle dûment justifiée), un niveau refuge adapté est exigé (20 m² minimum pour une habitation, hauteur 1,80 m minimum, un refuge par logement/local, pas de refuge \"collectif\").","refugeCategorie":"Conditionnelle (impossibilité fonctionnelle à justifier)","zonesIntersectees":"Bi;Ri","etagePresent":"Oui","etageSource":"étage retenu par prudence (1 niveau(x) déclaré(s), incohérent avec la hauteur mesurée 6.6 m > seuil 5.30 m)","typologie":"Maison individuelle","eligibiliteFprnm":"Éligible - habitation : Fonds Barnier (FPRNM) à 80 % des travaux de prévention prescrits par le PPRN, plafond légal national, sous réserve d'un bien existant avant le 21/06/2022.","nbLogements":1,"hauteurM":6.6,"isErp":false}},{"type":"Feature","geometry":{"coordinates":[[[1.228031,43.28764],[1.228046,43.287598],[1.228125,43.28761],[1.228111,43.28765],[1.228031,43.28764]]],"type":"Polygon"},"properties":{"id":"BATIMENT0000000343236179","zoneCode":"Ri","zoneLabel":"Rouge inondation","zoneColor":"#E2001A","concerne":true,"regime":"Constructions nouvelles : Interdites, sauf exceptions très limitées (accès de sécurité, abris légers <20 m² une fois, locaux techniques agricoles, serres tunnel...). Constructions existantes : Extension limitée à 20 % de l'emprise existante, une seule fois depuis le 06/02/2018, plancher au-dessus des PHEC.","etudeGeotechniqueG2":false,"diagnostic":"Non obligatoire pour l'habitat ; auto-diagnostic de vulnérabilité recommandé (à la charge du propriétaire).","zoneRefuge":"Conditionnelle : si le plancher ne peut pas être calé au-dessus des PHEC (impossibilité fonctionnelle dûment justifiée), un niveau refuge adapté est exigé (20 m² minimum pour une habitation, hauteur 1,80 m minimum, un refuge par logement/local, pas de refuge \"collectif\").","refugeCategorie":"Conditionnelle (impossibilité fonctionnelle à justifier)","zonesIntersectees":"Bi;Ri","etagePresent":"Oui","etageSource":"connu (BD TOPO nombre_d_etages)","typologie":"Maison individuelle","eligibiliteFprnm":"Éligible - habitation : Fonds Barnier (FPRNM) à 80 % des travaux de prévention prescrits par le PPRN, plafond légal national, sous réserve d'un bien existant avant le 21/06/2022.","nbLogements":1,"hauteurM":6.1,"isErp":false}},{"type":"Feature","geometry":{"coordinates":[[[1.228021,43.287667],[1.228031,43.28764],[1.228111,43.28765],[1.228103,43.287678],[1.228021,43.287667]]],"type":"Polygon"},"properties":{"id":"BATIMENT0000000343236180","zoneCode":"Bi","zoneLabel":"Bleue inondation","zoneColor":"#4FA8E0","concerne":true,"regime":"Constructions nouvelles : Autorisées sous prescriptions (plancher au-dessus des PHEC, transparence hydraulique, matériaux les moins vulnérables). Constructions existantes : Extension jusqu'à 30 % de l'emprise existante, une seule fois depuis le 06/02/2018.","etudeGeotechniqueG2":false,"diagnostic":"Non obligatoire pour l'habitat ; auto-diagnostic de vulnérabilité recommandé (à la charge du propriétaire).","zoneRefuge":"Conditionnelle : si le plancher ne peut pas être calé au-dessus des PHEC (impossibilité fonctionnelle dûment justifiée), un niveau refuge adapté est exigé (20 m² minimum pour une habitation, hauteur 1,80 m minimum, un refuge par logement/local, pas de refuge \"collectif\").","refugeCategorie":"Conditionnelle (impossibilité fonctionnelle à justifier)","zonesIntersectees":"Bi","etagePresent":"Oui","etageSource":"estimé par la hauteur du bâti (6.3 m), fiabilité modérée","typologie":"Typologie indéterminée (donnée absente ou non exploitable)","eligibiliteFprnm":"Non déterminé - typologie non qualifiée en l'état, à vérifier sur site.","hauteurM":6.3,"isErp":false}},{"type":"Feature","geometry":{"coordinates":[[[1.228125,43.28761],[1.228103,43.287678],[1.228021,43.287667],[1.228001,43.287723],[1.228171,43.287745],[1.228213,43.287624],[1.228125,43.28761]]],"type":"Polygon"},"properties":{"id":"BATIMENT0000000343236181","zoneCode":"Bi","zoneLabel":"Bleue inondation","zoneColor":"#4FA8E0","concerne":true,"regime":"Constructions nouvelles : Autorisées sous prescriptions (plancher au-dessus des PHEC, transparence hydraulique, matériaux les moins vulnérables). Constructions existantes : Extension jusqu'à 30 % de l'emprise existante, une seule fois depuis le 06/02/2018.","etudeGeotechniqueG2":false,"diagnostic":"Non obligatoire pour l'habitat ; auto-diagnostic de vulnérabilité recommandé (à la charge du propriétaire).","zoneRefuge":"Conditionnelle : si le plancher ne peut pas être calé au-dessus des PHEC (impossibilité fonctionnelle dûment justifiée), un niveau refuge adapté est exigé (20 m² minimum pour une habitation, hauteur 1,80 m minimum, un refuge par logement/local, pas de refuge \"collectif\").","refugeCategorie":"Conditionnelle (impossibilité fonctionnelle à justifier)","zonesIntersectees":"Bi","etagePresent":"Oui","etageSource":"connu (BDNB Fichiers Fonciers nb_niveau=2)","typologie":"Maison individuelle","typologieSource":"BDNB (Fichiers Fonciers)","eligibiliteFprnm":"Éligible - habitation : Fonds Barnier (FPRNM) à 80 % des travaux de prévention prescrits par le PPRN, plafond légal national, sous réserve d'un bien existant avant le 21/06/2022.","hauteurM":4.9,"isErp":false}},{"type":"Feature","geometry":{"coordinates":[[[1.228168,43.287115],[1.228117,43.287188],[1.227963,43.28709],[1.228037,43.287015],[1.228168,43.287115]]],"type":"Polygon"},"properties":{"id":"BATIMENT0000000343236183","zoneCode":"Rie","zoneLabel":"Rouge inondation + recul de berge","zoneColor":"#C81E3A","concerne":true,"regime":"Constructions nouvelles : Interdites, sauf exceptions très limitées (accès de sécurité, abris légers <20 m² une fois, locaux techniques agricoles, serres tunnel...). Cumul avec le régime Re : interdiction des voies nouvelles en zone de recul de berge sauf impossibilité technique ; étude géotechnique G2 exigée en plus pour les rares travaux autorisés. Constructions existantes : Extension limitée à 20 % de l'emprise existante, une seule fois depuis le 06/02/2018, plancher au-dessus des PHEC. Cumul avec les prescriptions Re (étude géotechnique G2). Le tracé de la zone rouge effondrement peut être contesté par relevé de géomètre en crête de berge de la Garonne. Étude géotechnique G2 (norme NF P 94-500) obligatoire avant travaux, sauf exceptions ponctuelles prévues par le règlement.","etudeGeotechniqueG2":true,"diagnostic":"Non obligatoire pour l'habitat ; auto-diagnostic de vulnérabilité recommandé (à la charge du propriétaire).","zoneRefuge":"Conditionnelle : si le plancher ne peut pas être calé au-dessus des PHEC (impossibilité fonctionnelle dûment justifiée), un niveau refuge adapté est exigé (20 m² minimum pour une habitation, hauteur 1,80 m minimum, un refuge par logement/local, pas de refuge \"collectif\").","refugeCategorie":"Conditionnelle (impossibilité fonctionnelle à justifier)","zonesIntersectees":"Ri;Rie","etagePresent":"Non","etageSource":"connu (BDNB Fichiers Fonciers nb_niveau=1)","typologie":"Maison individuelle","eligibiliteFprnm":"Éligible - habitation : Fonds Barnier (FPRNM) à 80 % des travaux de prévention prescrits par le PPRN, plafond légal national, sous réserve d'un bien existant avant le 21/06/2022.","nbLogements":1,"hauteurM":4.2,"isErp":false}},{"type":"Feature","geometry":{"coordinates":[[[1.227982,43.287323],[1.227877,43.287299],[1.227931,43.28718],[1.228037,43.287205],[1.227982,43.287323]]],"type":"Polygon"},"properties":{"id":"BATIMENT0000000343236184","zoneCode":"Rie","zoneLabel":"Rouge inondation + recul de berge","zoneColor":"#C81E3A","concerne":true,"regime":"Constructions nouvelles : Interdites, sauf exceptions très limitées (accès de sécurité, abris légers <20 m² une fois, locaux techniques agricoles, serres tunnel...). Cumul avec le régime Re : interdiction des voies nouvelles en zone de recul de berge sauf impossibilité technique ; étude géotechnique G2 exigée en plus pour les rares travaux autorisés. Constructions existantes : Extension limitée à 20 % de l'emprise existante, une seule fois depuis le 06/02/2018, plancher au-dessus des PHEC. Cumul avec les prescriptions Re (étude géotechnique G2). Le tracé de la zone rouge effondrement peut être contesté par relevé de géomètre en crête de berge de la Garonne. Étude géotechnique G2 (norme NF P 94-500) obligatoire avant travaux, sauf exceptions ponctuelles prévues par le règlement.","etudeGeotechniqueG2":true,"diagnostic":"Non obligatoire pour l'habitat ; auto-diagnostic de vulnérabilité recommandé (à la charge du propriétaire).","zoneRefuge":"Conditionnelle : si le plancher ne peut pas être calé au-dessus des PHEC (impossibilité fonctionnelle dûment justifiée), un niveau refuge adapté est exigé (20 m² minimum pour une habitation, hauteur 1,80 m minimum, un refuge par logement/local, pas de refuge \"collectif\").","refugeCategorie":"Conditionnelle (impossibilité fonctionnelle à justifier)","zonesIntersectees":"Ri;Rie","etagePresent":"Non","etageSource":"connu (BDNB Fichiers Fonciers nb_niveau=1)","typologie":"Activité économique","eligibiliteFprnm":"Potentiellement éligible - activité : Fonds Barnier (FPRNM) à 20 % des travaux prescrits si moins de 20 salariés (effectif non déductible des données géographiques, à vérifier), sous réserve d'un bien existant avant le 21/06/2022.","nbLogements":0,"hauteurM":4.6,"isErp":false}},{"type":"Feature","geometry":{"coordinates":[[[1.227912,43.288041],[1.22792,43.288017],[1.227968,43.288023],[1.227962,43.288046],[1.227912,43.288041]]],"type":"Polygon"},"properties":{"id":"BATIMENT0000000343236185","zoneCode":"Bi","zoneLabel":"Bleue inondation","zoneColor":"#4FA8E0","concerne":true,"regime":"Constructions nouvelles : Autorisées sous prescriptions (plancher au-dessus des PHEC, transparence hydraulique, matériaux les moins vulnérables). Constructions existantes : Extension jusqu'à 30 % de l'emprise existante, une seule fois depuis le 06/02/2018.","etudeGeotechniqueG2":false,"diagnostic":"Non obligatoire pour l'habitat ; auto-diagnostic de vulnérabilité recommandé (à la charge du propriétaire).","zoneRefuge":"Conditionnelle : si le plancher ne peut pas être calé au-dessus des PHEC (impossibilité fonctionnelle dûment justifiée), un niveau refuge adapté est exigé (20 m² minimum pour une habitation, hauteur 1,80 m minimum, un refuge par logement/local, pas de refuge \"collectif\").","refugeCategorie":"Conditionnelle (impossibilité fonctionnelle à justifier)","zonesIntersectees":"Bi","etagePresent":"Non","etageSource":"estimé par la hauteur du bâti (3.1 m), fiabilité modérée","typologie":"Typologie indéterminée (donnée absente ou non exploitable)","eligibiliteFprnm":"Non déterminé - typologie non qualifiée en l'état, à vérifier sur site.","hauteurM":3.1,"isErp":false}},{"type":"Feature","geometry":{"coordinates":[[[1.22805,43.287921],[1.227941,43.287908],[1.227988,43.287761],[1.228094,43.287775],[1.22805,43.287921]]],"type":"Polygon"},"properties":{"id":"BATIMENT0000000343236186","zoneCode":"Bi","zoneLabel":"Bleue inondation","zoneColor":"#4FA8E0","concerne":true,"regime":"Constructions nouvelles : Autorisées sous prescriptions (plancher au-dessus des PHEC, transparence hydraulique, matériaux les moins vulnérables). Constructions existantes : Extension jusqu'à 30 % de l'emprise existante, une seule fois depuis le 06/02/2018.","etudeGeotechniqueG2":false,"diagnostic":"Non obligatoire pour l'habitat ; auto-diagnostic de vulnérabilité recommandé (à la charge du propriétaire).","zoneRefuge":"Conditionnelle : si le plancher ne peut pas être calé au-dessus des PHEC (impossibilité fonctionnelle dûment justifiée), un niveau refuge adapté est exigé (20 m² minimum pour une habitation, hauteur 1,80 m minimum, un refuge par logement/local, pas de refuge \"collectif\").","refugeCategorie":"Conditionnelle (impossibilité fonctionnelle à justifier)","zonesIntersectees":"Bi","etagePresent":"Non","etageSource":"connu (BDNB Fichiers Fonciers nb_niveau=1)","typologie":"Logement collectif (2 logements)","eligibiliteFprnm":"Éligible - habitation : Fonds Barnier (FPRNM) à 80 % des travaux de prévention prescrits par le PPRN, plafond légal national, sous réserve d'un bien existant avant le 21/06/2022.","nbLogements":2,"hauteurM":3.8,"isErp":false}},{"type":"Feature","geometry":{"coordinates":[[[1.228094,43.287775],[1.228134,43.287781],[1.228121,43.287824],[1.228095,43.287822],[1.228091,43.287835],[1.228103,43.287837],[1.228093,43.287871],[1.228066,43.287868],[1.228094,43.287775]]],"type":"Polygon"},"properties":{"id":"BATIMENT0000000343236187","zoneCode":"Bi","zoneLabel":"Bleue inondation","zoneColor":"#4FA8E0","concerne":true,"regime":"Constructions nouvelles : Autorisées sous prescriptions (plancher au-dessus des PHEC, transparence hydraulique, matériaux les moins vulnérables). Constructions existantes : Extension jusqu'à 30 % de l'emprise existante, une seule fois depuis le 06/02/2018.","etudeGeotechniqueG2":false,"diagnostic":"Non obligatoire pour l'habitat ; auto-diagnostic de vulnérabilité recommandé (à la charge du propriétaire).","zoneRefuge":"Conditionnelle : si le plancher ne peut pas être calé au-dessus des PHEC (impossibilité fonctionnelle dûment justifiée), un niveau refuge adapté est exigé (20 m² minimum pour une habitation, hauteur 1,80 m minimum, un refuge par logement/local, pas de refuge \"collectif\").","refugeCategorie":"Conditionnelle (impossibilité fonctionnelle à justifier)","zonesIntersectees":"Bi","etagePresent":"Non","etageSource":"connu (BDNB Fichiers Fonciers nb_niveau=1)","typologie":"Logement collectif (2 logements)","typologieSource":"BDNB (Fichiers Fonciers)","eligibiliteFprnm":"Éligible - habitation : Fonds Barnier (FPRNM) à 80 % des travaux de prévention prescrits par le PPRN, plafond légal national, sous réserve d'un bien existant avant le 21/06/2022.","hauteurM":2.9,"isErp":false}},{"type":"Feature","geometry":{"coordinates":[[[1.227941,43.287908],[1.228029,43.287919],[1.228015,43.287964],[1.227926,43.287953],[1.227941,43.287908]]],"type":"Polygon"},"properties":{"id":"BATIMENT0000000343236188","zoneCode":"Bi","zoneLabel":"Bleue inondation","zoneColor":"#4FA8E0","concerne":true,"regime":"Constructions nouvelles : Autorisées sous prescriptions (plancher au-dessus des PHEC, transparence hydraulique, matériaux les moins vulnérables). Constructions existantes : Extension jusqu'à 30 % de l'emprise existante, une seule fois depuis le 06/02/2018.","etudeGeotechniqueG2":false,"diagnostic":"Non obligatoire pour l'habitat ; auto-diagnostic de vulnérabilité recommandé (à la charge du propriétaire).","zoneRefuge":"Conditionnelle : si le plancher ne peut pas être calé au-dessus des PHEC (impossibilité fonctionnelle dûment justifiée), un niveau refuge adapté est exigé (20 m² minimum pour une habitation, hauteur 1,80 m minimum, un refuge par logement/local, pas de refuge \"collectif\").","refugeCategorie":"Conditionnelle (impossibilité fonctionnelle à justifier)","zonesIntersectees":"Bi","etagePresent":"Oui","etageSource":"connu (BD TOPO nombre_d_etages)","typologie":"Maison individuelle","eligibiliteFprnm":"Éligible - habitation : Fonds Barnier (FPRNM) à 80 % des travaux de prévention prescrits par le PPRN, plafond légal national, sous réserve d'un bien existant avant le 21/06/2022.","nbLogements":1,"hauteurM":5.1,"isErp":false}},{"type":"Feature","geometry":{"coordinates":[[[1.228075,43.287996],[1.228082,43.287975],[1.228026,43.287968],[1.228021,43.287988],[1.228075,43.287996]]],"type":"Polygon"},"properties":{"id":"BATIMENT0000000343236189","zoneCode":"Bi","zoneLabel":"Bleue inondation","zoneColor":"#4FA8E0","concerne":true,"regime":"Constructions nouvelles : Autorisées sous prescriptions (plancher au-dessus des PHEC, transparence hydraulique, matériaux les moins vulnérables). Constructions existantes : Extension jusqu'à 30 % de l'emprise existante, une seule fois depuis le 06/02/2018.","etudeGeotechniqueG2":false,"diagnostic":"Non obligatoire pour l'habitat ; auto-diagnostic de vulnérabilité recommandé (à la charge du propriétaire).","zoneRefuge":"Conditionnelle : si le plancher ne peut pas être calé au-dessus des PHEC (impossibilité fonctionnelle dûment justifiée), un niveau refuge adapté est exigé (20 m² minimum pour une habitation, hauteur 1,80 m minimum, un refuge par logement/local, pas de refuge \"collectif\").","refugeCategorie":"Conditionnelle (impossibilité fonctionnelle à justifier)","zonesIntersectees":"Bi","etagePresent":"Non","etageSource":"estimé par la hauteur du bâti (2.5 m), fiabilité modérée","typologie":"Typologie indéterminée (donnée absente ou non exploitable)","eligibiliteFprnm":"Non déterminé - typologie non qualifiée en l'état, à vérifier sur site.","hauteurM":2.5,"isErp":false}},{"type":"Feature","geometry":{"coordinates":[[[1.228289,43.287928],[1.228181,43.287916],[1.228203,43.287831],[1.228258,43.287838],[1.228262,43.287821],[1.228347,43.287831],[1.228337,43.287878],[1.228299,43.287875],[1.228289,43.287928]]],"type":"Polygon"},"properties":{"id":"BATIMENT0000000343236190","zoneCode":"Bi","zoneLabel":"Bleue inondation","zoneColor":"#4FA8E0","concerne":true,"regime":"Constructions nouvelles : Autorisées sous prescriptions (plancher au-dessus des PHEC, transparence hydraulique, matériaux les moins vulnérables). Constructions existantes : Extension jusqu'à 30 % de l'emprise existante, une seule fois depuis le 06/02/2018.","etudeGeotechniqueG2":false,"diagnostic":"Non obligatoire pour l'habitat ; auto-diagnostic de vulnérabilité recommandé (à la charge du propriétaire).","zoneRefuge":"Conditionnelle : si le plancher ne peut pas être calé au-dessus des PHEC (impossibilité fonctionnelle dûment justifiée), un niveau refuge adapté est exigé (20 m² minimum pour une habitation, hauteur 1,80 m minimum, un refuge par logement/local, pas de refuge \"collectif\").","refugeCategorie":"Conditionnelle (impossibilité fonctionnelle à justifier)","zonesIntersectees":"Bi","etagePresent":"Non","etageSource":"connu (BDNB Fichiers Fonciers nb_niveau=1)","typologie":"Maison individuelle","eligibiliteFprnm":"Éligible - habitation : Fonds Barnier (FPRNM) à 80 % des travaux de prévention prescrits par le PPRN, plafond légal national, sous réserve d'un bien existant avant le 21/06/2022.","nbLogements":1,"hauteurM":4.2,"isErp":false}},{"type":"Feature","geometry":{"coordinates":[[[1.227427,43.289182],[1.227442,43.289133],[1.227236,43.289099],[1.22722,43.289148],[1.227275,43.289157],[1.227273,43.289166],[1.227427,43.289182]]],"type":"Polygon"},"properties":{"id":"BATIMENT0000000343236193","zoneCode":"Ri","zoneLabel":"Rouge inondation","zoneColor":"#E2001A","concerne":true,"regime":"Constructions nouvelles : Interdites, sauf exceptions très limitées (accès de sécurité, abris légers <20 m² une fois, locaux techniques agricoles, serres tunnel...). Constructions existantes : Extension limitée à 20 % de l'emprise existante, une seule fois depuis le 06/02/2018, plancher au-dessus des PHEC.","etudeGeotechniqueG2":false,"diagnostic":"Non obligatoire pour l'habitat ; auto-diagnostic de vulnérabilité recommandé (à la charge du propriétaire).","zoneRefuge":"Conditionnelle : si le plancher ne peut pas être calé au-dessus des PHEC (impossibilité fonctionnelle dûment justifiée), un niveau refuge adapté est exigé (20 m² minimum pour une habitation, hauteur 1,80 m minimum, un refuge par logement/local, pas de refuge \"collectif\").","refugeCategorie":"Conditionnelle (impossibilité fonctionnelle à justifier)","zonesIntersectees":"Ri","etagePresent":"Oui","etageSource":"connu (BDNB Fichiers Fonciers nb_niveau=2)","typologie":"Maison individuelle","eligibiliteFprnm":"Éligible - habitation : Fonds Barnier (FPRNM) à 80 % des travaux de prévention prescrits par le PPRN, plafond légal national, sous réserve d'un bien existant avant le 21/06/2022.","nbLogements":1,"hauteurM":9.1,"isErp":false}},{"type":"Feature","geometry":{"coordinates":[[[1.22912,43.287731],[1.229059,43.287665],[1.22914,43.287626],[1.229133,43.287618],[1.229186,43.287593],[1.229254,43.287668],[1.22912,43.287731]]],"type":"Polygon"},"properties":{"id":"BATIMENT0000000343236200","zoneCode":"Ri","zoneLabel":"Rouge inondation","zoneColor":"#E2001A","concerne":true,"regime":"Constructions nouvelles : Interdites, sauf exceptions très limitées (accès de sécurité, abris légers <20 m² une fois, locaux techniques agricoles, serres tunnel...). Constructions existantes : Extension limitée à 20 % de l'emprise existante, une seule fois depuis le 06/02/2018, plancher au-dessus des PHEC.","etudeGeotechniqueG2":false,"diagnostic":"Non obligatoire pour l'habitat ; auto-diagnostic de vulnérabilité recommandé (à la charge du propriétaire).","zoneRefuge":"Conditionnelle : si le plancher ne peut pas être calé au-dessus des PHEC (impossibilité fonctionnelle dûment justifiée), un niveau refuge adapté est exigé (20 m² minimum pour une habitation, hauteur 1,80 m minimum, un refuge par logement/local, pas de refuge \"collectif\").","refugeCategorie":"Conditionnelle (impossibilité fonctionnelle à justifier)","zonesIntersectees":"Ri","etagePresent":"Non","etageSource":"connu (BDNB Fichiers Fonciers nb_niveau=1)","typologie":"Maison individuelle","eligibiliteFprnm":"Éligible - habitation : Fonds Barnier (FPRNM) à 80 % des travaux de prévention prescrits par le PPRN, plafond légal national, sous réserve d'un bien existant avant le 21/06/2022.","nbLogements":1,"hauteurM":5.2,"isErp":false}},{"type":"Feature","geometry":{"coordinates":[[[1.227984,43.287432],[1.227847,43.2874],[1.227876,43.287343],[1.22801,43.287374],[1.227984,43.287432]]],"type":"Polygon"},"properties":{"id":"BATIMENT0000000343236201","zoneCode":"Ri","zoneLabel":"Rouge inondation","zoneColor":"#E2001A","concerne":true,"regime":"Constructions nouvelles : Interdites, sauf exceptions très limitées (accès de sécurité, abris légers <20 m² une fois, locaux techniques agricoles, serres tunnel...). Constructions existantes : Extension limitée à 20 % de l'emprise existante, une seule fois depuis le 06/02/2018, plancher au-dessus des PHEC.","etudeGeotechniqueG2":false,"diagnostic":"Non obligatoire pour l'habitat ; auto-diagnostic de vulnérabilité recommandé (à la charge du propriétaire).","zoneRefuge":"Conditionnelle : si le plancher ne peut pas être calé au-dessus des PHEC (impossibilité fonctionnelle dûment justifiée), un niveau refuge adapté est exigé (20 m² minimum pour une habitation, hauteur 1,80 m minimum, un refuge par logement/local, pas de refuge \"collectif\").","refugeCategorie":"Conditionnelle (impossibilité fonctionnelle à justifier)","zonesIntersectees":"Ri","etagePresent":"Non","etageSource":"connu (BDNB Fichiers Fonciers nb_niveau=1)","typologie":"Maison individuelle","eligibiliteFprnm":"Éligible - habitation : Fonds Barnier (FPRNM) à 80 % des travaux de prévention prescrits par le PPRN, plafond légal national, sous réserve d'un bien existant avant le 21/06/2022.","nbLogements":1,"hauteurM":4.0,"isErp":false}},{"type":"Feature","geometry":{"coordinates":[[[1.228871,43.288145],[1.228884,43.28824],[1.228709,43.288253],[1.228698,43.288157],[1.228871,43.288145]]],"type":"Polygon"},"properties":{"id":"BATIMENT0000000343236202","zoneCode":"Ri","zoneLabel":"Rouge inondation","zoneColor":"#E2001A","concerne":true,"regime":"Constructions nouvelles : Interdites, sauf exceptions très limitées (accès de sécurité, abris légers <20 m² une fois, locaux techniques agricoles, serres tunnel...). Constructions existantes : Extension limitée à 20 % de l'emprise existante, une seule fois depuis le 06/02/2018, plancher au-dessus des PHEC.","etudeGeotechniqueG2":false,"diagnostic":"Non obligatoire pour l'habitat ; auto-diagnostic de vulnérabilité recommandé (à la charge du propriétaire).","zoneRefuge":"Conditionnelle : si le plancher ne peut pas être calé au-dessus des PHEC (impossibilité fonctionnelle dûment justifiée), un niveau refuge adapté est exigé (20 m² minimum pour une habitation, hauteur 1,80 m minimum, un refuge par logement/local, pas de refuge \"collectif\").","refugeCategorie":"Conditionnelle (impossibilité fonctionnelle à justifier)","zonesIntersectees":"Bi;GHi;Ri","etagePresent":"Oui","etageSource":"connu (BDNB Fichiers Fonciers nb_niveau=2)","typologie":"Maison individuelle","eligibiliteFprnm":"Éligible - habitation : Fonds Barnier (FPRNM) à 80 % des travaux de prévention prescrits par le PPRN, plafond légal national, sous réserve d'un bien existant avant le 21/06/2022.","nbLogements":1,"hauteurM":8.0,"isErp":false}},{"type":"Feature","geometry":{"coordinates":[[[1.228549,43.287787],[1.228482,43.287782],[1.2285,43.287689],[1.228569,43.287696],[1.228549,43.287787]]],"type":"Polygon"},"properties":{"id":"BATIMENT0000000343236203","zoneCode":"Bi","zoneLabel":"Bleue inondation","zoneColor":"#4FA8E0","concerne":true,"regime":"Constructions nouvelles : Autorisées sous prescriptions (plancher au-dessus des PHEC, transparence hydraulique, matériaux les moins vulnérables). Constructions existantes : Extension jusqu'à 30 % de l'emprise existante, une seule fois depuis le 06/02/2018.","etudeGeotechniqueG2":false,"diagnostic":"Non obligatoire pour l'habitat ; auto-diagnostic de vulnérabilité recommandé (à la charge du propriétaire).","zoneRefuge":"Conditionnelle : si le plancher ne peut pas être calé au-dessus des PHEC (impossibilité fonctionnelle dûment justifiée), un niveau refuge adapté est exigé (20 m² minimum pour une habitation, hauteur 1,80 m minimum, un refuge par logement/local, pas de refuge \"collectif\").","refugeCategorie":"Conditionnelle (impossibilité fonctionnelle à justifier)","zonesIntersectees":"Bi","etagePresent":"Non","etageSource":"connu (BDNB Fichiers Fonciers nb_niveau=1)","typologie":"Annexe (non habitée)","eligibiliteFprnm":"Non déterminé - typologie non qualifiée en l'état, à vérifier sur site.","nbLogements":0,"hauteurM":2.7,"isErp":false}},{"type":"Feature","geometry":{"coordinates":[[[1.227846,43.287546],[1.227857,43.287507],[1.227843,43.287505],[1.227856,43.287467],[1.228012,43.287496],[1.228001,43.287536],[1.227987,43.287533],[1.227971,43.287573],[1.227846,43.287546]]],"type":"Polygon"},"properties":{"id":"BATIMENT0000000343236204","zoneCode":"Ri","zoneLabel":"Rouge inondation","zoneColor":"#E2001A","concerne":true,"regime":"Constructions nouvelles : Interdites, sauf exceptions très limitées (accès de sécurité, abris légers <20 m² une fois, locaux techniques agricoles, serres tunnel...). Constructions existantes : Extension limitée à 20 % de l'emprise existante, une seule fois depuis le 06/02/2018, plancher au-dessus des PHEC.","etudeGeotechniqueG2":false,"diagnostic":"Non obligatoire pour l'habitat ; auto-diagnostic de vulnérabilité recommandé (à la charge du propriétaire).","zoneRefuge":"Conditionnelle : si le plancher ne peut pas être calé au-dessus des PHEC (impossibilité fonctionnelle dûment justifiée), un niveau refuge adapté est exigé (20 m² minimum pour une habitation, hauteur 1,80 m minimum, un refuge par logement/local, pas de refuge \"collectif\").","refugeCategorie":"Conditionnelle (impossibilité fonctionnelle à justifier)","zonesIntersectees":"Ri","etagePresent":"Non","etageSource":"connu (BDNB Fichiers Fonciers nb_niveau=1)","typologie":"Maison individuelle","eligibiliteFprnm":"Éligible - habitation : Fonds Barnier (FPRNM) à 80 % des travaux de prévention prescrits par le PPRN, plafond légal national, sous réserve d'un bien existant avant le 21/06/2022.","nbLogements":1,"hauteurM":3.4,"isErp":false}},{"type":"Feature","geometry":{"coordinates":[[[1.227846,43.287546],[1.227857,43.287507],[1.227796,43.287497],[1.227785,43.287534],[1.227846,43.287546]]],"type":"Polygon"},"properties":{"id":"BATIMENT0000000343236205","zoneCode":"Ri","zoneLabel":"Rouge inondation","zoneColor":"#E2001A","concerne":true,"regime":"Constructions nouvelles : Interdites, sauf exceptions très limitées (accès de sécurité, abris légers <20 m² une fois, locaux techniques agricoles, serres tunnel...). Constructions existantes : Extension limitée à 20 % de l'emprise existante, une seule fois depuis le 06/02/2018, plancher au-dessus des PHEC.","etudeGeotechniqueG2":false,"diagnostic":"Non obligatoire pour l'habitat ; auto-diagnostic de vulnérabilité recommandé (à la charge du propriétaire).","zoneRefuge":"Conditionnelle : si le plancher ne peut pas être calé au-dessus des PHEC (impossibilité fonctionnelle dûment justifiée), un niveau refuge adapté est exigé (20 m² minimum pour une habitation, hauteur 1,80 m minimum, un refuge par logement/local, pas de refuge \"collectif\").","refugeCategorie":"Conditionnelle (impossibilité fonctionnelle à justifier)","zonesIntersectees":"Ri","etagePresent":"Non","etageSource":"estimé par la hauteur du bâti (1.9 m), fiabilité modérée","typologie":"Typologie indéterminée (donnée absente ou non exploitable)","eligibiliteFprnm":"Non déterminé - typologie non qualifiée en l'état, à vérifier sur site.","hauteurM":1.9,"isErp":false}},{"type":"Feature","geometry":{"coordinates":[[[1.228997,43.287228],[1.229023,43.287254],[1.228855,43.287339],[1.228801,43.28728],[1.228939,43.287213],[1.228967,43.287243],[1.228997,43.287228]]],"type":"Polygon"},"properties":{"id":"BATIMENT0000000343236206","zoneCode":"Ri","zoneLabel":"Rouge inondation","zoneColor":"#E2001A","concerne":true,"regime":"Constructions nouvelles : Interdites, sauf exceptions très limitées (accès de sécurité, abris légers <20 m² une fois, locaux techniques agricoles, serres tunnel...). Constructions existantes : Extension limitée à 20 % de l'emprise existante, une seule fois depuis le 06/02/2018, plancher au-dessus des PHEC.","etudeGeotechniqueG2":false,"diagnostic":"Non obligatoire pour l'habitat ; auto-diagnostic de vulnérabilité recommandé (à la charge du propriétaire).","zoneRefuge":"Conditionnelle : si le plancher ne peut pas être calé au-dessus des PHEC (impossibilité fonctionnelle dûment justifiée), un niveau refuge adapté est exigé (20 m² minimum pour une habitation, hauteur 1,80 m minimum, un refuge par logement/local, pas de refuge \"collectif\").","refugeCategorie":"Conditionnelle (impossibilité fonctionnelle à justifier)","zonesIntersectees":"Ri","etagePresent":"Non","etageSource":"connu (BDNB Fichiers Fonciers nb_niveau=1)","typologie":"Maison individuelle","eligibiliteFprnm":"Éligible - habitation : Fonds Barnier (FPRNM) à 80 % des travaux de prévention prescrits par le PPRN, plafond légal national, sous réserve d'un bien existant avant le 21/06/2022.","nbLogements":1,"hauteurM":3.6,"isErp":false}},{"type":"Feature","geometry":{"coordinates":[[[1.228447,43.28795],[1.228441,43.287853],[1.228597,43.287847],[1.228616,43.287953],[1.228549,43.287959],[1.228548,43.287947],[1.228447,43.28795]]],"type":"Polygon"},"properties":{"id":"BATIMENT0000000343236210","zoneCode":"Bi","zoneLabel":"Bleue inondation","zoneColor":"#4FA8E0","concerne":true,"regime":"Constructions nouvelles : Autorisées sous prescriptions (plancher au-dessus des PHEC, transparence hydraulique, matériaux les moins vulnérables). Constructions existantes : Extension jusqu'à 30 % de l'emprise existante, une seule fois depuis le 06/02/2018.","etudeGeotechniqueG2":false,"diagnostic":"Non obligatoire pour l'habitat ; auto-diagnostic de vulnérabilité recommandé (à la charge du propriétaire).","zoneRefuge":"Conditionnelle : si le plancher ne peut pas être calé au-dessus des PHEC (impossibilité fonctionnelle dûment justifiée), un niveau refuge adapté est exigé (20 m² minimum pour une habitation, hauteur 1,80 m minimum, un refuge par logement/local, pas de refuge \"collectif\").","refugeCategorie":"Conditionnelle (impossibilité fonctionnelle à justifier)","zonesIntersectees":"Bi","etagePresent":"Oui","etageSource":"connu (BDNB Fichiers Fonciers nb_niveau=2)","typologie":"Maison individuelle","eligibiliteFprnm":"Éligible - habitation : Fonds Barnier (FPRNM) à 80 % des travaux de prévention prescrits par le PPRN, plafond légal national, sous réserve d'un bien existant avant le 21/06/2022.","nbLogements":1,"hauteurM":4.3,"isErp":false}},{"type":"Feature","geometry":{"coordinates":[[[1.22925,43.287194],[1.229188,43.287169],[1.22917,43.287193],[1.229232,43.287216],[1.22925,43.287194]]],"type":"Polygon"},"properties":{"id":"BATIMENT0000000343236212","zoneCode":"Ri","zoneLabel":"Rouge inondation","zoneColor":"#E2001A","concerne":true,"regime":"Constructions nouvelles : Interdites, sauf exceptions très limitées (accès de sécurité, abris légers <20 m² une fois, locaux techniques agricoles, serres tunnel...). Constructions existantes : Extension limitée à 20 % de l'emprise existante, une seule fois depuis le 06/02/2018, plancher au-dessus des PHEC.","etudeGeotechniqueG2":false,"diagnostic":"Non obligatoire pour l'habitat ; auto-diagnostic de vulnérabilité recommandé (à la charge du propriétaire).","zoneRefuge":"Conditionnelle : si le plancher ne peut pas être calé au-dessus des PHEC (impossibilité fonctionnelle dûment justifiée), un niveau refuge adapté est exigé (20 m² minimum pour une habitation, hauteur 1,80 m minimum, un refuge par logement/local, pas de refuge \"collectif\").","refugeCategorie":"Conditionnelle (impossibilité fonctionnelle à justifier)","zonesIntersectees":"Ri","etagePresent":"Non","etageSource":"connu (BD TOPO nombre_d_etages)","typologie":"Annexe (non habitée)","eligibiliteFprnm":"Non déterminé - typologie non qualifiée en l'état, à vérifier sur site.","nbLogements":0,"hauteurM":1.6,"isErp":false}},{"type":"Feature","geometry":{"coordinates":[[[1.229224,43.287144],[1.229201,43.287141],[1.229197,43.287158],[1.229221,43.287161],[1.229224,43.287144]]],"type":"Polygon"},"properties":{"id":"BATIMENT0000000343236214","zoneCode":"Ri","zoneLabel":"Rouge inondation","zoneColor":"#E2001A","concerne":true,"regime":"Constructions nouvelles : Interdites, sauf exceptions très limitées (accès de sécurité, abris légers <20 m² une fois, locaux techniques agricoles, serres tunnel...). Constructions existantes : Extension limitée à 20 % de l'emprise existante, une seule fois depuis le 06/02/2018, plancher au-dessus des PHEC.","etudeGeotechniqueG2":false,"diagnostic":"Non obligatoire pour l'habitat ; auto-diagnostic de vulnérabilité recommandé (à la charge du propriétaire).","zoneRefuge":"Conditionnelle : si le plancher ne peut pas être calé au-dessus des PHEC (impossibilité fonctionnelle dûment justifiée), un niveau refuge adapté est exigé (20 m² minimum pour une habitation, hauteur 1,80 m minimum, un refuge par logement/local, pas de refuge \"collectif\").","refugeCategorie":"Conditionnelle (impossibilité fonctionnelle à justifier)","zonesIntersectees":"Ri","etagePresent":"Non","etageSource":"estimé par la hauteur du bâti (2.0 m), fiabilité modérée","typologie":"Typologie indéterminée (donnée absente ou non exploitable)","eligibiliteFprnm":"Non déterminé - typologie non qualifiée en l'état, à vérifier sur site.","hauteurM":2.0,"isErp":false}},{"type":"Feature","geometry":{"coordinates":[[[1.227504,43.287849],[1.227514,43.287815],[1.227653,43.287837],[1.227644,43.287872],[1.227504,43.287849]]],"type":"Polygon"},"properties":{"id":"BATIMENT0000000343236218","zoneCode":"Rie","zoneLabel":"Rouge inondation + recul de berge","zoneColor":"#C81E3A","concerne":true,"regime":"Constructions nouvelles : Interdites, sauf exceptions très limitées (accès de sécurité, abris légers <20 m² une fois, locaux techniques agricoles, serres tunnel...). Cumul avec le régime Re : interdiction des voies nouvelles en zone de recul de berge sauf impossibilité technique ; étude géotechnique G2 exigée en plus pour les rares travaux autorisés. Constructions existantes : Extension limitée à 20 % de l'emprise existante, une seule fois depuis le 06/02/2018, plancher au-dessus des PHEC. Cumul avec les prescriptions Re (étude géotechnique G2). Le tracé de la zone rouge effondrement peut être contesté par relevé de géomètre en crête de berge de la Garonne. Étude géotechnique G2 (norme NF P 94-500) obligatoire avant travaux, sauf exceptions ponctuelles prévues par le règlement.","etudeGeotechniqueG2":true,"diagnostic":"Non obligatoire pour l'habitat ; auto-diagnostic de vulnérabilité recommandé (à la charge du propriétaire).","zoneRefuge":"Conditionnelle : si le plancher ne peut pas être calé au-dessus des PHEC (impossibilité fonctionnelle dûment justifiée), un niveau refuge adapté est exigé (20 m² minimum pour une habitation, hauteur 1,80 m minimum, un refuge par logement/local, pas de refuge \"collectif\").","refugeCategorie":"Conditionnelle (impossibilité fonctionnelle à justifier)","zonesIntersectees":"Ri;Rie","etagePresent":"Non","etageSource":"connu (BDNB Fichiers Fonciers nb_niveau=1)","typologie":"Maison individuelle","typologieSource":"BDNB (Fichiers Fonciers)","eligibiliteFprnm":"Éligible - habitation : Fonds Barnier (FPRNM) à 80 % des travaux de prévention prescrits par le PPRN, plafond légal national, sous réserve d'un bien existant avant le 21/06/2022.","hauteurM":3.3,"isErp":false}},{"type":"Feature","geometry":{"coordinates":[[[1.229626,43.289498],[1.229594,43.289449],[1.229654,43.289431],[1.229619,43.289371],[1.229684,43.289351],[1.229701,43.289378],[1.229806,43.289348],[1.229856,43.289427],[1.229626,43.289498]]],"type":"Polygon"},"properties":{"id":"BATIMENT0000000343236219","zoneCode":"Bi","zoneLabel":"Bleue inondation","zoneColor":"#4FA8E0","concerne":true,"regime":"Constructions nouvelles : Autorisées sous prescriptions (plancher au-dessus des PHEC, transparence hydraulique, matériaux les moins vulnérables). Constructions existantes : Extension jusqu'à 30 % de l'emprise existante, une seule fois depuis le 06/02/2018.","etudeGeotechniqueG2":false,"diagnostic":"Non obligatoire pour l'habitat ; auto-diagnostic de vulnérabilité recommandé (à la charge du propriétaire).","zoneRefuge":"Conditionnelle : si le plancher ne peut pas être calé au-dessus des PHEC (impossibilité fonctionnelle dûment justifiée), un niveau refuge adapté est exigé (20 m² minimum pour une habitation, hauteur 1,80 m minimum, un refuge par logement/local, pas de refuge \"collectif\").","refugeCategorie":"Conditionnelle (impossibilité fonctionnelle à justifier)","zonesIntersectees":"Bi","etagePresent":"Oui","etageSource":"étage retenu par prudence (1 niveau(x) déclaré(s), incohérent avec la hauteur mesurée 5.5 m > seuil 5.30 m)","typologie":"Maison individuelle","eligibiliteFprnm":"Éligible - habitation : Fonds Barnier (FPRNM) à 80 % des travaux de prévention prescrits par le PPRN, plafond légal national, sous réserve d'un bien existant avant le 21/06/2022.","nbLogements":1,"hauteurM":5.5,"isErp":false}},{"type":"Feature","geometry":{"coordinates":[[[1.230011,43.288259],[1.229851,43.288352],[1.229783,43.288293],[1.229903,43.288224],[1.22995,43.288267],[1.229991,43.288244],[1.230011,43.288259]]],"type":"Polygon"},"properties":{"id":"BATIMENT0000000343236220","zoneCode":"Ri","zoneLabel":"Rouge inondation","zoneColor":"#E2001A","concerne":true,"regime":"Constructions nouvelles : Interdites, sauf exceptions très limitées (accès de sécurité, abris légers <20 m² une fois, locaux techniques agricoles, serres tunnel...). Constructions existantes : Extension limitée à 20 % de l'emprise existante, une seule fois depuis le 06/02/2018, plancher au-dessus des PHEC.","etudeGeotechniqueG2":false,"diagnostic":"Non obligatoire pour l'habitat ; auto-diagnostic de vulnérabilité recommandé (à la charge du propriétaire).","zoneRefuge":"Conditionnelle : si le plancher ne peut pas être calé au-dessus des PHEC (impossibilité fonctionnelle dûment justifiée), un niveau refuge adapté est exigé (20 m² minimum pour une habitation, hauteur 1,80 m minimum, un refuge par logement/local, pas de refuge \"collectif\").","refugeCategorie":"Conditionnelle (impossibilité fonctionnelle à justifier)","zonesIntersectees":"Ri","etagePresent":"Non","etageSource":"connu (BD TOPO nombre_d_etages)","typologie":"Maison individuelle","eligibiliteFprnm":"Éligible - habitation : Fonds Barnier (FPRNM) à 80 % des travaux de prévention prescrits par le PPRN, plafond légal national, sous réserve d'un bien existant avant le 21/06/2022.","nbLogements":1,"hauteurM":5.2,"isErp":false}},{"type":"Feature","geometry":{"coordinates":[[[1.230007,43.288256],[1.229991,43.288244],[1.22995,43.288267],[1.229903,43.288224],[1.230042,43.288145],[1.230103,43.288201],[1.230007,43.288256]]],"type":"Polygon"},"properties":{"id":"BATIMENT0000000343236221","zoneCode":"Ri","zoneLabel":"Rouge inondation","zoneColor":"#E2001A","concerne":true,"regime":"Constructions nouvelles : Interdites, sauf exceptions très limitées (accès de sécurité, abris légers <20 m² une fois, locaux techniques agricoles, serres tunnel...). Constructions existantes : Extension limitée à 20 % de l'emprise existante, une seule fois depuis le 06/02/2018, plancher au-dessus des PHEC.","etudeGeotechniqueG2":false,"diagnostic":"Non obligatoire pour l'habitat ; auto-diagnostic de vulnérabilité recommandé (à la charge du propriétaire).","zoneRefuge":"Conditionnelle : si le plancher ne peut pas être calé au-dessus des PHEC (impossibilité fonctionnelle dûment justifiée), un niveau refuge adapté est exigé (20 m² minimum pour une habitation, hauteur 1,80 m minimum, un refuge par logement/local, pas de refuge \"collectif\").","refugeCategorie":"Conditionnelle (impossibilité fonctionnelle à justifier)","zonesIntersectees":"Ri","etagePresent":"Non","etageSource":"estimé par la hauteur du bâti (3.4 m), fiabilité modérée","typologie":"Typologie indéterminée (donnée absente ou non exploitable)","eligibiliteFprnm":"Non déterminé - typologie non qualifiée en l'état, à vérifier sur site.","hauteurM":3.4,"isErp":false}},{"type":"Feature","geometry":{"coordinates":[[[1.229916,43.288512],[1.229952,43.288507],[1.22996,43.288534],[1.229923,43.288539],[1.229916,43.288512]]],"type":"Polygon"},"properties":{"id":"BATIMENT0000000343236222","zoneCode":"Ri","zoneLabel":"Rouge inondation","zoneColor":"#E2001A","concerne":true,"regime":"Constructions nouvelles : Interdites, sauf exceptions très limitées (accès de sécurité, abris légers <20 m² une fois, locaux techniques agricoles, serres tunnel...). Constructions existantes : Extension limitée à 20 % de l'emprise existante, une seule fois depuis le 06/02/2018, plancher au-dessus des PHEC.","etudeGeotechniqueG2":false,"diagnostic":"Non obligatoire pour l'habitat ; auto-diagnostic de vulnérabilité recommandé (à la charge du propriétaire).","zoneRefuge":"Conditionnelle : si le plancher ne peut pas être calé au-dessus des PHEC (impossibilité fonctionnelle dûment justifiée), un niveau refuge adapté est exigé (20 m² minimum pour une habitation, hauteur 1,80 m minimum, un refuge par logement/local, pas de refuge \"collectif\").","refugeCategorie":"Conditionnelle (impossibilité fonctionnelle à justifier)","zonesIntersectees":"Ri","etagePresent":"Non","etageSource":"estimé par la hauteur du bâti (3.5 m), fiabilité modérée","typologie":"Typologie indéterminée (donnée absente ou non exploitable)","eligibiliteFprnm":"Non déterminé - typologie non qualifiée en l'état, à vérifier sur site.","hauteurM":3.5,"isErp":false}},{"type":"Feature","geometry":{"coordinates":[[[1.229916,43.288512],[1.229923,43.288539],[1.22996,43.288534],[1.229971,43.288577],[1.229933,43.288582],[1.229941,43.288617],[1.229978,43.288613],[1.229987,43.288648],[1.229866,43.288662],[1.229857,43.288627],[1.229889,43.288623],[1.229882,43.288588],[1.229847,43.288593],[1.229852,43.288611],[1.229768,43.288622],[1.22975,43.28855],[1.229798,43.288544],[1.2298,43.288554],[1.229835,43.288549],[1.229833,43.288541],[1.229869,43.288536],[1.229864,43.288518],[1.229916,43.288512]]],"type":"Polygon"},"properties":{"id":"BATIMENT0000000343236223","zoneCode":"Ri","zoneLabel":"Rouge inondation","zoneColor":"#E2001A","concerne":true,"regime":"Constructions nouvelles : Interdites, sauf exceptions très limitées (accès de sécurité, abris légers <20 m² une fois, locaux techniques agricoles, serres tunnel...). Constructions existantes : Extension limitée à 20 % de l'emprise existante, une seule fois depuis le 06/02/2018, plancher au-dessus des PHEC.","etudeGeotechniqueG2":false,"diagnostic":"Non obligatoire pour l'habitat ; auto-diagnostic de vulnérabilité recommandé (à la charge du propriétaire).","zoneRefuge":"Conditionnelle : si le plancher ne peut pas être calé au-dessus des PHEC (impossibilité fonctionnelle dûment justifiée), un niveau refuge adapté est exigé (20 m² minimum pour une habitation, hauteur 1,80 m minimum, un refuge par logement/local, pas de refuge \"collectif\").","refugeCategorie":"Conditionnelle (impossibilité fonctionnelle à justifier)","zonesIntersectees":"Ri","etagePresent":"Non","etageSource":"connu (BDNB Fichiers Fonciers nb_niveau=1)","typologie":"Maison individuelle","eligibiliteFprnm":"Éligible - habitation : Fonds Barnier (FPRNM) à 80 % des travaux de prévention prescrits par le PPRN, plafond légal national, sous réserve d'un bien existant avant le 21/06/2022.","nbLogements":1,"hauteurM":4.5,"isErp":false}},{"type":"Feature","geometry":{"coordinates":[[[1.229866,43.288662],[1.229857,43.288627],[1.229889,43.288623],[1.229882,43.288588],[1.229847,43.288593],[1.229852,43.288611],[1.229838,43.288613],[1.22985,43.288664],[1.229866,43.288662]]],"type":"Polygon"},"properties":{"id":"BATIMENT0000000343236224","zoneCode":"Ri","zoneLabel":"Rouge inondation","zoneColor":"#E2001A","concerne":true,"regime":"Constructions nouvelles : Interdites, sauf exceptions très limitées (accès de sécurité, abris légers <20 m² une fois, locaux techniques agricoles, serres tunnel...). Constructions existantes : Extension limitée à 20 % de l'emprise existante, une seule fois depuis le 06/02/2018, plancher au-dessus des PHEC.","etudeGeotechniqueG2":false,"diagnostic":"Non obligatoire pour l'habitat ; auto-diagnostic de vulnérabilité recommandé (à la charge du propriétaire).","zoneRefuge":"Conditionnelle : si le plancher ne peut pas être calé au-dessus des PHEC (impossibilité fonctionnelle dûment justifiée), un niveau refuge adapté est exigé (20 m² minimum pour une habitation, hauteur 1,80 m minimum, un refuge par logement/local, pas de refuge \"collectif\").","refugeCategorie":"Conditionnelle (impossibilité fonctionnelle à justifier)","zonesIntersectees":"Ri","etagePresent":"Non","etageSource":"estimé par la hauteur du bâti (2.6 m), fiabilité modérée","typologie":"Typologie indéterminée (donnée absente ou non exploitable)","eligibiliteFprnm":"Non déterminé - typologie non qualifiée en l'état, à vérifier sur site.","hauteurM":2.6,"isErp":false}},{"type":"Feature","geometry":{"coordinates":[[[1.229958,43.288033],[1.229995,43.288067],[1.229903,43.288116],[1.229867,43.288081],[1.229958,43.288033]]],"type":"Polygon"},"properties":{"id":"BATIMENT0000000343236225","zoneCode":"Ri","zoneLabel":"Rouge inondation","zoneColor":"#E2001A","concerne":true,"regime":"Constructions nouvelles : Interdites, sauf exceptions très limitées (accès de sécurité, abris légers <20 m² une fois, locaux techniques agricoles, serres tunnel...). Constructions existantes : Extension limitée à 20 % de l'emprise existante, une seule fois depuis le 06/02/2018, plancher au-dessus des PHEC.","etudeGeotechniqueG2":false,"diagnostic":"Non obligatoire pour l'habitat ; auto-diagnostic de vulnérabilité recommandé (à la charge du propriétaire).","zoneRefuge":"Conditionnelle : si le plancher ne peut pas être calé au-dessus des PHEC (impossibilité fonctionnelle dûment justifiée), un niveau refuge adapté est exigé (20 m² minimum pour une habitation, hauteur 1,80 m minimum, un refuge par logement/local, pas de refuge \"collectif\").","refugeCategorie":"Conditionnelle (impossibilité fonctionnelle à justifier)","zonesIntersectees":"Ri","etagePresent":"Non","etageSource":"estimé par la hauteur du bâti (3.9 m), fiabilité modérée","typologie":"Typologie indéterminée (donnée absente ou non exploitable)","eligibiliteFprnm":"Non déterminé - typologie non qualifiée en l'état, à vérifier sur site.","hauteurM":3.9,"isErp":false}},{"type":"Feature","geometry":{"coordinates":[[[1.229965,43.288039],[1.230013,43.288016],[1.23004,43.288043],[1.229995,43.288067],[1.229965,43.288039]]],"type":"Polygon"},"properties":{"id":"BATIMENT0000000343236226","zoneCode":"Ri","zoneLabel":"Rouge inondation","zoneColor":"#E2001A","concerne":true,"regime":"Constructions nouvelles : Interdites, sauf exceptions très limitées (accès de sécurité, abris légers <20 m² une fois, locaux techniques agricoles, serres tunnel...). Constructions existantes : Extension limitée à 20 % de l'emprise existante, une seule fois depuis le 06/02/2018, plancher au-dessus des PHEC.","etudeGeotechniqueG2":false,"diagnostic":"Non obligatoire pour l'habitat ; auto-diagnostic de vulnérabilité recommandé (à la charge du propriétaire).","zoneRefuge":"Conditionnelle : si le plancher ne peut pas être calé au-dessus des PHEC (impossibilité fonctionnelle dûment justifiée), un niveau refuge adapté est exigé (20 m² minimum pour une habitation, hauteur 1,80 m minimum, un refuge par logement/local, pas de refuge \"collectif\").","refugeCategorie":"Conditionnelle (impossibilité fonctionnelle à justifier)","zonesIntersectees":"Ri","etagePresent":"Non","etageSource":"estimé par la hauteur du bâti (4.3 m), fiabilité modérée","typologie":"Typologie indéterminée (donnée absente ou non exploitable)","eligibiliteFprnm":"Non déterminé - typologie non qualifiée en l'état, à vérifier sur site.","hauteurM":4.3,"isErp":false}},{"type":"Feature","geometry":{"coordinates":[[[1.229535,43.288567],[1.22947,43.288575],[1.229464,43.288556],[1.229384,43.288566],[1.229367,43.288498],[1.229515,43.28848],[1.229535,43.288567]]],"type":"Polygon"},"properties":{"id":"BATIMENT0000000343236227","zoneCode":"Bi","zoneLabel":"Bleue inondation","zoneColor":"#4FA8E0","concerne":true,"regime":"Constructions nouvelles : Autorisées sous prescriptions (plancher au-dessus des PHEC, transparence hydraulique, matériaux les moins vulnérables). Constructions existantes : Extension jusqu'à 30 % de l'emprise existante, une seule fois depuis le 06/02/2018.","etudeGeotechniqueG2":false,"diagnostic":"Non obligatoire pour l'habitat ; auto-diagnostic de vulnérabilité recommandé (à la charge du propriétaire).","zoneRefuge":"Conditionnelle : si le plancher ne peut pas être calé au-dessus des PHEC (impossibilité fonctionnelle dûment justifiée), un niveau refuge adapté est exigé (20 m² minimum pour une habitation, hauteur 1,80 m minimum, un refuge par logement/local, pas de refuge \"collectif\").","refugeCategorie":"Conditionnelle (impossibilité fonctionnelle à justifier)","zonesIntersectees":"Bi","etagePresent":"Oui","etageSource":"étage retenu par prudence (1 niveau(x) déclaré(s), incohérent avec la hauteur mesurée 6.0 m > seuil 5.30 m)","typologie":"Maison individuelle","eligibiliteFprnm":"Éligible - habitation : Fonds Barnier (FPRNM) à 80 % des travaux de prévention prescrits par le PPRN, plafond légal national, sous réserve d'un bien existant avant le 21/06/2022.","nbLogements":1,"hauteurM":6.0,"isErp":false}},{"type":"Feature","geometry":{"coordinates":[[[1.229469,43.287805],[1.229415,43.28783],[1.229404,43.287818],[1.229458,43.287792],[1.229469,43.287805]]],"type":"Polygon"},"properties":{"id":"BATIMENT0000000343236228","zoneCode":"Ri","zoneLabel":"Rouge inondation","zoneColor":"#E2001A","concerne":true,"regime":"Constructions nouvelles : Interdites, sauf exceptions très limitées (accès de sécurité, abris légers <20 m² une fois, locaux techniques agricoles, serres tunnel...). Constructions existantes : Extension limitée à 20 % de l'emprise existante, une seule fois depuis le 06/02/2018, plancher au-dessus des PHEC.","etudeGeotechniqueG2":false,"diagnostic":"Non obligatoire pour l'habitat ; auto-diagnostic de vulnérabilité recommandé (à la charge du propriétaire).","zoneRefuge":"Conditionnelle : si le plancher ne peut pas être calé au-dessus des PHEC (impossibilité fonctionnelle dûment justifiée), un niveau refuge adapté est exigé (20 m² minimum pour une habitation, hauteur 1,80 m minimum, un refuge par logement/local, pas de refuge \"collectif\").","refugeCategorie":"Conditionnelle (impossibilité fonctionnelle à justifier)","zonesIntersectees":"Ri","etagePresent":"Oui","etageSource":"estimé par la hauteur du bâti (5.5 m), fiabilité modérée","typologie":"Typologie indéterminée (donnée absente ou non exploitable)","eligibiliteFprnm":"Non déterminé - typologie non qualifiée en l'état, à vérifier sur site.","hauteurM":5.5,"isErp":false}},{"type":"Feature","geometry":{"coordinates":[[[1.229469,43.287805],[1.229458,43.287792],[1.229404,43.287818],[1.229378,43.287788],[1.229398,43.28778],[1.229355,43.287732],[1.229453,43.287687],[1.229462,43.287698],[1.229561,43.287652],[1.229612,43.287709],[1.229547,43.287738],[1.229567,43.287759],[1.229469,43.287805]]],"type":"Polygon"},"properties":{"id":"BATIMENT0000000343236229","zoneCode":"Ri","zoneLabel":"Rouge inondation","zoneColor":"#E2001A","concerne":true,"regime":"Constructions nouvelles : Interdites, sauf exceptions très limitées (accès de sécurité, abris légers <20 m² une fois, locaux techniques agricoles, serres tunnel...). Constructions existantes : Extension limitée à 20 % de l'emprise existante, une seule fois depuis le 06/02/2018, plancher au-dessus des PHEC.","etudeGeotechniqueG2":false,"diagnostic":"Non obligatoire pour l'habitat ; auto-diagnostic de vulnérabilité recommandé (à la charge du propriétaire).","zoneRefuge":"Conditionnelle : si le plancher ne peut pas être calé au-dessus des PHEC (impossibilité fonctionnelle dûment justifiée), un niveau refuge adapté est exigé (20 m² minimum pour une habitation, hauteur 1,80 m minimum, un refuge par logement/local, pas de refuge \"collectif\").","refugeCategorie":"Conditionnelle (impossibilité fonctionnelle à justifier)","zonesIntersectees":"Ri","etagePresent":"Oui","etageSource":"connu (BDNB Fichiers Fonciers nb_niveau=2)","typologie":"Maison individuelle","eligibiliteFprnm":"Éligible - habitation : Fonds Barnier (FPRNM) à 80 % des travaux de prévention prescrits par le PPRN, plafond légal national, sous réserve d'un bien existant avant le 21/06/2022.","nbLogements":1,"hauteurM":6.0,"isErp":false}},{"type":"Feature","geometry":{"coordinates":[[[1.229398,43.28778],[1.229378,43.287788],[1.229346,43.287753],[1.22934,43.287755],[1.229319,43.287733],[1.229346,43.28772],[1.229398,43.28778]]],"type":"Polygon"},"properties":{"id":"BATIMENT0000000343236230","zoneCode":"Ri","zoneLabel":"Rouge inondation","zoneColor":"#E2001A","concerne":true,"regime":"Constructions nouvelles : Interdites, sauf exceptions très limitées (accès de sécurité, abris légers <20 m² une fois, locaux techniques agricoles, serres tunnel...). Constructions existantes : Extension limitée à 20 % de l'emprise existante, une seule fois depuis le 06/02/2018, plancher au-dessus des PHEC.","etudeGeotechniqueG2":false,"diagnostic":"Non obligatoire pour l'habitat ; auto-diagnostic de vulnérabilité recommandé (à la charge du propriétaire).","zoneRefuge":"Conditionnelle : si le plancher ne peut pas être calé au-dessus des PHEC (impossibilité fonctionnelle dûment justifiée), un niveau refuge adapté est exigé (20 m² minimum pour une habitation, hauteur 1,80 m minimum, un refuge par logement/local, pas de refuge \"collectif\").","refugeCategorie":"Conditionnelle (impossibilité fonctionnelle à justifier)","zonesIntersectees":"Ri","etagePresent":"Non","etageSource":"estimé par la hauteur du bâti (4.5 m), fiabilité modérée","typologie":"Typologie indéterminée (donnée absente ou non exploitable)","eligibiliteFprnm":"Non déterminé - typologie non qualifiée en l'état, à vérifier sur site.","hauteurM":4.5,"isErp":false}},{"type":"Feature","geometry":{"coordinates":[[[1.231169,43.289385],[1.231178,43.289458],[1.230977,43.289468],[1.230971,43.289396],[1.231169,43.289385]]],"type":"Polygon"},"properties":{"id":"BATIMENT0000000343236231","zoneCode":"Ri","zoneLabel":"Rouge inondation","zoneColor":"#E2001A","concerne":true,"regime":"Constructions nouvelles : Interdites, sauf exceptions très limitées (accès de sécurité, abris légers <20 m² une fois, locaux techniques agricoles, serres tunnel...). Constructions existantes : Extension limitée à 20 % de l'emprise existante, une seule fois depuis le 06/02/2018, plancher au-dessus des PHEC.","etudeGeotechniqueG2":false,"diagnostic":"Non obligatoire pour l'habitat ; auto-diagnostic de vulnérabilité recommandé (à la charge du propriétaire).","zoneRefuge":"Conditionnelle : si le plancher ne peut pas être calé au-dessus des PHEC (impossibilité fonctionnelle dûment justifiée), un niveau refuge adapté est exigé (20 m² minimum pour une habitation, hauteur 1,80 m minimum, un refuge par logement/local, pas de refuge \"collectif\").","refugeCategorie":"Conditionnelle (impossibilité fonctionnelle à justifier)","zonesIntersectees":"Ri","etagePresent":"Non","etageSource":"connu (BDNB Fichiers Fonciers nb_niveau=1)","typologie":"Annexe (non habitée)","eligibiliteFprnm":"Non déterminé - typologie non qualifiée en l'état, à vérifier sur site.","nbLogements":0,"hauteurM":3.9,"isErp":false}},{"type":"Feature","geometry":{"coordinates":[[[1.230353,43.289365],[1.230402,43.289451],[1.230283,43.289487],[1.230233,43.289398],[1.230353,43.289365]]],"type":"Polygon"},"properties":{"id":"BATIMENT0000000343236232","zoneCode":"Ri","zoneLabel":"Rouge inondation","zoneColor":"#E2001A","concerne":true,"regime":"Constructions nouvelles : Interdites, sauf exceptions très limitées (accès de sécurité, abris légers <20 m² une fois, locaux techniques agricoles, serres tunnel...). Constructions existantes : Extension limitée à 20 % de l'emprise existante, une seule fois depuis le 06/02/2018, plancher au-dessus des PHEC.","etudeGeotechniqueG2":false,"diagnostic":"Non obligatoire pour l'habitat ; auto-diagnostic de vulnérabilité recommandé (à la charge du propriétaire).","zoneRefuge":"Conditionnelle : si le plancher ne peut pas être calé au-dessus des PHEC (impossibilité fonctionnelle dûment justifiée), un niveau refuge adapté est exigé (20 m² minimum pour une habitation, hauteur 1,80 m minimum, un refuge par logement/local, pas de refuge \"collectif\").","refugeCategorie":"Conditionnelle (impossibilité fonctionnelle à justifier)","zonesIntersectees":"Bi;Ri","etagePresent":"Non","etageSource":"connu (BDNB Fichiers Fonciers nb_niveau=1)","typologie":"Maison individuelle","eligibiliteFprnm":"Éligible - habitation : Fonds Barnier (FPRNM) à 80 % des travaux de prévention prescrits par le PPRN, plafond légal national, sous réserve d'un bien existant avant le 21/06/2022.","nbLogements":1,"hauteurM":4.1,"isErp":false}},{"type":"Feature","geometry":{"coordinates":[[[1.231429,43.289339],[1.231433,43.28938],[1.231237,43.28939],[1.231229,43.28935],[1.231429,43.289339]]],"type":"Polygon"},"properties":{"id":"BATIMENT0000000343236235","zoneCode":"Ri","zoneLabel":"Rouge inondation","zoneColor":"#E2001A","concerne":true,"regime":"Constructions nouvelles : Interdites, sauf exceptions très limitées (accès de sécurité, abris légers <20 m² une fois, locaux techniques agricoles, serres tunnel...). Constructions existantes : Extension limitée à 20 % de l'emprise existante, une seule fois depuis le 06/02/2018, plancher au-dessus des PHEC.","etudeGeotechniqueG2":false,"diagnostic":"Non obligatoire pour l'habitat ; auto-diagnostic de vulnérabilité recommandé (à la charge du propriétaire).","zoneRefuge":"Conditionnelle : si le plancher ne peut pas être calé au-dessus des PHEC (impossibilité fonctionnelle dûment justifiée), un niveau refuge adapté est exigé (20 m² minimum pour une habitation, hauteur 1,80 m minimum, un refuge par logement/local, pas de refuge \"collectif\").","refugeCategorie":"Conditionnelle (impossibilité fonctionnelle à justifier)","zonesIntersectees":"Ri","etagePresent":"Non","etageSource":"connu (BDNB Fichiers Fonciers nb_niveau=1)","typologie":"Annexe (non habitée)","typologieSource":"BDNB (Fichiers Fonciers)","eligibiliteFprnm":"Non déterminé - typologie non qualifiée en l'état, à vérifier sur site.","hauteurM":1.9,"isErp":false}},{"type":"Feature","geometry":{"coordinates":[[[1.229829,43.28799],[1.229805,43.287966],[1.229811,43.287963],[1.229711,43.28786],[1.229612,43.287909],[1.22971,43.288011],[1.229717,43.288007],[1.229743,43.288033],[1.229829,43.28799]]],"type":"Polygon"},"properties":{"id":"BATIMENT0000000343236237","zoneCode":"Ri","zoneLabel":"Rouge inondation","zoneColor":"#E2001A","concerne":true,"regime":"Constructions nouvelles : Interdites, sauf exceptions très limitées (accès de sécurité, abris légers <20 m² une fois, locaux techniques agricoles, serres tunnel...). Constructions existantes : Extension limitée à 20 % de l'emprise existante, une seule fois depuis le 06/02/2018, plancher au-dessus des PHEC.","etudeGeotechniqueG2":false,"diagnostic":"Non obligatoire pour l'habitat ; auto-diagnostic de vulnérabilité recommandé (à la charge du propriétaire).","zoneRefuge":"Conditionnelle : si le plancher ne peut pas être calé au-dessus des PHEC (impossibilité fonctionnelle dûment justifiée), un niveau refuge adapté est exigé (20 m² minimum pour une habitation, hauteur 1,80 m minimum, un refuge par logement/local, pas de refuge \"collectif\").","refugeCategorie":"Conditionnelle (impossibilité fonctionnelle à justifier)","zonesIntersectees":"Ri","etagePresent":"Oui","etageSource":"connu (BDNB Fichiers Fonciers nb_niveau=2)","typologie":"Maison individuelle","eligibiliteFprnm":"Éligible - habitation : Fonds Barnier (FPRNM) à 80 % des travaux de prévention prescrits par le PPRN, plafond légal national, sous réserve d'un bien existant avant le 21/06/2022.","nbLogements":1,"hauteurM":5.8,"isErp":false}},{"type":"Feature","geometry":{"coordinates":[[[1.229601,43.288055],[1.229627,43.288081],[1.22967,43.288061],[1.229644,43.288034],[1.229601,43.288055]]],"type":"Polygon"},"properties":{"id":"BATIMENT0000000343236238","zoneCode":"Ri","zoneLabel":"Rouge inondation","zoneColor":"#E2001A","concerne":true,"regime":"Constructions nouvelles : Interdites, sauf exceptions très limitées (accès de sécurité, abris légers <20 m² une fois, locaux techniques agricoles, serres tunnel...). Constructions existantes : Extension limitée à 20 % de l'emprise existante, une seule fois depuis le 06/02/2018, plancher au-dessus des PHEC.","etudeGeotechniqueG2":false,"diagnostic":"Non obligatoire pour l'habitat ; auto-diagnostic de vulnérabilité recommandé (à la charge du propriétaire).","zoneRefuge":"Conditionnelle : si le plancher ne peut pas être calé au-dessus des PHEC (impossibilité fonctionnelle dûment justifiée), un niveau refuge adapté est exigé (20 m² minimum pour une habitation, hauteur 1,80 m minimum, un refuge par logement/local, pas de refuge \"collectif\").","refugeCategorie":"Conditionnelle (impossibilité fonctionnelle à justifier)","zonesIntersectees":"Ri","etagePresent":"Non","etageSource":"estimé par la hauteur du bâti (2.1 m), fiabilité modérée","typologie":"Typologie indéterminée (donnée absente ou non exploitable)","eligibiliteFprnm":"Non déterminé - typologie non qualifiée en l'état, à vérifier sur site.","hauteurM":2.1,"isErp":false}},{"type":"Feature","geometry":{"coordinates":[[[1.229712,43.288103],[1.22967,43.288061],[1.229627,43.288081],[1.229667,43.288123],[1.229712,43.288103]]],"type":"Polygon"},"properties":{"id":"BATIMENT0000000343236239","zoneCode":"Ri","zoneLabel":"Rouge inondation","zoneColor":"#E2001A","concerne":true,"regime":"Constructions nouvelles : Interdites, sauf exceptions très limitées (accès de sécurité, abris légers <20 m² une fois, locaux techniques agricoles, serres tunnel...). Constructions existantes : Extension limitée à 20 % de l'emprise existante, une seule fois depuis le 06/02/2018, plancher au-dessus des PHEC.","etudeGeotechniqueG2":false,"diagnostic":"Non obligatoire pour l'habitat ; auto-diagnostic de vulnérabilité recommandé (à la charge du propriétaire).","zoneRefuge":"Conditionnelle : si le plancher ne peut pas être calé au-dessus des PHEC (impossibilité fonctionnelle dûment justifiée), un niveau refuge adapté est exigé (20 m² minimum pour une habitation, hauteur 1,80 m minimum, un refuge par logement/local, pas de refuge \"collectif\").","refugeCategorie":"Conditionnelle (impossibilité fonctionnelle à justifier)","zonesIntersectees":"Ri","etagePresent":"Non","etageSource":"connu (BD TOPO nombre_d_etages)","typologie":"Annexe (non habitée)","eligibiliteFprnm":"Non déterminé - typologie non qualifiée en l'état, à vérifier sur site.","nbLogements":0,"hauteurM":2.3,"isErp":false}},{"type":"Feature","geometry":{"coordinates":[[[1.22943,43.286994],[1.229342,43.286983],[1.229335,43.28701],[1.229423,43.287021],[1.22943,43.286994]]],"type":"Polygon"},"properties":{"id":"BATIMENT0000000343236240","zoneCode":"Ri","zoneLabel":"Rouge inondation","zoneColor":"#E2001A","concerne":true,"regime":"Constructions nouvelles : Interdites, sauf exceptions très limitées (accès de sécurité, abris légers <20 m² une fois, locaux techniques agricoles, serres tunnel...). Constructions existantes : Extension limitée à 20 % de l'emprise existante, une seule fois depuis le 06/02/2018, plancher au-dessus des PHEC.","etudeGeotechniqueG2":false,"diagnostic":"Non obligatoire pour l'habitat ; auto-diagnostic de vulnérabilité recommandé (à la charge du propriétaire).","zoneRefuge":"Conditionnelle : si le plancher ne peut pas être calé au-dessus des PHEC (impossibilité fonctionnelle dûment justifiée), un niveau refuge adapté est exigé (20 m² minimum pour une habitation, hauteur 1,80 m minimum, un refuge par logement/local, pas de refuge \"collectif\").","refugeCategorie":"Conditionnelle (impossibilité fonctionnelle à justifier)","zonesIntersectees":"Ri","etagePresent":"Oui","etageSource":"estimé par la hauteur du bâti (7.5 m), fiabilité modérée","typologie":"Typologie indéterminée (donnée absente ou non exploitable)","eligibiliteFprnm":"Non déterminé - typologie non qualifiée en l'état, à vérifier sur site.","hauteurM":7.5,"isErp":false}},{"type":"Feature","geometry":{"coordinates":[[[1.260849,43.272711],[1.260851,43.272791],[1.260905,43.272789],[1.260901,43.272709],[1.260849,43.272711]]],"type":"Polygon"},"properties":{"id":"BATIMENT0000000343236576","zoneCode":"RHg","zoneLabel":"Rouge hachurée mouvement de terrain","zoneColor":"#E2001A","concerne":true,"regime":"Constructions nouvelles : Construction de bâtiments nouveaux à usage d'habitation interdite. Constructions existantes : Extension RDC <50 m² une fois depuis le 06/02/2018 sans étude si dénivelé <0,5 m ; au-delà, étude géotechnique G2 requise. Étude géotechnique G2 (norme NF P 94-500) obligatoire avant travaux, sauf exceptions ponctuelles prévues par le règlement.","etudeGeotechniqueG2":true,"diagnostic":"Non concerné (hors zone inondable).","zoneRefuge":"Non applicable (zone hors risque inondation).","refugeCategorie":"Non applicable","zonesIntersectees":"RHg","etagePresent":"Oui","etageSource":"estimé par la hauteur du bâti (7.6 m), fiabilité modérée","typologie":"Typologie indéterminée (donnée absente ou non exploitable)","eligibiliteFprnm":"Non déterminé - typologie non qualifiée en l'état, à vérifier sur site.","hauteurM":7.6,"isErp":false}},{"type":"Feature","geometry":{"coordinates":[[[1.260901,43.272709],[1.261179,43.272701],[1.261183,43.272772],[1.260999,43.272777],[1.260999,43.272787],[1.260905,43.272789],[1.260901,43.272709]]],"type":"Polygon"},"properties":{"id":"BATIMENT0000000343236577","zoneCode":"RHg","zoneLabel":"Rouge hachurée mouvement de terrain","zoneColor":"#E2001A","concerne":true,"regime":"Constructions nouvelles : Construction de bâtiments nouveaux à usage d'habitation interdite. Constructions existantes : Extension RDC <50 m² une fois depuis le 06/02/2018 sans étude si dénivelé <0,5 m ; au-delà, étude géotechnique G2 requise. Étude géotechnique G2 (norme NF P 94-500) obligatoire avant travaux, sauf exceptions ponctuelles prévues par le règlement.","etudeGeotechniqueG2":true,"diagnostic":"Non concerné (hors zone inondable).","zoneRefuge":"Non applicable (zone hors risque inondation).","refugeCategorie":"Non applicable","zonesIntersectees":"RHg","etagePresent":"Oui","etageSource":"étage retenu par prudence (1 niveau(x) déclaré(s), incohérent avec la hauteur mesurée 6.5 m > seuil 5.30 m)","typologie":"Maison individuelle","eligibiliteFprnm":"Éligible - habitation : Fonds Barnier (FPRNM) à 80 % des travaux de prévention prescrits par le PPRN, plafond légal national, sous réserve d'un bien existant avant le 21/06/2022.","nbLogements":1,"hauteurM":6.5,"isErp":false}},{"type":"Feature","geometry":{"coordinates":[[[1.232359,43.309032],[1.232336,43.309038],[1.232379,43.309149],[1.2324,43.309144],[1.232391,43.309123],[1.23259,43.309074],[1.232553,43.308988],[1.232414,43.30902],[1.232436,43.30907],[1.232382,43.309083],[1.232359,43.309032]]],"type":"Polygon"},"properties":{"id":"BATIMENT0000000343237654","zoneCode":"Re","zoneLabel":"Rouge mouvement de terrain (recul de berge)","zoneColor":"#D62839","concerne":true,"regime":"Constructions nouvelles : Interdites, sauf travaux d'infrastructure publique et exceptions mesurées (extension RDC <20 m² une fois, structures garage/annexe <20 m²). Constructions existantes : Extension <20 m² une fois depuis le 06/02/2018, pas de terrassement créant un dénivelé >0,5 m. Étude géotechnique G2 (norme NF P 94-500) obligatoire avant travaux, sauf exceptions ponctuelles prévues par le règlement.","etudeGeotechniqueG2":true,"diagnostic":"Non concerné (hors zone inondable).","zoneRefuge":"Non applicable (zone hors risque inondation).","refugeCategorie":"Non applicable","zonesIntersectees":"BFe;Re","etagePresent":"Oui","etageSource":"connu (BDNB Fichiers Fonciers nb_niveau=2)","typologie":"Maison individuelle","eligibiliteFprnm":"Éligible - habitation : Fonds Barnier (FPRNM) à 80 % des travaux de prévention prescrits par le PPRN, plafond légal national, sous réserve d'un bien existant avant le 21/06/2022.","nbLogements":1,"hauteurM":5.9,"isErp":false}},{"type":"Feature","geometry":{"coordinates":[[[1.23255,43.308609],[1.232525,43.308538],[1.232317,43.308594],[1.232309,43.308577],[1.232255,43.30859],[1.232282,43.30865],[1.232243,43.30866],[1.232259,43.308695],[1.23255,43.308609]]],"type":"Polygon"},"properties":{"id":"BATIMENT0000000343237670","zoneCode":"Re","zoneLabel":"Rouge mouvement de terrain (recul de berge)","zoneColor":"#D62839","concerne":true,"regime":"Constructions nouvelles : Interdites, sauf travaux d'infrastructure publique et exceptions mesurées (extension RDC <20 m² une fois, structures garage/annexe <20 m²). Constructions existantes : Extension <20 m² une fois depuis le 06/02/2018, pas de terrassement créant un dénivelé >0,5 m. Étude géotechnique G2 (norme NF P 94-500) obligatoire avant travaux, sauf exceptions ponctuelles prévues par le règlement.","etudeGeotechniqueG2":true,"diagnostic":"Non concerné (hors zone inondable).","zoneRefuge":"Non applicable (zone hors risque inondation).","refugeCategorie":"Non applicable","zonesIntersectees":"BFe;Re","etagePresent":"Non","etageSource":"connu (BDNB Fichiers Fonciers nb_niveau=1)","typologie":"Logement collectif (2 logements)","eligibiliteFprnm":"Éligible - habitation : Fonds Barnier (FPRNM) à 80 % des travaux de prévention prescrits par le PPRN, plafond légal national, sous réserve d'un bien existant avant le 21/06/2022.","nbLogements":2,"hauteurM":3.6,"isErp":false}},{"type":"Feature","geometry":{"coordinates":[[[1.234347,43.310427],[1.234322,43.310389],[1.234256,43.310438],[1.234239,43.310428],[1.234201,43.310451],[1.234214,43.310468],[1.234117,43.310529],[1.234153,43.310564],[1.234229,43.310629],[1.234381,43.310539],[1.234292,43.310462],[1.234347,43.310427]]],"type":"Polygon"},"properties":{"id":"BATIMENT0000000343237698","zoneCode":"Rig","zoneLabel":"Rouge inondation + mouvement de terrain","zoneColor":"#B0001C","concerne":true,"regime":"Constructions nouvelles : Interdites, sauf exceptions très limitées (accès de sécurité, abris légers <20 m² une fois, locaux techniques agricoles, serres tunnel...). Cumul avec le régime Rg : étude géotechnique G2 exigée en plus pour les rares travaux autorisés. Constructions existantes : Extension limitée à 20 % de l'emprise existante, une seule fois depuis le 06/02/2018, plancher au-dessus des PHEC. Cumul avec les prescriptions Rg (étude géotechnique G2, pas de terrassement >0,5 m). Étude géotechnique G2 (norme NF P 94-500) obligatoire avant travaux, sauf exceptions ponctuelles prévues par le règlement.","etudeGeotechniqueG2":true,"diagnostic":"Non obligatoire pour l'habitat ; auto-diagnostic de vulnérabilité recommandé (à la charge du propriétaire).","zoneRefuge":"Conditionnelle : si le plancher ne peut pas être calé au-dessus des PHEC (impossibilité fonctionnelle dûment justifiée), un niveau refuge adapté est exigé (20 m² minimum pour une habitation, hauteur 1,80 m minimum, un refuge par logement/local, pas de refuge \"collectif\").","refugeCategorie":"Conditionnelle (impossibilité fonctionnelle à justifier)","zonesIntersectees":"BFe;Re;Rie;Rig","etagePresent":"Oui","etageSource":"étage retenu par prudence (1 niveau(x) déclaré(s), incohérent avec la hauteur mesurée 13.3 m > seuil 5.30 m)","typologie":"Logement collectif (2 logements)","eligibiliteFprnm":"Éligible - habitation : Fonds Barnier (FPRNM) à 80 % des travaux de prévention prescrits par le PPRN, plafond légal national, sous réserve d'un bien existant avant le 21/06/2022.","nbLogements":2,"hauteurM":13.3,"isErp":false}},{"type":"Feature","geometry":{"coordinates":[[[1.233974,43.310595],[1.23416,43.310487],[1.234054,43.310388],[1.23389,43.310475],[1.233974,43.310595]]],"type":"Polygon"},"properties":{"id":"BATIMENT0000000343237699","zoneCode":"Re","zoneLabel":"Rouge mouvement de terrain (recul de berge)","zoneColor":"#D62839","concerne":true,"regime":"Constructions nouvelles : Interdites, sauf travaux d'infrastructure publique et exceptions mesurées (extension RDC <20 m² une fois, structures garage/annexe <20 m²). Constructions existantes : Extension <20 m² une fois depuis le 06/02/2018, pas de terrassement créant un dénivelé >0,5 m. Étude géotechnique G2 (norme NF P 94-500) obligatoire avant travaux, sauf exceptions ponctuelles prévues par le règlement.","etudeGeotechniqueG2":true,"diagnostic":"Non concerné (hors zone inondable).","zoneRefuge":"Non applicable (zone hors risque inondation).","refugeCategorie":"Non applicable","zonesIntersectees":"BFe;Re","etagePresent":"Non","etageSource":"estimé par la hauteur du bâti (4.7 m), fiabilité modérée","typologie":"Typologie indéterminée (donnée absente ou non exploitable)","eligibiliteFprnm":"Non déterminé - typologie non qualifiée en l'état, à vérifier sur site.","hauteurM":4.7,"isErp":false}},{"type":"Feature","geometry":{"coordinates":[[[1.233985,43.310368],[1.234017,43.310398],[1.233956,43.310433],[1.233925,43.310402],[1.233985,43.310368]]],"type":"Polygon"},"properties":{"id":"BATIMENT0000000343237709","zoneCode":"Re","zoneLabel":"Rouge mouvement de terrain (recul de berge)","zoneColor":"#D62839","concerne":true,"regime":"Constructions nouvelles : Interdites, sauf travaux d'infrastructure publique et exceptions mesurées (extension RDC <20 m² une fois, structures garage/annexe <20 m²). Constructions existantes : Extension <20 m² une fois depuis le 06/02/2018, pas de terrassement créant un dénivelé >0,5 m. Étude géotechnique G2 (norme NF P 94-500) obligatoire avant travaux, sauf exceptions ponctuelles prévues par le règlement.","etudeGeotechniqueG2":true,"diagnostic":"Non concerné (hors zone inondable).","zoneRefuge":"Non applicable (zone hors risque inondation).","refugeCategorie":"Non applicable","zonesIntersectees":"Re","etagePresent":"Non","etageSource":"estimé par la hauteur du bâti (3.6 m), fiabilité modérée","typologie":"Typologie indéterminée (donnée absente ou non exploitable)","eligibiliteFprnm":"Non déterminé - typologie non qualifiée en l'état, à vérifier sur site.","hauteurM":3.6,"isErp":false}},{"type":"Feature","geometry":{"coordinates":[[[1.213584,43.27693],[1.213572,43.276917],[1.213588,43.276908],[1.213559,43.276872],[1.213611,43.276847],[1.213653,43.2769],[1.213584,43.27693]]],"type":"Polygon"},"properties":{"id":"BATIMENT0000000343239475","zoneCode":"Re","zoneLabel":"Rouge mouvement de terrain (recul de berge)","zoneColor":"#D62839","concerne":true,"regime":"Constructions nouvelles : Interdites, sauf travaux d'infrastructure publique et exceptions mesurées (extension RDC <20 m² une fois, structures garage/annexe <20 m²). Constructions existantes : Extension <20 m² une fois depuis le 06/02/2018, pas de terrassement créant un dénivelé >0,5 m. Étude géotechnique G2 (norme NF P 94-500) obligatoire avant travaux, sauf exceptions ponctuelles prévues par le règlement.","etudeGeotechniqueG2":true,"diagnostic":"Non concerné (hors zone inondable).","zoneRefuge":"Non applicable (zone hors risque inondation).","refugeCategorie":"Non applicable","zonesIntersectees":"Re","etagePresent":"Non","etageSource":"estimé par la hauteur du bâti (3.2 m), fiabilité modérée","typologie":"Typologie indéterminée (donnée absente ou non exploitable)","eligibiliteFprnm":"Non déterminé - typologie non qualifiée en l'état, à vérifier sur site.","hauteurM":3.2,"isErp":false}},{"type":"Feature","geometry":{"coordinates":[[[1.21597,43.27946],[1.21603,43.279519],[1.216114,43.279472],[1.216051,43.279414],[1.21597,43.27946]]],"type":"Polygon"},"properties":{"id":"BATIMENT0000000343239553","zoneCode":"Re","zoneLabel":"Rouge mouvement de terrain (recul de berge)","zoneColor":"#D62839","concerne":true,"regime":"Constructions nouvelles : Interdites, sauf travaux d'infrastructure publique et exceptions mesurées (extension RDC <20 m² une fois, structures garage/annexe <20 m²). Constructions existantes : Extension <20 m² une fois depuis le 06/02/2018, pas de terrassement créant un dénivelé >0,5 m. Étude géotechnique G2 (norme NF P 94-500) obligatoire avant travaux, sauf exceptions ponctuelles prévues par le règlement.","etudeGeotechniqueG2":true,"diagnostic":"Non concerné (hors zone inondable).","zoneRefuge":"Non applicable (zone hors risque inondation).","refugeCategorie":"Non applicable","zonesIntersectees":"Re","etagePresent":"Oui","etageSource":"estimé par la hauteur du bâti (9.0 m), fiabilité modérée","typologie":"Typologie indéterminée (donnée absente ou non exploitable)","eligibiliteFprnm":"Non déterminé - typologie non qualifiée en l'état, à vérifier sur site.","hauteurM":9.0,"isErp":false}},{"type":"Feature","geometry":{"coordinates":[[[1.222438,43.295446],[1.22244,43.29545],[1.222778,43.295438],[1.222778,43.295435],[1.222826,43.295433],[1.222838,43.295509],[1.222854,43.295509],[1.222856,43.295519],[1.222849,43.295529],[1.222704,43.295535],[1.222702,43.295516],[1.222526,43.295519],[1.222522,43.295549],[1.222398,43.295556],[1.222389,43.295448],[1.222438,43.295446]]],"type":"Polygon"},"properties":{"id":"BATIMENT0000000343239559","zoneCode":"GHg","zoneLabel":"Grise hachurée (aggravation glissement)","zoneColor":"#6E6E6E","concerne":true,"regime":"Constructions nouvelles : Autorisées, sous prescriptions de gestion des eaux (pas de nouveaux rejets infiltrés, réseaux étanches). Constructions existantes : Prescriptions identiques : maîtrise des rejets, étanchéité en cas de mise en charge des réseaux.","etudeGeotechniqueG2":false,"diagnostic":"Non concerné (hors zone inondable).","zoneRefuge":"Non applicable (zone hors risque inondation).","refugeCategorie":"Non applicable","zonesIntersectees":"GHg","etagePresent":"Oui","etageSource":"connu (BDNB Fichiers Fonciers nb_niveau=2)","typologie":"Annexe (non habitée)","eligibiliteFprnm":"Non déterminé - typologie non qualifiée en l'état, à vérifier sur site.","nbLogements":0,"hauteurM":5.3,"isErp":false}},{"type":"Feature","geometry":{"coordinates":[[[1.224664,43.295557],[1.224684,43.295711],[1.224781,43.295692],[1.224753,43.295551],[1.224664,43.295557]]],"type":"Polygon"},"properties":{"id":"BATIMENT0000000343239560","zoneCode":"GHg","zoneLabel":"Grise hachurée (aggravation glissement)","zoneColor":"#6E6E6E","concerne":true,"regime":"Constructions nouvelles : Autorisées, sous prescriptions de gestion des eaux (pas de nouveaux rejets infiltrés, réseaux étanches). Constructions existantes : Prescriptions identiques : maîtrise des rejets, étanchéité en cas de mise en charge des réseaux.","etudeGeotechniqueG2":false,"diagnostic":"Non concerné (hors zone inondable).","zoneRefuge":"Non applicable (zone hors risque inondation).","refugeCategorie":"Non applicable","zonesIntersectees":"GHg","etagePresent":"Oui","etageSource":"connu (BD TOPO nombre_d_etages)","typologie":"Activité économique","eligibiliteFprnm":"Potentiellement éligible - activité : Fonds Barnier (FPRNM) à 20 % des travaux prescrits si moins de 20 salariés (effectif non déductible des données géographiques, à vérifier), sous réserve d'un bien existant avant le 21/06/2022.","nbLogements":1,"hauteurM":9.9,"isErp":false}},{"type":"Feature","geometry":{"coordinates":[[[1.224608,43.295727],[1.2246,43.29556],[1.224664,43.295557],[1.224684,43.295711],[1.224608,43.295727]]],"type":"Polygon"},"properties":{"id":"BATIMENT0000000343239561","zoneCode":"GHg","zoneLabel":"Grise hachurée (aggravation glissement)","zoneColor":"#6E6E6E","concerne":true,"regime":"Constructions nouvelles : Autorisées, sous prescriptions de gestion des eaux (pas de nouveaux rejets infiltrés, réseaux étanches). Constructions existantes : Prescriptions identiques : maîtrise des rejets, étanchéité en cas de mise en charge des réseaux.","etudeGeotechniqueG2":false,"diagnostic":"Non concerné (hors zone inondable).","zoneRefuge":"Non applicable (zone hors risque inondation).","refugeCategorie":"Non applicable","zonesIntersectees":"GHg","etagePresent":"Oui","etageSource":"connu (BD TOPO nombre_d_etages)","typologie":"Maison individuelle","eligibiliteFprnm":"Éligible - habitation : Fonds Barnier (FPRNM) à 80 % des travaux de prévention prescrits par le PPRN, plafond légal national, sous réserve d'un bien existant avant le 21/06/2022.","nbLogements":1,"hauteurM":7.3,"isErp":false}},{"type":"Feature","geometry":{"coordinates":[[[1.224761,43.295585],[1.224781,43.295692],[1.224856,43.295676],[1.224831,43.295579],[1.224761,43.295585]]],"type":"Polygon"},"properties":{"id":"BATIMENT0000000343239562","zoneCode":"GHg","zoneLabel":"Grise hachurée (aggravation glissement)","zoneColor":"#6E6E6E","concerne":true,"regime":"Constructions nouvelles : Autorisées, sous prescriptions de gestion des eaux (pas de nouveaux rejets infiltrés, réseaux étanches). Constructions existantes : Prescriptions identiques : maîtrise des rejets, étanchéité en cas de mise en charge des réseaux.","etudeGeotechniqueG2":false,"diagnostic":"Non concerné (hors zone inondable).","zoneRefuge":"Non applicable (zone hors risque inondation).","refugeCategorie":"Non applicable","zonesIntersectees":"GHg","etagePresent":"Oui","etageSource":"connu (BDNB Fichiers Fonciers nb_niveau=3)","typologie":"Maison individuelle","eligibiliteFprnm":"Éligible - habitation : Fonds Barnier (FPRNM) à 80 % des travaux de prévention prescrits par le PPRN, plafond légal national, sous réserve d'un bien existant avant le 21/06/2022.","nbLogements":1,"hauteurM":10.6,"isErp":false}},{"type":"Feature","geometry":{"coordinates":[[[1.224598,43.295532],[1.224608,43.295727],[1.224535,43.295742],[1.224539,43.295531],[1.224598,43.295532]]],"type":"Polygon"},"properties":{"id":"BATIMENT0000000343239563","zoneCode":"GHg","zoneLabel":"Grise hachurée (aggravation glissement)","zoneColor":"#6E6E6E","concerne":true,"regime":"Constructions nouvelles : Autorisées, sous prescriptions de gestion des eaux (pas de nouveaux rejets infiltrés, réseaux étanches). Constructions existantes : Prescriptions identiques : maîtrise des rejets, étanchéité en cas de mise en charge des réseaux.","etudeGeotechniqueG2":false,"diagnostic":"Non concerné (hors zone inondable).","zoneRefuge":"Non applicable (zone hors risque inondation).","refugeCategorie":"Non applicable","zonesIntersectees":"GHg","etagePresent":"Oui","etageSource":"étage retenu par prudence (1 niveau(x) déclaré(s), incohérent avec la hauteur mesurée 7.6 m > seuil 5.30 m)","typologie":"Activité économique","eligibiliteFprnm":"Potentiellement éligible - activité : Fonds Barnier (FPRNM) à 20 % des travaux prescrits si moins de 20 salariés (effectif non déductible des données géographiques, à vérifier), sous réserve d'un bien existant avant le 21/06/2022.","nbLogements":0,"hauteurM":7.6,"isErp":false}},{"type":"Feature","geometry":{"coordinates":[[[1.224361,43.295762],[1.22437,43.295547],[1.224401,43.295547],[1.2244,43.295611],[1.22439,43.295612],[1.224391,43.29564],[1.224499,43.295642],[1.2245,43.29561],[1.224518,43.295611],[1.224521,43.295574],[1.224538,43.295573],[1.224535,43.295742],[1.224361,43.295762]]],"type":"Polygon"},"properties":{"id":"BATIMENT0000000343239564","zoneCode":"GHg","zoneLabel":"Grise hachurée (aggravation glissement)","zoneColor":"#6E6E6E","concerne":true,"regime":"Constructions nouvelles : Autorisées, sous prescriptions de gestion des eaux (pas de nouveaux rejets infiltrés, réseaux étanches). Constructions existantes : Prescriptions identiques : maîtrise des rejets, étanchéité en cas de mise en charge des réseaux.","etudeGeotechniqueG2":false,"diagnostic":"Non concerné (hors zone inondable).","zoneRefuge":"Non applicable (zone hors risque inondation).","refugeCategorie":"Non applicable","zonesIntersectees":"GHg","etagePresent":"Oui","etageSource":"connu (BDNB Fichiers Fonciers nb_niveau=2)","typologie":"Activité économique","eligibiliteFprnm":"Potentiellement éligible - activité : Fonds Barnier (FPRNM) à 20 % des travaux prescrits si moins de 20 salariés (effectif non déductible des données géographiques, à vérifier), sous réserve d'un bien existant avant le 21/06/2022.","nbLogements":1,"hauteurM":7.5,"isErp":true}},{"type":"Feature","geometry":{"coordinates":[[[1.224939,43.295659],[1.22492,43.295579],[1.225127,43.295574],[1.225103,43.295628],[1.224939,43.295659]]],"type":"Polygon"},"properties":{"id":"BATIMENT0000000343239565","zoneCode":"GHg","zoneLabel":"Grise hachurée (aggravation glissement)","zoneColor":"#6E6E6E","concerne":true,"regime":"Constructions nouvelles : Autorisées, sous prescriptions de gestion des eaux (pas de nouveaux rejets infiltrés, réseaux étanches). Constructions existantes : Prescriptions identiques : maîtrise des rejets, étanchéité en cas de mise en charge des réseaux.","etudeGeotechniqueG2":false,"diagnostic":"Non concerné (hors zone inondable).","zoneRefuge":"Non applicable (zone hors risque inondation).","refugeCategorie":"Non applicable","zonesIntersectees":"GHg","etagePresent":"Oui","etageSource":"connu (BD TOPO nombre_d_etages)","typologie":"Logement collectif (3 logements)","eligibiliteFprnm":"Éligible - habitation : Fonds Barnier (FPRNM) à 80 % des travaux de prévention prescrits par le PPRN, plafond légal national, sous réserve d'un bien existant avant le 21/06/2022.","nbLogements":3,"hauteurM":6.1,"isErp":false}},{"type":"Feature","geometry":{"coordinates":[[[1.224939,43.295659],[1.22492,43.295579],[1.224833,43.295588],[1.224856,43.295676],[1.224939,43.295659]]],"type":"Polygon"},"properties":{"id":"BATIMENT0000000343239566","zoneCode":"GHg","zoneLabel":"Grise hachurée (aggravation glissement)","zoneColor":"#6E6E6E","concerne":true,"regime":"Constructions nouvelles : Autorisées, sous prescriptions de gestion des eaux (pas de nouveaux rejets infiltrés, réseaux étanches). Constructions existantes : Prescriptions identiques : maîtrise des rejets, étanchéité en cas de mise en charge des réseaux.","etudeGeotechniqueG2":false,"diagnostic":"Non concerné (hors zone inondable).","zoneRefuge":"Non applicable (zone hors risque inondation).","refugeCategorie":"Non applicable","zonesIntersectees":"GHg","etagePresent":"Oui","etageSource":"connu (BDNB Fichiers Fonciers nb_niveau=3)","typologie":"Maison individuelle","eligibiliteFprnm":"Éligible - habitation : Fonds Barnier (FPRNM) à 80 % des travaux de prévention prescrits par le PPRN, plafond légal national, sous réserve d'un bien existant avant le 21/06/2022.","nbLogements":1,"hauteurM":10.5,"isErp":false}},{"type":"Feature","geometry":{"coordinates":[[[1.224157,43.295579],[1.224139,43.295758],[1.224287,43.295765],[1.22429,43.295709],[1.224274,43.295708],[1.224274,43.295658],[1.224184,43.295654],[1.224187,43.29558],[1.224157,43.295579]]],"type":"Polygon"},"properties":{"id":"BATIMENT0000000343239567","zoneCode":"GHg","zoneLabel":"Grise hachurée (aggravation glissement)","zoneColor":"#6E6E6E","concerne":true,"regime":"Constructions nouvelles : Autorisées, sous prescriptions de gestion des eaux (pas de nouveaux rejets infiltrés, réseaux étanches). Constructions existantes : Prescriptions identiques : maîtrise des rejets, étanchéité en cas de mise en charge des réseaux.","etudeGeotechniqueG2":false,"diagnostic":"Non concerné (hors zone inondable).","zoneRefuge":"Non applicable (zone hors risque inondation).","refugeCategorie":"Non applicable","zonesIntersectees":"GHg","etagePresent":"Oui","etageSource":"connu (BDNB Fichiers Fonciers nb_niveau=2)","typologie":"Maison individuelle","eligibiliteFprnm":"Éligible - habitation : Fonds Barnier (FPRNM) à 80 % des travaux de prévention prescrits par le PPRN, plafond légal national, sous réserve d'un bien existant avant le 21/06/2022.","nbLogements":1,"hauteurM":8.1,"isErp":false}},{"type":"Feature","geometry":{"coordinates":[[[1.224306,43.295659],[1.224248,43.295657],[1.224257,43.295584],[1.22431,43.295586],[1.224306,43.295659]]],"type":"Polygon"},"properties":{"id":"BATIMENT0000000343239568","zoneCode":"GHg","zoneLabel":"Grise hachurée (aggravation glissement)","zoneColor":"#6E6E6E","concerne":true,"regime":"Constructions nouvelles : Autorisées, sous prescriptions de gestion des eaux (pas de nouveaux rejets infiltrés, réseaux étanches). Constructions existantes : Prescriptions identiques : maîtrise des rejets, étanchéité en cas de mise en charge des réseaux.","etudeGeotechniqueG2":false,"diagnostic":"Non concerné (hors zone inondable).","zoneRefuge":"Non applicable (zone hors risque inondation).","refugeCategorie":"Non applicable","zonesIntersectees":"GHg","etagePresent":"Oui","etageSource":"connu (BDNB Fichiers Fonciers nb_niveau=2)","typologie":"Maison individuelle","typologieSource":"BDNB (Fichiers Fonciers)","eligibiliteFprnm":"Éligible - habitation : Fonds Barnier (FPRNM) à 80 % des travaux de prévention prescrits par le PPRN, plafond légal national, sous réserve d'un bien existant avant le 21/06/2022.","hauteurM":4.4,"isErp":false}},{"type":"Feature","geometry":{"coordinates":[[[1.224039,43.295572],[1.22402,43.295753],[1.224139,43.295758],[1.224153,43.295623],[1.224126,43.29562],[1.224123,43.295649],[1.224085,43.295648],[1.22409,43.295574],[1.224039,43.295572]]],"type":"Polygon"},"properties":{"id":"BATIMENT0000000343239569","zoneCode":"GHg","zoneLabel":"Grise hachurée (aggravation glissement)","zoneColor":"#6E6E6E","concerne":true,"regime":"Constructions nouvelles : Autorisées, sous prescriptions de gestion des eaux (pas de nouveaux rejets infiltrés, réseaux étanches). Constructions existantes : Prescriptions identiques : maîtrise des rejets, étanchéité en cas de mise en charge des réseaux.","etudeGeotechniqueG2":false,"diagnostic":"Non concerné (hors zone inondable).","zoneRefuge":"Non applicable (zone hors risque inondation).","refugeCategorie":"Non applicable","zonesIntersectees":"GHg","etagePresent":"Oui","etageSource":"connu (BDNB Fichiers Fonciers nb_niveau=3)","typologie":"Maison individuelle","eligibiliteFprnm":"Éligible - habitation : Fonds Barnier (FPRNM) à 80 % des travaux de prévention prescrits par le PPRN, plafond légal national, sous réserve d'un bien existant avant le 21/06/2022.","nbLogements":1,"hauteurM":8.2,"isErp":false}},{"type":"Feature","geometry":{"coordinates":[[[1.223933,43.295541],[1.223913,43.295747],[1.22374,43.295739],[1.22375,43.295631],[1.223879,43.295637],[1.223887,43.295538],[1.223933,43.295541]]],"type":"Polygon"},"properties":{"id":"BATIMENT0000000343239570","zoneCode":"GHg","zoneLabel":"Grise hachurée (aggravation glissement)","zoneColor":"#6E6E6E","concerne":true,"regime":"Constructions nouvelles : Autorisées, sous prescriptions de gestion des eaux (pas de nouveaux rejets infiltrés, réseaux étanches). Constructions existantes : Prescriptions identiques : maîtrise des rejets, étanchéité en cas de mise en charge des réseaux.","etudeGeotechniqueG2":false,"diagnostic":"Non concerné (hors zone inondable).","zoneRefuge":"Non applicable (zone hors risque inondation).","refugeCategorie":"Non applicable","zonesIntersectees":"GHg","etagePresent":"Oui","etageSource":"étage retenu par prudence (1 niveau(x) déclaré(s), incohérent avec la hauteur mesurée 5.6 m > seuil 5.30 m)","typologie":"Maison individuelle","eligibiliteFprnm":"Éligible - habitation : Fonds Barnier (FPRNM) à 80 % des travaux de prévention prescrits par le PPRN, plafond légal national, sous réserve d'un bien existant avant le 21/06/2022.","nbLogements":1,"hauteurM":5.6,"isErp":false}},{"type":"Feature","geometry":{"coordinates":[[[1.223651,43.295735],[1.223669,43.295562],[1.223725,43.295563],[1.22372,43.29563],[1.22375,43.295631],[1.22374,43.295739],[1.223651,43.295735]]],"type":"Polygon"},"properties":{"id":"BATIMENT0000000343239571","zoneCode":"GHg","zoneLabel":"Grise hachurée (aggravation glissement)","zoneColor":"#6E6E6E","concerne":true,"regime":"Constructions nouvelles : Autorisées, sous prescriptions de gestion des eaux (pas de nouveaux rejets infiltrés, réseaux étanches). Constructions existantes : Prescriptions identiques : maîtrise des rejets, étanchéité en cas de mise en charge des réseaux.","etudeGeotechniqueG2":false,"diagnostic":"Non concerné (hors zone inondable).","zoneRefuge":"Non applicable (zone hors risque inondation).","refugeCategorie":"Non applicable","zonesIntersectees":"GHg","etagePresent":"Oui","etageSource":"étage retenu par prudence (1 niveau(x) déclaré(s), incohérent avec la hauteur mesurée 5.4 m > seuil 5.30 m)","typologie":"Logement collectif (2 logements)","eligibiliteFprnm":"Éligible - habitation : Fonds Barnier (FPRNM) à 80 % des travaux de prévention prescrits par le PPRN, plafond légal national, sous réserve d'un bien existant avant le 21/06/2022.","nbLogements":2,"hauteurM":5.4,"isErp":false}},{"type":"Feature","geometry":{"coordinates":[[[1.223586,43.289756],[1.223575,43.289721],[1.223635,43.28971],[1.223647,43.289745],[1.223586,43.289756]]],"type":"Polygon"},"properties":{"id":"BATIMENT0000000343239588","zoneCode":"Ri","zoneLabel":"Rouge inondation","zoneColor":"#E2001A","concerne":true,"regime":"Constructions nouvelles : Interdites, sauf exceptions très limitées (accès de sécurité, abris légers <20 m² une fois, locaux techniques agricoles, serres tunnel...). Constructions existantes : Extension limitée à 20 % de l'emprise existante, une seule fois depuis le 06/02/2018, plancher au-dessus des PHEC.","etudeGeotechniqueG2":false,"diagnostic":"Non obligatoire pour l'habitat ; auto-diagnostic de vulnérabilité recommandé (à la charge du propriétaire).","zoneRefuge":"Conditionnelle : si le plancher ne peut pas être calé au-dessus des PHEC (impossibilité fonctionnelle dûment justifiée), un niveau refuge adapté est exigé (20 m² minimum pour une habitation, hauteur 1,80 m minimum, un refuge par logement/local, pas de refuge \"collectif\").","refugeCategorie":"Conditionnelle (impossibilité fonctionnelle à justifier)","zonesIntersectees":"Ri","etagePresent":"Non","etageSource":"estimé par la hauteur du bâti (4.3 m), fiabilité modérée","typologie":"Typologie indéterminée (donnée absente ou non exploitable)","eligibiliteFprnm":"Non déterminé - typologie non qualifiée en l'état, à vérifier sur site.","hauteurM":4.3,"isErp":false}},{"type":"Feature","geometry":{"coordinates":[[[1.22356,43.295602],[1.223566,43.295546],[1.223528,43.295544],[1.223517,43.295615],[1.223472,43.295611],[1.223474,43.295599],[1.223461,43.295598],[1.223447,43.295728],[1.223549,43.29573],[1.223558,43.29562],[1.22356,43.295616],[1.223568,43.295616],[1.22357,43.295603],[1.22356,43.295602]]],"type":"Polygon"},"properties":{"id":"BATIMENT0000000343239572","zoneCode":"GHg","zoneLabel":"Grise hachurée (aggravation glissement)","zoneColor":"#6E6E6E","concerne":true,"regime":"Constructions nouvelles : Autorisées, sous prescriptions de gestion des eaux (pas de nouveaux rejets infiltrés, réseaux étanches). Constructions existantes : Prescriptions identiques : maîtrise des rejets, étanchéité en cas de mise en charge des réseaux.","etudeGeotechniqueG2":false,"diagnostic":"Non concerné (hors zone inondable).","zoneRefuge":"Non applicable (zone hors risque inondation).","refugeCategorie":"Non applicable","zonesIntersectees":"GHg","etagePresent":"Oui","etageSource":"étage retenu par prudence (1 niveau(x) déclaré(s), incohérent avec la hauteur mesurée 5.4 m > seuil 5.30 m)","typologie":"Annexe (non habitée)","eligibiliteFprnm":"Non déterminé - typologie non qualifiée en l'état, à vérifier sur site.","nbLogements":0,"hauteurM":5.4,"isErp":false}},{"type":"Feature","geometry":{"coordinates":[[[1.223509,43.295543],[1.223528,43.295544],[1.223517,43.295615],[1.223482,43.295612],[1.223486,43.295558],[1.223507,43.29556],[1.223509,43.295543]]],"type":"Polygon"},"properties":{"id":"BATIMENT0000000343239573","zoneCode":"GHg","zoneLabel":"Grise hachurée (aggravation glissement)","zoneColor":"#6E6E6E","concerne":true,"regime":"Constructions nouvelles : Autorisées, sous prescriptions de gestion des eaux (pas de nouveaux rejets infiltrés, réseaux étanches). Constructions existantes : Prescriptions identiques : maîtrise des rejets, étanchéité en cas de mise en charge des réseaux.","etudeGeotechniqueG2":false,"diagnostic":"Non concerné (hors zone inondable).","zoneRefuge":"Non applicable (zone hors risque inondation).","refugeCategorie":"Non applicable","zonesIntersectees":"GHg","etagePresent":"Oui","etageSource":"connu (BDNB Fichiers Fonciers nb_niveau=2)","typologie":"Maison individuelle","typologieSource":"BDNB (Fichiers Fonciers)","eligibiliteFprnm":"Éligible - habitation : Fonds Barnier (FPRNM) à 80 % des travaux de prévention prescrits par le PPRN, plafond légal national, sous réserve d'un bien existant avant le 21/06/2022.","hauteurM":3.5,"isErp":false}},{"type":"Feature","geometry":{"coordinates":[[[1.223366,43.295556],[1.223346,43.295725],[1.223447,43.295728],[1.223461,43.295598],[1.22345,43.295598],[1.223449,43.295607],[1.223375,43.295602],[1.223376,43.295577],[1.22339,43.295572],[1.223392,43.295557],[1.223366,43.295556]]],"type":"Polygon"},"properties":{"id":"BATIMENT0000000343239574","zoneCode":"GHg","zoneLabel":"Grise hachurée (aggravation glissement)","zoneColor":"#6E6E6E","concerne":true,"regime":"Constructions nouvelles : Autorisées, sous prescriptions de gestion des eaux (pas de nouveaux rejets infiltrés, réseaux étanches). Constructions existantes : Prescriptions identiques : maîtrise des rejets, étanchéité en cas de mise en charge des réseaux.","etudeGeotechniqueG2":false,"diagnostic":"Non concerné (hors zone inondable).","zoneRefuge":"Non applicable (zone hors risque inondation).","refugeCategorie":"Non applicable","zonesIntersectees":"GHg","etagePresent":"Oui","etageSource":"connu (BDNB Fichiers Fonciers nb_niveau=2)","typologie":"Maison individuelle","eligibiliteFprnm":"Éligible - habitation : Fonds Barnier (FPRNM) à 80 % des travaux de prévention prescrits par le PPRN, plafond légal national, sous réserve d'un bien existant avant le 21/06/2022.","nbLogements":1,"hauteurM":9.8,"isErp":false}},{"type":"Feature","geometry":{"coordinates":[[[1.223563,43.295581],[1.223564,43.295567],[1.223583,43.295568],[1.223583,43.295582],[1.223563,43.295581]]],"type":"Polygon"},"properties":{"id":"BATIMENT0000000343239575","zoneCode":"GHg","zoneLabel":"Grise hachurée (aggravation glissement)","zoneColor":"#6E6E6E","concerne":true,"regime":"Constructions nouvelles : Autorisées, sous prescriptions de gestion des eaux (pas de nouveaux rejets infiltrés, réseaux étanches). Constructions existantes : Prescriptions identiques : maîtrise des rejets, étanchéité en cas de mise en charge des réseaux.","etudeGeotechniqueG2":false,"diagnostic":"Non concerné (hors zone inondable).","zoneRefuge":"Non applicable (zone hors risque inondation).","refugeCategorie":"Non applicable","zonesIntersectees":"GHg","etagePresent":"Non","etageSource":"estimé par la hauteur du bâti (3.5 m), fiabilité modérée","typologie":"Typologie indéterminée (donnée absente ou non exploitable)","eligibiliteFprnm":"Non déterminé - typologie non qualifiée en l'état, à vérifier sur site.","hauteurM":3.5,"isErp":false}},{"type":"Feature","geometry":{"coordinates":[[[1.223251,43.295726],[1.223266,43.295606],[1.223333,43.295607],[1.223337,43.295566],[1.223348,43.295566],[1.223348,43.295558],[1.223366,43.295559],[1.223346,43.295725],[1.223251,43.295726]]],"type":"Polygon"},"properties":{"id":"BATIMENT0000000343239576","zoneCode":"GHg","zoneLabel":"Grise hachurée (aggravation glissement)","zoneColor":"#6E6E6E","concerne":true,"regime":"Constructions nouvelles : Autorisées, sous prescriptions de gestion des eaux (pas de nouveaux rejets infiltrés, réseaux étanches). Constructions existantes : Prescriptions identiques : maîtrise des rejets, étanchéité en cas de mise en charge des réseaux.","etudeGeotechniqueG2":false,"diagnostic":"Non concerné (hors zone inondable).","zoneRefuge":"Non applicable (zone hors risque inondation).","refugeCategorie":"Non applicable","zonesIntersectees":"GHg","etagePresent":"Oui","etageSource":"connu (BDNB Fichiers Fonciers nb_niveau=2)","typologie":"Maison individuelle","eligibiliteFprnm":"Éligible - habitation : Fonds Barnier (FPRNM) à 80 % des travaux de prévention prescrits par le PPRN, plafond légal national, sous réserve d'un bien existant avant le 21/06/2022.","nbLogements":1,"hauteurM":7.2,"isErp":false}},{"type":"Feature","geometry":{"coordinates":[[[1.223469,43.295534],[1.223464,43.295575],[1.223434,43.295574],[1.223439,43.295533],[1.223469,43.295534]]],"type":"Polygon"},"properties":{"id":"BATIMENT0000000343239577","zoneCode":"GHg","zoneLabel":"Grise hachurée (aggravation glissement)","zoneColor":"#6E6E6E","concerne":true,"regime":"Constructions nouvelles : Autorisées, sous prescriptions de gestion des eaux (pas de nouveaux rejets infiltrés, réseaux étanches). Constructions existantes : Prescriptions identiques : maîtrise des rejets, étanchéité en cas de mise en charge des réseaux.","etudeGeotechniqueG2":false,"diagnostic":"Non concerné (hors zone inondable).","zoneRefuge":"Non applicable (zone hors risque inondation).","refugeCategorie":"Non applicable","zonesIntersectees":"GHg","etagePresent":"Non","etageSource":"connu (BD TOPO nombre_d_etages)","typologie":"Annexe (non habitée)","eligibiliteFprnm":"Non déterminé - typologie non qualifiée en l'état, à vérifier sur site.","nbLogements":0,"isErp":false}},{"type":"Feature","geometry":{"coordinates":[[[1.223099,43.295537],[1.223074,43.295725],[1.222975,43.295724],[1.222981,43.295645],[1.22306,43.295645],[1.223061,43.295616],[1.223041,43.295616],[1.223047,43.295535],[1.223099,43.295537]]],"type":"Polygon"},"properties":{"id":"BATIMENT0000000343239578","zoneCode":"GHg","zoneLabel":"Grise hachurée (aggravation glissement)","zoneColor":"#6E6E6E","concerne":true,"regime":"Constructions nouvelles : Autorisées, sous prescriptions de gestion des eaux (pas de nouveaux rejets infiltrés, réseaux étanches). Constructions existantes : Prescriptions identiques : maîtrise des rejets, étanchéité en cas de mise en charge des réseaux.","etudeGeotechniqueG2":false,"diagnostic":"Non concerné (hors zone inondable).","zoneRefuge":"Non applicable (zone hors risque inondation).","refugeCategorie":"Non applicable","zonesIntersectees":"GHg","etagePresent":"Oui","etageSource":"connu (BDNB Fichiers Fonciers nb_niveau=2)","typologie":"Maison individuelle","eligibiliteFprnm":"Éligible - habitation : Fonds Barnier (FPRNM) à 80 % des travaux de prévention prescrits par le PPRN, plafond légal national, sous réserve d'un bien existant avant le 21/06/2022.","nbLogements":1,"hauteurM":6.2,"isErp":false}},{"type":"Feature","geometry":{"coordinates":[[[1.222984,43.295606],[1.222954,43.295606],[1.22296,43.295542],[1.222989,43.295543],[1.222984,43.295606]]],"type":"Polygon"},"properties":{"id":"BATIMENT0000000343239579","zoneCode":"GHg","zoneLabel":"Grise hachurée (aggravation glissement)","zoneColor":"#6E6E6E","concerne":true,"regime":"Constructions nouvelles : Autorisées, sous prescriptions de gestion des eaux (pas de nouveaux rejets infiltrés, réseaux étanches). Constructions existantes : Prescriptions identiques : maîtrise des rejets, étanchéité en cas de mise en charge des réseaux.","etudeGeotechniqueG2":false,"diagnostic":"Non concerné (hors zone inondable).","zoneRefuge":"Non applicable (zone hors risque inondation).","refugeCategorie":"Non applicable","zonesIntersectees":"GHg","etagePresent":"Non","etageSource":"estimé par la hauteur du bâti (4.3 m), fiabilité modérée","typologie":"Typologie indéterminée (donnée absente ou non exploitable)","eligibiliteFprnm":"Non déterminé - typologie non qualifiée en l'état, à vérifier sur site.","hauteurM":4.3,"isErp":false}},{"type":"Feature","geometry":{"coordinates":[[[1.221144,43.295529],[1.221201,43.295555],[1.221264,43.2956],[1.221293,43.295591],[1.221279,43.295572],[1.221305,43.295563],[1.221271,43.295492],[1.221144,43.295529]]],"type":"Polygon"},"properties":{"id":"BATIMENT0000000343239583","zoneCode":"BFg","zoneLabel":"Bleue foncée mouvement de terrain","zoneColor":"#0033A0","concerne":true,"regime":"Constructions nouvelles : Interdites (seules les adaptations de l'existant sont possibles). Constructions existantes : Extension RDC <50 m² une fois depuis le 06/02/2018, changement de destination/aménagement sans augmenter la capacité d'accueil. Étude géotechnique G2 (norme NF P 94-500) obligatoire avant travaux, sauf exceptions ponctuelles prévues par le règlement.","etudeGeotechniqueG2":true,"diagnostic":"Non concerné (hors zone inondable).","zoneRefuge":"Non applicable (zone hors risque inondation).","refugeCategorie":"Non applicable","zonesIntersectees":"BFg;GHg","etagePresent":"Oui","etageSource":"étage retenu par prudence (1 niveau(x) déclaré(s), incohérent avec la hauteur mesurée 9.7 m > seuil 5.30 m)","typologie":"Maison individuelle","eligibiliteFprnm":"Éligible - habitation : Fonds Barnier (FPRNM) à 80 % des travaux de prévention prescrits par le PPRN, plafond légal national, sous réserve d'un bien existant avant le 21/06/2022.","nbLogements":1,"hauteurM":9.7,"isErp":false}},{"type":"Feature","geometry":{"coordinates":[[[1.223906,43.289698],[1.223915,43.289715],[1.22387,43.28973],[1.223859,43.28971],[1.223906,43.289698]]],"type":"Polygon"},"properties":{"id":"BATIMENT0000000343239587","zoneCode":"Ri","zoneLabel":"Rouge inondation","zoneColor":"#E2001A","concerne":true,"regime":"Constructions nouvelles : Interdites, sauf exceptions très limitées (accès de sécurité, abris légers <20 m² une fois, locaux techniques agricoles, serres tunnel...). Constructions existantes : Extension limitée à 20 % de l'emprise existante, une seule fois depuis le 06/02/2018, plancher au-dessus des PHEC.","etudeGeotechniqueG2":false,"diagnostic":"Non obligatoire pour l'habitat ; auto-diagnostic de vulnérabilité recommandé (à la charge du propriétaire).","zoneRefuge":"Conditionnelle : si le plancher ne peut pas être calé au-dessus des PHEC (impossibilité fonctionnelle dûment justifiée), un niveau refuge adapté est exigé (20 m² minimum pour une habitation, hauteur 1,80 m minimum, un refuge par logement/local, pas de refuge \"collectif\").","refugeCategorie":"Conditionnelle (impossibilité fonctionnelle à justifier)","zonesIntersectees":"Ri","etagePresent":"Non","etageSource":"estimé par la hauteur du bâti (4.9 m), fiabilité modérée","typologie":"Typologie indéterminée (donnée absente ou non exploitable)","eligibiliteFprnm":"Non déterminé - typologie non qualifiée en l'état, à vérifier sur site.","hauteurM":4.9,"isErp":false}},{"type":"Feature","geometry":{"coordinates":[[[1.224418,43.289653],[1.22437,43.289666],[1.224343,43.289612],[1.224393,43.289599],[1.224418,43.289653]]],"type":"Polygon"},"properties":{"id":"BATIMENT0000000343239589","zoneCode":"Ri","zoneLabel":"Rouge inondation","zoneColor":"#E2001A","concerne":true,"regime":"Constructions nouvelles : Interdites, sauf exceptions très limitées (accès de sécurité, abris légers <20 m² une fois, locaux techniques agricoles, serres tunnel...). Constructions existantes : Extension limitée à 20 % de l'emprise existante, une seule fois depuis le 06/02/2018, plancher au-dessus des PHEC.","etudeGeotechniqueG2":false,"diagnostic":"Non obligatoire pour l'habitat ; auto-diagnostic de vulnérabilité recommandé (à la charge du propriétaire).","zoneRefuge":"Conditionnelle : si le plancher ne peut pas être calé au-dessus des PHEC (impossibilité fonctionnelle dûment justifiée), un niveau refuge adapté est exigé (20 m² minimum pour une habitation, hauteur 1,80 m minimum, un refuge par logement/local, pas de refuge \"collectif\").","refugeCategorie":"Conditionnelle (impossibilité fonctionnelle à justifier)","zonesIntersectees":"Ri","etagePresent":"Non","etageSource":"estimé par la hauteur du bâti (4.4 m), fiabilité modérée","typologie":"Typologie indéterminée (donnée absente ou non exploitable)","eligibiliteFprnm":"Non déterminé - typologie non qualifiée en l'état, à vérifier sur site.","hauteurM":4.4,"isErp":false}},{"type":"Feature","geometry":{"coordinates":[[[1.226122,43.29322],[1.226102,43.29328],[1.225957,43.293256],[1.225981,43.293193],[1.226122,43.29322]]],"type":"Polygon"},"properties":{"id":"BATIMENT0000000343239590","zoneCode":"GHg","zoneLabel":"Grise hachurée (aggravation glissement)","zoneColor":"#6E6E6E","concerne":true,"regime":"Constructions nouvelles : Autorisées, sous prescriptions de gestion des eaux (pas de nouveaux rejets infiltrés, réseaux étanches). Constructions existantes : Prescriptions identiques : maîtrise des rejets, étanchéité en cas de mise en charge des réseaux.","etudeGeotechniqueG2":false,"diagnostic":"Non concerné (hors zone inondable).","zoneRefuge":"Non applicable (zone hors risque inondation).","refugeCategorie":"Non applicable","zonesIntersectees":"GHg","etagePresent":"Oui","etageSource":"connu (BDNB Fichiers Fonciers nb_niveau=2)","typologie":"Maison individuelle","eligibiliteFprnm":"Éligible - habitation : Fonds Barnier (FPRNM) à 80 % des travaux de prévention prescrits par le PPRN, plafond légal national, sous réserve d'un bien existant avant le 21/06/2022.","nbLogements":1,"hauteurM":11.9,"isErp":false}},{"type":"Feature","geometry":{"coordinates":[[[1.217296,43.292419],[1.217339,43.292452],[1.217264,43.292502],[1.217223,43.292469],[1.217296,43.292419]]],"type":"Polygon"},"properties":{"id":"BATIMENT0000000343239604","zoneCode":"Bi","zoneLabel":"Bleue inondation","zoneColor":"#4FA8E0","concerne":true,"regime":"Constructions nouvelles : Autorisées sous prescriptions (plancher au-dessus des PHEC, transparence hydraulique, matériaux les moins vulnérables). Constructions existantes : Extension jusqu'à 30 % de l'emprise existante, une seule fois depuis le 06/02/2018.","etudeGeotechniqueG2":false,"diagnostic":"Non obligatoire pour l'habitat ; auto-diagnostic de vulnérabilité recommandé (à la charge du propriétaire).","zoneRefuge":"Conditionnelle : si le plancher ne peut pas être calé au-dessus des PHEC (impossibilité fonctionnelle dûment justifiée), un niveau refuge adapté est exigé (20 m² minimum pour une habitation, hauteur 1,80 m minimum, un refuge par logement/local, pas de refuge \"collectif\").","refugeCategorie":"Conditionnelle (impossibilité fonctionnelle à justifier)","zonesIntersectees":"Bi;GHi","etagePresent":"Non","etageSource":"connu (BDNB Fichiers Fonciers nb_niveau=1)","typologie":"Maison individuelle","typologieSource":"BDNB (Fichiers Fonciers)","eligibiliteFprnm":"Éligible - habitation : Fonds Barnier (FPRNM) à 80 % des travaux de prévention prescrits par le PPRN, plafond légal national, sous réserve d'un bien existant avant le 21/06/2022.","hauteurM":4.2,"isErp":false}},{"type":"Feature","geometry":{"coordinates":[[[1.217223,43.292469],[1.21715,43.29241],[1.217229,43.292358],[1.21727,43.292391],[1.217284,43.292383],[1.217314,43.292406],[1.21736,43.292374],[1.217407,43.292408],[1.217339,43.292452],[1.217296,43.292419],[1.217223,43.292469]]],"type":"Polygon"},"properties":{"id":"BATIMENT0000000343239605","zoneCode":"Bi","zoneLabel":"Bleue inondation","zoneColor":"#4FA8E0","concerne":true,"regime":"Constructions nouvelles : Autorisées sous prescriptions (plancher au-dessus des PHEC, transparence hydraulique, matériaux les moins vulnérables). Constructions existantes : Extension jusqu'à 30 % de l'emprise existante, une seule fois depuis le 06/02/2018.","etudeGeotechniqueG2":false,"diagnostic":"Non obligatoire pour l'habitat ; auto-diagnostic de vulnérabilité recommandé (à la charge du propriétaire).","zoneRefuge":"Conditionnelle : si le plancher ne peut pas être calé au-dessus des PHEC (impossibilité fonctionnelle dûment justifiée), un niveau refuge adapté est exigé (20 m² minimum pour une habitation, hauteur 1,80 m minimum, un refuge par logement/local, pas de refuge \"collectif\").","refugeCategorie":"Conditionnelle (impossibilité fonctionnelle à justifier)","zonesIntersectees":"Bi;GHi","etagePresent":"Non","etageSource":"connu (BDNB Fichiers Fonciers nb_niveau=1)","typologie":"Maison individuelle","eligibiliteFprnm":"Éligible - habitation : Fonds Barnier (FPRNM) à 80 % des travaux de prévention prescrits par le PPRN, plafond légal national, sous réserve d'un bien existant avant le 21/06/2022.","nbLogements":1,"hauteurM":4.3,"isErp":false}},{"type":"Feature","geometry":{"coordinates":[[[1.217229,43.292358],[1.21715,43.29241],[1.217081,43.292355],[1.217173,43.292292],[1.217204,43.292319],[1.217192,43.292327],[1.217229,43.292358]]],"type":"Polygon"},"properties":{"id":"BATIMENT0000000343239606","zoneCode":"GHi","zoneLabel":"Grise hachurée inondation (remblai)","zoneColor":"#8A8A8A","concerne":true,"regime":"Constructions nouvelles : Autorisées : zone de remblai hors d'eau non soumise au risque pour la crue centennale. Constructions existantes : Autorisées, sans restriction d'usage particulière.","etudeGeotechniqueG2":false,"diagnostic":"Non obligatoire pour l'habitat ; auto-diagnostic de vulnérabilité recommandé (à la charge du propriétaire).","zoneRefuge":"Conditionnelle : si le plancher ne peut pas être calé au-dessus des PHEC (impossibilité fonctionnelle dûment justifiée), un niveau refuge adapté est exigé (20 m² minimum pour une habitation, hauteur 1,80 m minimum, un refuge par logement/local, pas de refuge \"collectif\").","refugeCategorie":"Conditionnelle (impossibilité fonctionnelle à justifier)","zonesIntersectees":"GHi","etagePresent":"Non","etageSource":"connu (BDNB Fichiers Fonciers nb_niveau=1)","typologie":"Maison individuelle","eligibiliteFprnm":"Éligible - habitation : Fonds Barnier (FPRNM) à 80 % des travaux de prévention prescrits par le PPRN, plafond légal national, sous réserve d'un bien existant avant le 21/06/2022.","nbLogements":1,"hauteurM":4.3,"isErp":false}},{"type":"Feature","geometry":{"coordinates":[[[1.218421,43.291464],[1.21843,43.291445],[1.218499,43.291463],[1.21849,43.291481],[1.218421,43.291464]]],"type":"Polygon"},"properties":{"id":"BATIMENT0000000343239607","zoneCode":"Ri","zoneLabel":"Rouge inondation","zoneColor":"#E2001A","concerne":true,"regime":"Constructions nouvelles : Interdites, sauf exceptions très limitées (accès de sécurité, abris légers <20 m² une fois, locaux techniques agricoles, serres tunnel...). Constructions existantes : Extension limitée à 20 % de l'emprise existante, une seule fois depuis le 06/02/2018, plancher au-dessus des PHEC.","etudeGeotechniqueG2":false,"diagnostic":"Non obligatoire pour l'habitat ; auto-diagnostic de vulnérabilité recommandé (à la charge du propriétaire).","zoneRefuge":"Conditionnelle : si le plancher ne peut pas être calé au-dessus des PHEC (impossibilité fonctionnelle dûment justifiée), un niveau refuge adapté est exigé (20 m² minimum pour une habitation, hauteur 1,80 m minimum, un refuge par logement/local, pas de refuge \"collectif\").","refugeCategorie":"Conditionnelle (impossibilité fonctionnelle à justifier)","zonesIntersectees":"Ri","etagePresent":"Non","etageSource":"connu (BDNB Fichiers Fonciers nb_niveau=1)","typologie":"Maison individuelle","typologieSource":"BDNB (Fichiers Fonciers)","eligibiliteFprnm":"Éligible - habitation : Fonds Barnier (FPRNM) à 80 % des travaux de prévention prescrits par le PPRN, plafond légal national, sous réserve d'un bien existant avant le 21/06/2022.","hauteurM":4.0,"isErp":false}},{"type":"Feature","geometry":{"coordinates":[[[1.218497,43.291469],[1.218499,43.291463],[1.21843,43.291445],[1.218421,43.291464],[1.218366,43.29145],[1.218399,43.291378],[1.218569,43.291419],[1.218541,43.291478],[1.218497,43.291469]]],"type":"Polygon"},"properties":{"id":"BATIMENT0000000343239608","zoneCode":"Ri","zoneLabel":"Rouge inondation","zoneColor":"#E2001A","concerne":true,"regime":"Constructions nouvelles : Interdites, sauf exceptions très limitées (accès de sécurité, abris légers <20 m² une fois, locaux techniques agricoles, serres tunnel...). Constructions existantes : Extension limitée à 20 % de l'emprise existante, une seule fois depuis le 06/02/2018, plancher au-dessus des PHEC.","etudeGeotechniqueG2":false,"diagnostic":"Non obligatoire pour l'habitat ; auto-diagnostic de vulnérabilité recommandé (à la charge du propriétaire).","zoneRefuge":"Conditionnelle : si le plancher ne peut pas être calé au-dessus des PHEC (impossibilité fonctionnelle dûment justifiée), un niveau refuge adapté est exigé (20 m² minimum pour une habitation, hauteur 1,80 m minimum, un refuge par logement/local, pas de refuge \"collectif\").","refugeCategorie":"Conditionnelle (impossibilité fonctionnelle à justifier)","zonesIntersectees":"Ri","etagePresent":"Non","etageSource":"connu (BDNB Fichiers Fonciers nb_niveau=1)","typologie":"Maison individuelle","eligibiliteFprnm":"Éligible - habitation : Fonds Barnier (FPRNM) à 80 % des travaux de prévention prescrits par le PPRN, plafond légal national, sous réserve d'un bien existant avant le 21/06/2022.","nbLogements":1,"hauteurM":3.9,"isErp":false}},{"type":"Feature","geometry":{"coordinates":[[[1.218586,43.292003],[1.218678,43.292022],[1.218682,43.292011],[1.218736,43.292022],[1.218687,43.292139],[1.218633,43.292128],[1.218638,43.292114],[1.218546,43.292094],[1.218586,43.292003]]],"type":"Polygon"},"properties":{"id":"BATIMENT0000000343239609","zoneCode":"Ri","zoneLabel":"Rouge inondation","zoneColor":"#E2001A","concerne":true,"regime":"Constructions nouvelles : Interdites, sauf exceptions très limitées (accès de sécurité, abris légers <20 m² une fois, locaux techniques agricoles, serres tunnel...). Constructions existantes : Extension limitée à 20 % de l'emprise existante, une seule fois depuis le 06/02/2018, plancher au-dessus des PHEC.","etudeGeotechniqueG2":false,"diagnostic":"Non obligatoire pour l'habitat ; auto-diagnostic de vulnérabilité recommandé (à la charge du propriétaire).","zoneRefuge":"Conditionnelle : si le plancher ne peut pas être calé au-dessus des PHEC (impossibilité fonctionnelle dûment justifiée), un niveau refuge adapté est exigé (20 m² minimum pour une habitation, hauteur 1,80 m minimum, un refuge par logement/local, pas de refuge \"collectif\").","refugeCategorie":"Conditionnelle (impossibilité fonctionnelle à justifier)","zonesIntersectees":"Bi;Ri","etagePresent":"Non","etageSource":"connu (BDNB Fichiers Fonciers nb_niveau=1)","typologie":"Maison individuelle","eligibiliteFprnm":"Éligible - habitation : Fonds Barnier (FPRNM) à 80 % des travaux de prévention prescrits par le PPRN, plafond légal national, sous réserve d'un bien existant avant le 21/06/2022.","nbLogements":1,"hauteurM":4.3,"isErp":false}},{"type":"Feature","geometry":{"coordinates":[[[1.218654,43.292017],[1.218678,43.292022],[1.218682,43.292011],[1.218658,43.292005],[1.218654,43.292017]]],"type":"Polygon"},"properties":{"id":"BATIMENT0000000343239610","zoneCode":"Ri","zoneLabel":"Rouge inondation","zoneColor":"#E2001A","concerne":true,"regime":"Constructions nouvelles : Interdites, sauf exceptions très limitées (accès de sécurité, abris légers <20 m² une fois, locaux techniques agricoles, serres tunnel...). Constructions existantes : Extension limitée à 20 % de l'emprise existante, une seule fois depuis le 06/02/2018, plancher au-dessus des PHEC.","etudeGeotechniqueG2":false,"diagnostic":"Non obligatoire pour l'habitat ; auto-diagnostic de vulnérabilité recommandé (à la charge du propriétaire).","zoneRefuge":"Conditionnelle : si le plancher ne peut pas être calé au-dessus des PHEC (impossibilité fonctionnelle dûment justifiée), un niveau refuge adapté est exigé (20 m² minimum pour une habitation, hauteur 1,80 m minimum, un refuge par logement/local, pas de refuge \"collectif\").","refugeCategorie":"Conditionnelle (impossibilité fonctionnelle à justifier)","zonesIntersectees":"Bi;Ri","etagePresent":"Non","etageSource":"estimé par la hauteur du bâti (2.2 m), fiabilité modérée","typologie":"Typologie indéterminée (donnée absente ou non exploitable)","eligibiliteFprnm":"Non déterminé - typologie non qualifiée en l'état, à vérifier sur site.","hauteurM":2.2,"isErp":false}},{"type":"Feature","geometry":{"coordinates":[[[1.218573,43.292115],[1.218633,43.292128],[1.218638,43.292114],[1.21858,43.292101],[1.218573,43.292115]]],"type":"Polygon"},"properties":{"id":"BATIMENT0000000343239611","zoneCode":"Bi","zoneLabel":"Bleue inondation","zoneColor":"#4FA8E0","concerne":true,"regime":"Constructions nouvelles : Autorisées sous prescriptions (plancher au-dessus des PHEC, transparence hydraulique, matériaux les moins vulnérables). Constructions existantes : Extension jusqu'à 30 % de l'emprise existante, une seule fois depuis le 06/02/2018.","etudeGeotechniqueG2":false,"diagnostic":"Non obligatoire pour l'habitat ; auto-diagnostic de vulnérabilité recommandé (à la charge du propriétaire).","zoneRefuge":"Conditionnelle : si le plancher ne peut pas être calé au-dessus des PHEC (impossibilité fonctionnelle dûment justifiée), un niveau refuge adapté est exigé (20 m² minimum pour une habitation, hauteur 1,80 m minimum, un refuge par logement/local, pas de refuge \"collectif\").","refugeCategorie":"Conditionnelle (impossibilité fonctionnelle à justifier)","zonesIntersectees":"Bi","etagePresent":"Non","etageSource":"estimé par la hauteur du bâti (1.7 m), fiabilité modérée","typologie":"Typologie indéterminée (donnée absente ou non exploitable)","eligibiliteFprnm":"Non déterminé - typologie non qualifiée en l'état, à vérifier sur site.","hauteurM":1.7,"isErp":false}},{"type":"Feature","geometry":{"coordinates":[[[1.21831,43.291982],[1.218427,43.291983],[1.21843,43.291913],[1.218313,43.291912],[1.21831,43.291982]]],"type":"Polygon"},"properties":{"id":"BATIMENT0000000343239612","zoneCode":"Bi","zoneLabel":"Bleue inondation","zoneColor":"#4FA8E0","concerne":true,"regime":"Constructions nouvelles : Autorisées sous prescriptions (plancher au-dessus des PHEC, transparence hydraulique, matériaux les moins vulnérables). Constructions existantes : Extension jusqu'à 30 % de l'emprise existante, une seule fois depuis le 06/02/2018.","etudeGeotechniqueG2":false,"diagnostic":"Non obligatoire pour l'habitat ; auto-diagnostic de vulnérabilité recommandé (à la charge du propriétaire).","zoneRefuge":"Conditionnelle : si le plancher ne peut pas être calé au-dessus des PHEC (impossibilité fonctionnelle dûment justifiée), un niveau refuge adapté est exigé (20 m² minimum pour une habitation, hauteur 1,80 m minimum, un refuge par logement/local, pas de refuge \"collectif\").","refugeCategorie":"Conditionnelle (impossibilité fonctionnelle à justifier)","zonesIntersectees":"Bi","etagePresent":"Non","etageSource":"connu (BDNB Fichiers Fonciers nb_niveau=1)","typologie":"Maison individuelle","eligibiliteFprnm":"Éligible - habitation : Fonds Barnier (FPRNM) à 80 % des travaux de prévention prescrits par le PPRN, plafond légal national, sous réserve d'un bien existant avant le 21/06/2022.","nbLogements":1,"hauteurM":4.7,"isErp":false}},{"type":"Feature","geometry":{"coordinates":[[[1.218469,43.292286],[1.218467,43.2923],[1.21849,43.292302],[1.218486,43.292323],[1.218421,43.292316],[1.218429,43.292184],[1.218483,43.292185],[1.21848,43.292248],[1.218456,43.292247],[1.218452,43.292282],[1.218469,43.292286]]],"type":"Polygon"},"properties":{"id":"BATIMENT0000000343239613","zoneCode":"Bi","zoneLabel":"Bleue inondation","zoneColor":"#4FA8E0","concerne":true,"regime":"Constructions nouvelles : Autorisées sous prescriptions (plancher au-dessus des PHEC, transparence hydraulique, matériaux les moins vulnérables). Constructions existantes : Extension jusqu'à 30 % de l'emprise existante, une seule fois depuis le 06/02/2018.","etudeGeotechniqueG2":false,"diagnostic":"Non obligatoire pour l'habitat ; auto-diagnostic de vulnérabilité recommandé (à la charge du propriétaire).","zoneRefuge":"Conditionnelle : si le plancher ne peut pas être calé au-dessus des PHEC (impossibilité fonctionnelle dûment justifiée), un niveau refuge adapté est exigé (20 m² minimum pour une habitation, hauteur 1,80 m minimum, un refuge par logement/local, pas de refuge \"collectif\").","refugeCategorie":"Conditionnelle (impossibilité fonctionnelle à justifier)","zonesIntersectees":"Bi","etagePresent":"Non","etageSource":"connu (BD TOPO nombre_d_etages)","typologie":"Annexe (non habitée)","eligibiliteFprnm":"Non déterminé - typologie non qualifiée en l'état, à vérifier sur site.","nbLogements":0,"hauteurM":4.5,"isErp":false}},{"type":"Feature","geometry":{"coordinates":[[[1.218299,43.292297],[1.218315,43.292214],[1.218417,43.292225],[1.218411,43.292251],[1.218418,43.292253],[1.218406,43.29231],[1.218299,43.292297]]],"type":"Polygon"},"properties":{"id":"BATIMENT0000000343239614","zoneCode":"Bi","zoneLabel":"Bleue inondation","zoneColor":"#4FA8E0","concerne":true,"regime":"Constructions nouvelles : Autorisées sous prescriptions (plancher au-dessus des PHEC, transparence hydraulique, matériaux les moins vulnérables). Constructions existantes : Extension jusqu'à 30 % de l'emprise existante, une seule fois depuis le 06/02/2018.","etudeGeotechniqueG2":false,"diagnostic":"Non obligatoire pour l'habitat ; auto-diagnostic de vulnérabilité recommandé (à la charge du propriétaire).","zoneRefuge":"Conditionnelle : si le plancher ne peut pas être calé au-dessus des PHEC (impossibilité fonctionnelle dûment justifiée), un niveau refuge adapté est exigé (20 m² minimum pour une habitation, hauteur 1,80 m minimum, un refuge par logement/local, pas de refuge \"collectif\").","refugeCategorie":"Conditionnelle (impossibilité fonctionnelle à justifier)","zonesIntersectees":"Bi","etagePresent":"Non","etageSource":"connu (BD TOPO nombre_d_etages)","typologie":"Annexe (non habitée)","eligibiliteFprnm":"Non déterminé - typologie non qualifiée en l'état, à vérifier sur site.","nbLogements":0,"hauteurM":4.5,"isErp":false}},{"type":"Feature","geometry":{"coordinates":[[[1.218469,43.292286],[1.218491,43.29229],[1.21849,43.292302],[1.218467,43.2923],[1.218469,43.292286]]],"type":"Polygon"},"properties":{"id":"BATIMENT0000000343239615","zoneCode":"Bi","zoneLabel":"Bleue inondation","zoneColor":"#4FA8E0","concerne":true,"regime":"Constructions nouvelles : Autorisées sous prescriptions (plancher au-dessus des PHEC, transparence hydraulique, matériaux les moins vulnérables). Constructions existantes : Extension jusqu'à 30 % de l'emprise existante, une seule fois depuis le 06/02/2018.","etudeGeotechniqueG2":false,"diagnostic":"Non obligatoire pour l'habitat ; auto-diagnostic de vulnérabilité recommandé (à la charge du propriétaire).","zoneRefuge":"Conditionnelle : si le plancher ne peut pas être calé au-dessus des PHEC (impossibilité fonctionnelle dûment justifiée), un niveau refuge adapté est exigé (20 m² minimum pour une habitation, hauteur 1,80 m minimum, un refuge par logement/local, pas de refuge \"collectif\").","refugeCategorie":"Conditionnelle (impossibilité fonctionnelle à justifier)","zonesIntersectees":"Bi","etagePresent":"Non","etageSource":"estimé par la hauteur du bâti (4.5 m), fiabilité modérée","typologie":"Typologie indéterminée (donnée absente ou non exploitable)","eligibiliteFprnm":"Non déterminé - typologie non qualifiée en l'état, à vérifier sur site.","hauteurM":4.5,"isErp":false}},{"type":"Feature","geometry":{"coordinates":[[[1.216962,43.2927],[1.216897,43.292645],[1.216936,43.292617],[1.216926,43.292607],[1.216962,43.292582],[1.21704,43.292648],[1.216962,43.2927]]],"type":"Polygon"},"properties":{"id":"BATIMENT0000000343239616","zoneCode":"Bi","zoneLabel":"Bleue inondation","zoneColor":"#4FA8E0","concerne":true,"regime":"Constructions nouvelles : Autorisées sous prescriptions (plancher au-dessus des PHEC, transparence hydraulique, matériaux les moins vulnérables). Constructions existantes : Extension jusqu'à 30 % de l'emprise existante, une seule fois depuis le 06/02/2018.","etudeGeotechniqueG2":false,"diagnostic":"Non obligatoire pour l'habitat ; auto-diagnostic de vulnérabilité recommandé (à la charge du propriétaire).","zoneRefuge":"Conditionnelle : si le plancher ne peut pas être calé au-dessus des PHEC (impossibilité fonctionnelle dûment justifiée), un niveau refuge adapté est exigé (20 m² minimum pour une habitation, hauteur 1,80 m minimum, un refuge par logement/local, pas de refuge \"collectif\").","refugeCategorie":"Conditionnelle (impossibilité fonctionnelle à justifier)","zonesIntersectees":"Bi","etagePresent":"Non","etageSource":"connu (BDNB Fichiers Fonciers nb_niveau=1)","typologie":"Maison individuelle","eligibiliteFprnm":"Éligible - habitation : Fonds Barnier (FPRNM) à 80 % des travaux de prévention prescrits par le PPRN, plafond légal national, sous réserve d'un bien existant avant le 21/06/2022.","nbLogements":1,"hauteurM":4.3,"isErp":false}},{"type":"Feature","geometry":{"coordinates":[[[1.216897,43.292645],[1.216962,43.2927],[1.216887,43.292751],[1.216806,43.292689],[1.216841,43.292665],[1.216853,43.292675],[1.216897,43.292645]]],"type":"Polygon"},"properties":{"id":"BATIMENT0000000343239617","zoneCode":"Bi","zoneLabel":"Bleue inondation","zoneColor":"#4FA8E0","concerne":true,"regime":"Constructions nouvelles : Autorisées sous prescriptions (plancher au-dessus des PHEC, transparence hydraulique, matériaux les moins vulnérables). Constructions existantes : Extension jusqu'à 30 % de l'emprise existante, une seule fois depuis le 06/02/2018.","etudeGeotechniqueG2":false,"diagnostic":"Non obligatoire pour l'habitat ; auto-diagnostic de vulnérabilité recommandé (à la charge du propriétaire).","zoneRefuge":"Conditionnelle : si le plancher ne peut pas être calé au-dessus des PHEC (impossibilité fonctionnelle dûment justifiée), un niveau refuge adapté est exigé (20 m² minimum pour une habitation, hauteur 1,80 m minimum, un refuge par logement/local, pas de refuge \"collectif\").","refugeCategorie":"Conditionnelle (impossibilité fonctionnelle à justifier)","zonesIntersectees":"Bi","etagePresent":"Non","etageSource":"connu (BDNB Fichiers Fonciers nb_niveau=1)","typologie":"Maison individuelle","eligibiliteFprnm":"Éligible - habitation : Fonds Barnier (FPRNM) à 80 % des travaux de prévention prescrits par le PPRN, plafond légal national, sous réserve d'un bien existant avant le 21/06/2022.","nbLogements":1,"hauteurM":4.3,"isErp":false}},{"type":"Feature","geometry":{"coordinates":[[[1.217299,43.292694],[1.217231,43.292638],[1.217278,43.292608],[1.217266,43.292598],[1.217301,43.292576],[1.217378,43.292642],[1.217299,43.292694]]],"type":"Polygon"},"properties":{"id":"BATIMENT0000000343239618","zoneCode":"Bi","zoneLabel":"Bleue inondation","zoneColor":"#4FA8E0","concerne":true,"regime":"Constructions nouvelles : Autorisées sous prescriptions (plancher au-dessus des PHEC, transparence hydraulique, matériaux les moins vulnérables). Constructions existantes : Extension jusqu'à 30 % de l'emprise existante, une seule fois depuis le 06/02/2018.","etudeGeotechniqueG2":false,"diagnostic":"Non obligatoire pour l'habitat ; auto-diagnostic de vulnérabilité recommandé (à la charge du propriétaire).","zoneRefuge":"Conditionnelle : si le plancher ne peut pas être calé au-dessus des PHEC (impossibilité fonctionnelle dûment justifiée), un niveau refuge adapté est exigé (20 m² minimum pour une habitation, hauteur 1,80 m minimum, un refuge par logement/local, pas de refuge \"collectif\").","refugeCategorie":"Conditionnelle (impossibilité fonctionnelle à justifier)","zonesIntersectees":"Bi","etagePresent":"Non","etageSource":"connu (BDNB Fichiers Fonciers nb_niveau=1)","typologie":"Maison individuelle","eligibiliteFprnm":"Éligible - habitation : Fonds Barnier (FPRNM) à 80 % des travaux de prévention prescrits par le PPRN, plafond légal national, sous réserve d'un bien existant avant le 21/06/2022.","nbLogements":1,"hauteurM":3.7,"isErp":false}},{"type":"Feature","geometry":{"coordinates":[[[1.217231,43.292638],[1.217299,43.292694],[1.21719,43.292765],[1.217111,43.292698],[1.217179,43.292655],[1.217192,43.292666],[1.217231,43.292638]]],"type":"Polygon"},"properties":{"id":"BATIMENT0000000343239619","zoneCode":"Bi","zoneLabel":"Bleue inondation","zoneColor":"#4FA8E0","concerne":true,"regime":"Constructions nouvelles : Autorisées sous prescriptions (plancher au-dessus des PHEC, transparence hydraulique, matériaux les moins vulnérables). Constructions existantes : Extension jusqu'à 30 % de l'emprise existante, une seule fois depuis le 06/02/2018.","etudeGeotechniqueG2":false,"diagnostic":"Non obligatoire pour l'habitat ; auto-diagnostic de vulnérabilité recommandé (à la charge du propriétaire).","zoneRefuge":"Conditionnelle : si le plancher ne peut pas être calé au-dessus des PHEC (impossibilité fonctionnelle dûment justifiée), un niveau refuge adapté est exigé (20 m² minimum pour une habitation, hauteur 1,80 m minimum, un refuge par logement/local, pas de refuge \"collectif\").","refugeCategorie":"Conditionnelle (impossibilité fonctionnelle à justifier)","zonesIntersectees":"Bi","etagePresent":"Non","etageSource":"connu (BDNB Fichiers Fonciers nb_niveau=1)","typologie":"Maison individuelle","eligibiliteFprnm":"Éligible - habitation : Fonds Barnier (FPRNM) à 80 % des travaux de prévention prescrits par le PPRN, plafond légal national, sous réserve d'un bien existant avant le 21/06/2022.","nbLogements":1,"hauteurM":3.7,"isErp":false}},{"type":"Feature","geometry":{"coordinates":[[[1.216871,43.292451],[1.216912,43.29242],[1.216902,43.292412],[1.216938,43.292389],[1.217017,43.292454],[1.21694,43.292508],[1.216871,43.292451]]],"type":"Polygon"},"properties":{"id":"BATIMENT0000000343239620","zoneCode":"GHi","zoneLabel":"Grise hachurée inondation (remblai)","zoneColor":"#8A8A8A","concerne":true,"regime":"Constructions nouvelles : Autorisées : zone de remblai hors d'eau non soumise au risque pour la crue centennale. Constructions existantes : Autorisées, sans restriction d'usage particulière.","etudeGeotechniqueG2":false,"diagnostic":"Non obligatoire pour l'habitat ; auto-diagnostic de vulnérabilité recommandé (à la charge du propriétaire).","zoneRefuge":"Conditionnelle : si le plancher ne peut pas être calé au-dessus des PHEC (impossibilité fonctionnelle dûment justifiée), un niveau refuge adapté est exigé (20 m² minimum pour une habitation, hauteur 1,80 m minimum, un refuge par logement/local, pas de refuge \"collectif\").","refugeCategorie":"Conditionnelle (impossibilité fonctionnelle à justifier)","zonesIntersectees":"GHi","etagePresent":"Non","etageSource":"connu (BDNB Fichiers Fonciers nb_niveau=1)","typologie":"Maison individuelle","eligibiliteFprnm":"Éligible - habitation : Fonds Barnier (FPRNM) à 80 % des travaux de prévention prescrits par le PPRN, plafond légal national, sous réserve d'un bien existant avant le 21/06/2022.","nbLogements":1,"hauteurM":4.2,"isErp":false}},{"type":"Feature","geometry":{"coordinates":[[[1.217848,43.291329],[1.217872,43.291276],[1.217985,43.291303],[1.217957,43.291371],[1.217911,43.291361],[1.217918,43.291346],[1.217848,43.291329]]],"type":"Polygon"},"properties":{"id":"BATIMENT0000000343239621","zoneCode":"Ri","zoneLabel":"Rouge inondation","zoneColor":"#E2001A","concerne":true,"regime":"Constructions nouvelles : Interdites, sauf exceptions très limitées (accès de sécurité, abris légers <20 m² une fois, locaux techniques agricoles, serres tunnel...). Constructions existantes : Extension limitée à 20 % de l'emprise existante, une seule fois depuis le 06/02/2018, plancher au-dessus des PHEC.","etudeGeotechniqueG2":false,"diagnostic":"Non obligatoire pour l'habitat ; auto-diagnostic de vulnérabilité recommandé (à la charge du propriétaire).","zoneRefuge":"Conditionnelle : si le plancher ne peut pas être calé au-dessus des PHEC (impossibilité fonctionnelle dûment justifiée), un niveau refuge adapté est exigé (20 m² minimum pour une habitation, hauteur 1,80 m minimum, un refuge par logement/local, pas de refuge \"collectif\").","refugeCategorie":"Conditionnelle (impossibilité fonctionnelle à justifier)","zonesIntersectees":"Bi;Ri","etagePresent":"Non","etageSource":"connu (BDNB Fichiers Fonciers nb_niveau=1)","typologie":"Maison individuelle","eligibiliteFprnm":"Éligible - habitation : Fonds Barnier (FPRNM) à 80 % des travaux de prévention prescrits par le PPRN, plafond légal national, sous réserve d'un bien existant avant le 21/06/2022.","nbLogements":1,"hauteurM":4.8,"isErp":false}},{"type":"Feature","geometry":{"coordinates":[[[1.217703,43.291199],[1.217715,43.291172],[1.217752,43.291181],[1.21774,43.291208],[1.217703,43.291199]]],"type":"Polygon"},"properties":{"id":"BATIMENT0000000343239622","zoneCode":"Bi","zoneLabel":"Bleue inondation","zoneColor":"#4FA8E0","concerne":true,"regime":"Constructions nouvelles : Autorisées sous prescriptions (plancher au-dessus des PHEC, transparence hydraulique, matériaux les moins vulnérables). Constructions existantes : Extension jusqu'à 30 % de l'emprise existante, une seule fois depuis le 06/02/2018.","etudeGeotechniqueG2":false,"diagnostic":"Non obligatoire pour l'habitat ; auto-diagnostic de vulnérabilité recommandé (à la charge du propriétaire).","zoneRefuge":"Conditionnelle : si le plancher ne peut pas être calé au-dessus des PHEC (impossibilité fonctionnelle dûment justifiée), un niveau refuge adapté est exigé (20 m² minimum pour une habitation, hauteur 1,80 m minimum, un refuge par logement/local, pas de refuge \"collectif\").","refugeCategorie":"Conditionnelle (impossibilité fonctionnelle à justifier)","zonesIntersectees":"Bi","etagePresent":"Non","etageSource":"estimé par la hauteur du bâti (3.7 m), fiabilité modérée","typologie":"Typologie indéterminée (donnée absente ou non exploitable)","eligibiliteFprnm":"Non déterminé - typologie non qualifiée en l'état, à vérifier sur site.","hauteurM":3.7,"isErp":false}},{"type":"Feature","geometry":{"coordinates":[[[1.217652,43.291188],[1.217664,43.291161],[1.217715,43.291172],[1.217703,43.291199],[1.217652,43.291188]]],"type":"Polygon"},"properties":{"id":"BATIMENT0000000343239623","zoneCode":"Bi","zoneLabel":"Bleue inondation","zoneColor":"#4FA8E0","concerne":true,"regime":"Constructions nouvelles : Autorisées sous prescriptions (plancher au-dessus des PHEC, transparence hydraulique, matériaux les moins vulnérables). Constructions existantes : Extension jusqu'à 30 % de l'emprise existante, une seule fois depuis le 06/02/2018.","etudeGeotechniqueG2":false,"diagnostic":"Non obligatoire pour l'habitat ; auto-diagnostic de vulnérabilité recommandé (à la charge du propriétaire).","zoneRefuge":"Conditionnelle : si le plancher ne peut pas être calé au-dessus des PHEC (impossibilité fonctionnelle dûment justifiée), un niveau refuge adapté est exigé (20 m² minimum pour une habitation, hauteur 1,80 m minimum, un refuge par logement/local, pas de refuge \"collectif\").","refugeCategorie":"Conditionnelle (impossibilité fonctionnelle à justifier)","zonesIntersectees":"Bi","etagePresent":"Non","etageSource":"estimé par la hauteur du bâti (3.7 m), fiabilité modérée","typologie":"Typologie indéterminée (donnée absente ou non exploitable)","eligibiliteFprnm":"Non déterminé - typologie non qualifiée en l'état, à vérifier sur site.","hauteurM":3.7,"isErp":false}},{"type":"Feature","geometry":{"coordinates":[[[1.217872,43.291276],[1.217848,43.291329],[1.217918,43.291346],[1.217911,43.291361],[1.217805,43.291337],[1.217835,43.291268],[1.217872,43.291276]]],"type":"Polygon"},"properties":{"id":"BATIMENT0000000343239624","zoneCode":"Bi","zoneLabel":"Bleue inondation","zoneColor":"#4FA8E0","concerne":true,"regime":"Constructions nouvelles : Autorisées sous prescriptions (plancher au-dessus des PHEC, transparence hydraulique, matériaux les moins vulnérables). Constructions existantes : Extension jusqu'à 30 % de l'emprise existante, une seule fois depuis le 06/02/2018.","etudeGeotechniqueG2":false,"diagnostic":"Non obligatoire pour l'habitat ; auto-diagnostic de vulnérabilité recommandé (à la charge du propriétaire).","zoneRefuge":"Conditionnelle : si le plancher ne peut pas être calé au-dessus des PHEC (impossibilité fonctionnelle dûment justifiée), un niveau refuge adapté est exigé (20 m² minimum pour une habitation, hauteur 1,80 m minimum, un refuge par logement/local, pas de refuge \"collectif\").","refugeCategorie":"Conditionnelle (impossibilité fonctionnelle à justifier)","zonesIntersectees":"Bi","etagePresent":"Non","etageSource":"estimé par la hauteur du bâti (4.8 m), fiabilité modérée","typologie":"Typologie indéterminée (donnée absente ou non exploitable)","eligibiliteFprnm":"Non déterminé - typologie non qualifiée en l'état, à vérifier sur site.","hauteurM":4.8,"isErp":false}},{"type":"Feature","geometry":{"coordinates":[[[1.218129,43.291414],[1.218183,43.291427],[1.218218,43.291349],[1.218163,43.291335],[1.218129,43.291414]]],"type":"Polygon"},"properties":{"id":"BATIMENT0000000343239625","zoneCode":"Ri","zoneLabel":"Rouge inondation","zoneColor":"#E2001A","concerne":true,"regime":"Constructions nouvelles : Interdites, sauf exceptions très limitées (accès de sécurité, abris légers <20 m² une fois, locaux techniques agricoles, serres tunnel...). Constructions existantes : Extension limitée à 20 % de l'emprise existante, une seule fois depuis le 06/02/2018, plancher au-dessus des PHEC.","etudeGeotechniqueG2":false,"diagnostic":"Non obligatoire pour l'habitat ; auto-diagnostic de vulnérabilité recommandé (à la charge du propriétaire).","zoneRefuge":"Conditionnelle : si le plancher ne peut pas être calé au-dessus des PHEC (impossibilité fonctionnelle dûment justifiée), un niveau refuge adapté est exigé (20 m² minimum pour une habitation, hauteur 1,80 m minimum, un refuge par logement/local, pas de refuge \"collectif\").","refugeCategorie":"Conditionnelle (impossibilité fonctionnelle à justifier)","zonesIntersectees":"Ri","etagePresent":"Non","etageSource":"estimé par la hauteur du bâti (2.9 m), fiabilité modérée","typologie":"Typologie indéterminée (donnée absente ou non exploitable)","eligibiliteFprnm":"Non déterminé - typologie non qualifiée en l'état, à vérifier sur site.","hauteurM":2.9,"isErp":false}},{"type":"Feature","geometry":{"coordinates":[[[1.21815,43.292294],[1.218104,43.292288],[1.218113,43.292234],[1.218156,43.292237],[1.21815,43.292294]]],"type":"Polygon"},"properties":{"id":"BATIMENT0000000343239626","zoneCode":"Bi","zoneLabel":"Bleue inondation","zoneColor":"#4FA8E0","concerne":true,"regime":"Constructions nouvelles : Autorisées sous prescriptions (plancher au-dessus des PHEC, transparence hydraulique, matériaux les moins vulnérables). Constructions existantes : Extension jusqu'à 30 % de l'emprise existante, une seule fois depuis le 06/02/2018.","etudeGeotechniqueG2":false,"diagnostic":"Non obligatoire pour l'habitat ; auto-diagnostic de vulnérabilité recommandé (à la charge du propriétaire).","zoneRefuge":"Conditionnelle : si le plancher ne peut pas être calé au-dessus des PHEC (impossibilité fonctionnelle dûment justifiée), un niveau refuge adapté est exigé (20 m² minimum pour une habitation, hauteur 1,80 m minimum, un refuge par logement/local, pas de refuge \"collectif\").","refugeCategorie":"Conditionnelle (impossibilité fonctionnelle à justifier)","zonesIntersectees":"Bi","etagePresent":"Non","etageSource":"connu (BD TOPO nombre_d_etages)","typologie":"Annexe (non habitée)","eligibiliteFprnm":"Non déterminé - typologie non qualifiée en l'état, à vérifier sur site.","nbLogements":0,"hauteurM":3.4,"isErp":false}},{"type":"Feature","geometry":{"coordinates":[[[1.218214,43.292302],[1.21815,43.292294],[1.218156,43.292237],[1.218218,43.292241],[1.218214,43.292302]]],"type":"Polygon"},"properties":{"id":"BATIMENT0000000343239627","zoneCode":"Bi","zoneLabel":"Bleue inondation","zoneColor":"#4FA8E0","concerne":true,"regime":"Constructions nouvelles : Autorisées sous prescriptions (plancher au-dessus des PHEC, transparence hydraulique, matériaux les moins vulnérables). Constructions existantes : Extension jusqu'à 30 % de l'emprise existante, une seule fois depuis le 06/02/2018.","etudeGeotechniqueG2":false,"diagnostic":"Non obligatoire pour l'habitat ; auto-diagnostic de vulnérabilité recommandé (à la charge du propriétaire).","zoneRefuge":"Conditionnelle : si le plancher ne peut pas être calé au-dessus des PHEC (impossibilité fonctionnelle dûment justifiée), un niveau refuge adapté est exigé (20 m² minimum pour une habitation, hauteur 1,80 m minimum, un refuge par logement/local, pas de refuge \"collectif\").","refugeCategorie":"Conditionnelle (impossibilité fonctionnelle à justifier)","zonesIntersectees":"Bi","etagePresent":"Non","etageSource":"estimé par la hauteur du bâti (3.4 m), fiabilité modérée","typologie":"Typologie indéterminée (donnée absente ou non exploitable)","eligibiliteFprnm":"Non déterminé - typologie non qualifiée en l'état, à vérifier sur site.","hauteurM":3.4,"isErp":false}},{"type":"Feature","geometry":{"coordinates":[[[1.216636,43.292697],[1.216676,43.292726],[1.21665,43.292744],[1.216611,43.292714],[1.216636,43.292697]]],"type":"Polygon"},"properties":{"id":"BATIMENT0000000343239628","zoneCode":"Bi","zoneLabel":"Bleue inondation","zoneColor":"#4FA8E0","concerne":true,"regime":"Constructions nouvelles : Autorisées sous prescriptions (plancher au-dessus des PHEC, transparence hydraulique, matériaux les moins vulnérables). Constructions existantes : Extension jusqu'à 30 % de l'emprise existante, une seule fois depuis le 06/02/2018.","etudeGeotechniqueG2":false,"diagnostic":"Non obligatoire pour l'habitat ; auto-diagnostic de vulnérabilité recommandé (à la charge du propriétaire).","zoneRefuge":"Conditionnelle : si le plancher ne peut pas être calé au-dessus des PHEC (impossibilité fonctionnelle dûment justifiée), un niveau refuge adapté est exigé (20 m² minimum pour une habitation, hauteur 1,80 m minimum, un refuge par logement/local, pas de refuge \"collectif\").","refugeCategorie":"Conditionnelle (impossibilité fonctionnelle à justifier)","zonesIntersectees":"Bi","etagePresent":"Non","etageSource":"connu (BDNB Fichiers Fonciers nb_niveau=1)","typologie":"Maison individuelle","typologieSource":"BDNB (Fichiers Fonciers)","eligibiliteFprnm":"Éligible - habitation : Fonds Barnier (FPRNM) à 80 % des travaux de prévention prescrits par le PPRN, plafond légal national, sous réserve d'un bien existant avant le 21/06/2022.","hauteurM":4.1,"isErp":false}},{"type":"Feature","geometry":{"coordinates":[[[1.216579,43.292689],[1.216649,43.29264],[1.21667,43.292658],[1.216682,43.292652],[1.21673,43.29269],[1.216676,43.292726],[1.216636,43.292697],[1.216611,43.292714],[1.216579,43.292689]]],"type":"Polygon"},"properties":{"id":"BATIMENT0000000343239629","zoneCode":"Bi","zoneLabel":"Bleue inondation","zoneColor":"#4FA8E0","concerne":true,"regime":"Constructions nouvelles : Autorisées sous prescriptions (plancher au-dessus des PHEC, transparence hydraulique, matériaux les moins vulnérables). Constructions existantes : Extension jusqu'à 30 % de l'emprise existante, une seule fois depuis le 06/02/2018.","etudeGeotechniqueG2":false,"diagnostic":"Non obligatoire pour l'habitat ; auto-diagnostic de vulnérabilité recommandé (à la charge du propriétaire).","zoneRefuge":"Conditionnelle : si le plancher ne peut pas être calé au-dessus des PHEC (impossibilité fonctionnelle dûment justifiée), un niveau refuge adapté est exigé (20 m² minimum pour une habitation, hauteur 1,80 m minimum, un refuge par logement/local, pas de refuge \"collectif\").","refugeCategorie":"Conditionnelle (impossibilité fonctionnelle à justifier)","zonesIntersectees":"Bi","etagePresent":"Non","etageSource":"connu (BDNB Fichiers Fonciers nb_niveau=1)","typologie":"Maison individuelle","eligibiliteFprnm":"Éligible - habitation : Fonds Barnier (FPRNM) à 80 % des travaux de prévention prescrits par le PPRN, plafond légal national, sous réserve d'un bien existant avant le 21/06/2022.","nbLogements":1,"hauteurM":4.1,"isErp":false}},{"type":"Feature","geometry":{"coordinates":[[[1.216579,43.292689],[1.216551,43.292665],[1.216574,43.292648],[1.216535,43.292618],[1.216589,43.29258],[1.216641,43.29262],[1.216631,43.292627],[1.216649,43.29264],[1.216579,43.292689]]],"type":"Polygon"},"properties":{"id":"BATIMENT0000000343239630","zoneCode":"Bi","zoneLabel":"Bleue inondation","zoneColor":"#4FA8E0","concerne":true,"regime":"Constructions nouvelles : Autorisées sous prescriptions (plancher au-dessus des PHEC, transparence hydraulique, matériaux les moins vulnérables). Constructions existantes : Extension jusqu'à 30 % de l'emprise existante, une seule fois depuis le 06/02/2018.","etudeGeotechniqueG2":false,"diagnostic":"Non obligatoire pour l'habitat ; auto-diagnostic de vulnérabilité recommandé (à la charge du propriétaire).","zoneRefuge":"Conditionnelle : si le plancher ne peut pas être calé au-dessus des PHEC (impossibilité fonctionnelle dûment justifiée), un niveau refuge adapté est exigé (20 m² minimum pour une habitation, hauteur 1,80 m minimum, un refuge par logement/local, pas de refuge \"collectif\").","refugeCategorie":"Conditionnelle (impossibilité fonctionnelle à justifier)","zonesIntersectees":"Bi","etagePresent":"Non","etageSource":"connu (BDNB Fichiers Fonciers nb_niveau=1)","typologie":"Maison individuelle","eligibiliteFprnm":"Éligible - habitation : Fonds Barnier (FPRNM) à 80 % des travaux de prévention prescrits par le PPRN, plafond légal national, sous réserve d'un bien existant avant le 21/06/2022.","nbLogements":1,"hauteurM":4.1,"isErp":false}},{"type":"Feature","geometry":{"coordinates":[[[1.216974,43.292186],[1.216972,43.292211],[1.217083,43.292214],[1.217086,43.292188],[1.216974,43.292186]]],"type":"Polygon"},"properties":{"id":"BATIMENT0000000343239635","zoneCode":"GHi","zoneLabel":"Grise hachurée inondation (remblai)","zoneColor":"#8A8A8A","concerne":true,"regime":"Constructions nouvelles : Autorisées : zone de remblai hors d'eau non soumise au risque pour la crue centennale. Constructions existantes : Autorisées, sans restriction d'usage particulière.","etudeGeotechniqueG2":false,"diagnostic":"Non obligatoire pour l'habitat ; auto-diagnostic de vulnérabilité recommandé (à la charge du propriétaire).","zoneRefuge":"Conditionnelle : si le plancher ne peut pas être calé au-dessus des PHEC (impossibilité fonctionnelle dûment justifiée), un niveau refuge adapté est exigé (20 m² minimum pour une habitation, hauteur 1,80 m minimum, un refuge par logement/local, pas de refuge \"collectif\").","refugeCategorie":"Conditionnelle (impossibilité fonctionnelle à justifier)","zonesIntersectees":"GHi","etagePresent":"Non","etageSource":"connu (BDNB Fichiers Fonciers nb_niveau=1)","typologie":"Maison individuelle","typologieSource":"BDNB (Fichiers Fonciers)","eligibiliteFprnm":"Éligible - habitation : Fonds Barnier (FPRNM) à 80 % des travaux de prévention prescrits par le PPRN, plafond légal national, sous réserve d'un bien existant avant le 21/06/2022.","hauteurM":5.3,"isErp":false}},{"type":"Feature","geometry":{"coordinates":[[[1.217086,43.292188],[1.216974,43.292186],[1.216986,43.292013],[1.217106,43.292015],[1.217095,43.292171],[1.217088,43.292171],[1.217086,43.292188]]],"type":"Polygon"},"properties":{"id":"BATIMENT0000000343239636","zoneCode":"GHi","zoneLabel":"Grise hachurée inondation (remblai)","zoneColor":"#8A8A8A","concerne":true,"regime":"Constructions nouvelles : Autorisées : zone de remblai hors d'eau non soumise au risque pour la crue centennale. Constructions existantes : Autorisées, sans restriction d'usage particulière.","etudeGeotechniqueG2":false,"diagnostic":"Non obligatoire pour l'habitat ; auto-diagnostic de vulnérabilité recommandé (à la charge du propriétaire).","zoneRefuge":"Conditionnelle : si le plancher ne peut pas être calé au-dessus des PHEC (impossibilité fonctionnelle dûment justifiée), un niveau refuge adapté est exigé (20 m² minimum pour une habitation, hauteur 1,80 m minimum, un refuge par logement/local, pas de refuge \"collectif\").","refugeCategorie":"Conditionnelle (impossibilité fonctionnelle à justifier)","zonesIntersectees":"GHi","etagePresent":"Non","etageSource":"connu (BDNB Fichiers Fonciers nb_niveau=1)","typologie":"Maison individuelle","eligibiliteFprnm":"Éligible - habitation : Fonds Barnier (FPRNM) à 80 % des travaux de prévention prescrits par le PPRN, plafond légal national, sous réserve d'un bien existant avant le 21/06/2022.","nbLogements":1,"hauteurM":3.9,"isErp":false}},{"type":"Feature","geometry":{"coordinates":[[[1.217698,43.291954],[1.217702,43.291872],[1.217793,43.291874],[1.217795,43.291859],[1.217861,43.291862],[1.217856,43.291958],[1.217698,43.291954]]],"type":"Polygon"},"properties":{"id":"BATIMENT0000000343239637","zoneCode":"Bi","zoneLabel":"Bleue inondation","zoneColor":"#4FA8E0","concerne":true,"regime":"Constructions nouvelles : Autorisées sous prescriptions (plancher au-dessus des PHEC, transparence hydraulique, matériaux les moins vulnérables). Constructions existantes : Extension jusqu'à 30 % de l'emprise existante, une seule fois depuis le 06/02/2018.","etudeGeotechniqueG2":false,"diagnostic":"Non obligatoire pour l'habitat ; auto-diagnostic de vulnérabilité recommandé (à la charge du propriétaire).","zoneRefuge":"Conditionnelle : si le plancher ne peut pas être calé au-dessus des PHEC (impossibilité fonctionnelle dûment justifiée), un niveau refuge adapté est exigé (20 m² minimum pour une habitation, hauteur 1,80 m minimum, un refuge par logement/local, pas de refuge \"collectif\").","refugeCategorie":"Conditionnelle (impossibilité fonctionnelle à justifier)","zonesIntersectees":"Bi","etagePresent":"Oui","etageSource":"connu (BD TOPO nombre_d_etages)","typologie":"Maison individuelle","eligibiliteFprnm":"Éligible - habitation : Fonds Barnier (FPRNM) à 80 % des travaux de prévention prescrits par le PPRN, plafond légal national, sous réserve d'un bien existant avant le 21/06/2022.","nbLogements":1,"hauteurM":5.5,"isErp":false}},{"type":"Feature","geometry":{"coordinates":[[[1.217383,43.292424],[1.21744,43.292387],[1.217487,43.292428],[1.21743,43.292465],[1.217383,43.292424]]],"type":"Polygon"},"properties":{"id":"BATIMENT0000000343239643","zoneCode":"Bi","zoneLabel":"Bleue inondation","zoneColor":"#4FA8E0","concerne":true,"regime":"Constructions nouvelles : Autorisées sous prescriptions (plancher au-dessus des PHEC, transparence hydraulique, matériaux les moins vulnérables). Constructions existantes : Extension jusqu'à 30 % de l'emprise existante, une seule fois depuis le 06/02/2018.","etudeGeotechniqueG2":false,"diagnostic":"Non obligatoire pour l'habitat ; auto-diagnostic de vulnérabilité recommandé (à la charge du propriétaire).","zoneRefuge":"Conditionnelle : si le plancher ne peut pas être calé au-dessus des PHEC (impossibilité fonctionnelle dûment justifiée), un niveau refuge adapté est exigé (20 m² minimum pour une habitation, hauteur 1,80 m minimum, un refuge par logement/local, pas de refuge \"collectif\").","refugeCategorie":"Conditionnelle (impossibilité fonctionnelle à justifier)","zonesIntersectees":"Bi;GHi","etagePresent":"Non","etageSource":"connu (BDNB Fichiers Fonciers nb_niveau=1)","typologie":"Annexe (non habitée)","eligibiliteFprnm":"Non déterminé - typologie non qualifiée en l'état, à vérifier sur site.","nbLogements":0,"hauteurM":4.3,"isErp":false}},{"type":"Feature","geometry":{"coordinates":[[[1.222848,43.29288],[1.222861,43.292853],[1.222824,43.292841],[1.222821,43.292846],[1.222766,43.29283],[1.222749,43.292854],[1.222848,43.29288]]],"type":"Polygon"},"properties":{"id":"BATIMENT0000000343239644","zoneCode":"Ri","zoneLabel":"Rouge inondation","zoneColor":"#E2001A","concerne":true,"regime":"Constructions nouvelles : Interdites, sauf exceptions très limitées (accès de sécurité, abris légers <20 m² une fois, locaux techniques agricoles, serres tunnel...). Constructions existantes : Extension limitée à 20 % de l'emprise existante, une seule fois depuis le 06/02/2018, plancher au-dessus des PHEC.","etudeGeotechniqueG2":false,"diagnostic":"Non obligatoire pour l'habitat ; auto-diagnostic de vulnérabilité recommandé (à la charge du propriétaire).","zoneRefuge":"Conditionnelle : si le plancher ne peut pas être calé au-dessus des PHEC (impossibilité fonctionnelle dûment justifiée), un niveau refuge adapté est exigé (20 m² minimum pour une habitation, hauteur 1,80 m minimum, un refuge par logement/local, pas de refuge \"collectif\").","refugeCategorie":"Conditionnelle (impossibilité fonctionnelle à justifier)","zonesIntersectees":"Ri","etagePresent":"Oui","etageSource":"estimé par la hauteur du bâti (6.3 m), fiabilité modérée","typologie":"Typologie indéterminée (donnée absente ou non exploitable)","eligibiliteFprnm":"Non déterminé - typologie non qualifiée en l'état, à vérifier sur site.","hauteurM":6.3,"isErp":false}},{"type":"Feature","geometry":{"coordinates":[[[1.221418,43.292678],[1.221531,43.292709],[1.22152,43.292728],[1.22153,43.292732],[1.2215,43.292785],[1.221383,43.292754],[1.221418,43.292678]]],"type":"Polygon"},"properties":{"id":"BATIMENT0000000343239645","zoneCode":"Ri","zoneLabel":"Rouge inondation","zoneColor":"#E2001A","concerne":true,"regime":"Constructions nouvelles : Interdites, sauf exceptions très limitées (accès de sécurité, abris légers <20 m² une fois, locaux techniques agricoles, serres tunnel...). Constructions existantes : Extension limitée à 20 % de l'emprise existante, une seule fois depuis le 06/02/2018, plancher au-dessus des PHEC.","etudeGeotechniqueG2":false,"diagnostic":"Non obligatoire pour l'habitat ; auto-diagnostic de vulnérabilité recommandé (à la charge du propriétaire).","zoneRefuge":"Conditionnelle : si le plancher ne peut pas être calé au-dessus des PHEC (impossibilité fonctionnelle dûment justifiée), un niveau refuge adapté est exigé (20 m² minimum pour une habitation, hauteur 1,80 m minimum, un refuge par logement/local, pas de refuge \"collectif\").","refugeCategorie":"Conditionnelle (impossibilité fonctionnelle à justifier)","zonesIntersectees":"Ri","etagePresent":"Oui","etageSource":"connu (BDNB Fichiers Fonciers nb_niveau=2)","typologie":"Maison individuelle","eligibiliteFprnm":"Éligible - habitation : Fonds Barnier (FPRNM) à 80 % des travaux de prévention prescrits par le PPRN, plafond légal national, sous réserve d'un bien existant avant le 21/06/2022.","nbLogements":1,"hauteurM":6.8,"isErp":false}},{"type":"Feature","geometry":{"coordinates":[[[1.220727,43.292597],[1.220764,43.292528],[1.220891,43.292565],[1.220853,43.292631],[1.220727,43.292597]]],"type":"Polygon"},"properties":{"id":"BATIMENT0000000343239646","zoneCode":"Ri","zoneLabel":"Rouge inondation","zoneColor":"#E2001A","concerne":true,"regime":"Constructions nouvelles : Interdites, sauf exceptions très limitées (accès de sécurité, abris légers <20 m² une fois, locaux techniques agricoles, serres tunnel...). Constructions existantes : Extension limitée à 20 % de l'emprise existante, une seule fois depuis le 06/02/2018, plancher au-dessus des PHEC.","etudeGeotechniqueG2":false,"diagnostic":"Non obligatoire pour l'habitat ; auto-diagnostic de vulnérabilité recommandé (à la charge du propriétaire).","zoneRefuge":"Conditionnelle : si le plancher ne peut pas être calé au-dessus des PHEC (impossibilité fonctionnelle dûment justifiée), un niveau refuge adapté est exigé (20 m² minimum pour une habitation, hauteur 1,80 m minimum, un refuge par logement/local, pas de refuge \"collectif\").","refugeCategorie":"Conditionnelle (impossibilité fonctionnelle à justifier)","zonesIntersectees":"Ri","etagePresent":"Oui","etageSource":"connu (BDNB Fichiers Fonciers nb_niveau=2)","typologie":"Maison individuelle","eligibiliteFprnm":"Éligible - habitation : Fonds Barnier (FPRNM) à 80 % des travaux de prévention prescrits par le PPRN, plafond légal national, sous réserve d'un bien existant avant le 21/06/2022.","nbLogements":1,"hauteurM":8.2,"isErp":false}},{"type":"Feature","geometry":{"coordinates":[[[1.220472,43.292137],[1.22019,43.292136],[1.220186,43.292171],[1.220471,43.292173],[1.220472,43.292137]]],"type":"Polygon"},"properties":{"id":"BATIMENT0000000343239647","zoneCode":"Ri","zoneLabel":"Rouge inondation","zoneColor":"#E2001A","concerne":true,"regime":"Constructions nouvelles : Interdites, sauf exceptions très limitées (accès de sécurité, abris légers <20 m² une fois, locaux techniques agricoles, serres tunnel...). Constructions existantes : Extension limitée à 20 % de l'emprise existante, une seule fois depuis le 06/02/2018, plancher au-dessus des PHEC.","etudeGeotechniqueG2":false,"diagnostic":"Non obligatoire pour l'habitat ; auto-diagnostic de vulnérabilité recommandé (à la charge du propriétaire).","zoneRefuge":"Conditionnelle : si le plancher ne peut pas être calé au-dessus des PHEC (impossibilité fonctionnelle dûment justifiée), un niveau refuge adapté est exigé (20 m² minimum pour une habitation, hauteur 1,80 m minimum, un refuge par logement/local, pas de refuge \"collectif\").","refugeCategorie":"Conditionnelle (impossibilité fonctionnelle à justifier)","zonesIntersectees":"Ri","etagePresent":"Oui","etageSource":"connu (BDNB Fichiers Fonciers nb_niveau=2)","typologie":"Maison individuelle","eligibiliteFprnm":"Éligible - habitation : Fonds Barnier (FPRNM) à 80 % des travaux de prévention prescrits par le PPRN, plafond légal national, sous réserve d'un bien existant avant le 21/06/2022.","nbLogements":1,"hauteurM":15.6,"isErp":false}},{"type":"Feature","geometry":{"coordinates":[[[1.220421,43.292138],[1.220423,43.292129],[1.220296,43.292127],[1.220296,43.292136],[1.220421,43.292138]]],"type":"Polygon"},"properties":{"id":"BATIMENT0000000343239648","zoneCode":"Ri","zoneLabel":"Rouge inondation","zoneColor":"#E2001A","concerne":true,"regime":"Constructions nouvelles : Interdites, sauf exceptions très limitées (accès de sécurité, abris légers <20 m² une fois, locaux techniques agricoles, serres tunnel...). Constructions existantes : Extension limitée à 20 % de l'emprise existante, une seule fois depuis le 06/02/2018, plancher au-dessus des PHEC.","etudeGeotechniqueG2":false,"diagnostic":"Non obligatoire pour l'habitat ; auto-diagnostic de vulnérabilité recommandé (à la charge du propriétaire).","zoneRefuge":"Conditionnelle : si le plancher ne peut pas être calé au-dessus des PHEC (impossibilité fonctionnelle dûment justifiée), un niveau refuge adapté est exigé (20 m² minimum pour une habitation, hauteur 1,80 m minimum, un refuge par logement/local, pas de refuge \"collectif\").","refugeCategorie":"Conditionnelle (impossibilité fonctionnelle à justifier)","zonesIntersectees":"Ri","etagePresent":"Oui","etageSource":"estimé par la hauteur du bâti (7.7 m), fiabilité modérée","typologie":"Typologie indéterminée (donnée absente ou non exploitable)","eligibiliteFprnm":"Non déterminé - typologie non qualifiée en l'état, à vérifier sur site.","hauteurM":7.7,"isErp":false}},{"type":"Feature","geometry":{"coordinates":[[[1.218866,43.29141],[1.218899,43.291339],[1.219016,43.291365],[1.21902,43.29136],[1.219091,43.291376],[1.219054,43.291456],[1.218866,43.29141]]],"type":"Polygon"},"properties":{"id":"BATIMENT0000000343239649","zoneCode":"Ri","zoneLabel":"Rouge inondation","zoneColor":"#E2001A","concerne":true,"regime":"Constructions nouvelles : Interdites, sauf exceptions très limitées (accès de sécurité, abris légers <20 m² une fois, locaux techniques agricoles, serres tunnel...). Constructions existantes : Extension limitée à 20 % de l'emprise existante, une seule fois depuis le 06/02/2018, plancher au-dessus des PHEC.","etudeGeotechniqueG2":false,"diagnostic":"Non obligatoire pour l'habitat ; auto-diagnostic de vulnérabilité recommandé (à la charge du propriétaire).","zoneRefuge":"Conditionnelle : si le plancher ne peut pas être calé au-dessus des PHEC (impossibilité fonctionnelle dûment justifiée), un niveau refuge adapté est exigé (20 m² minimum pour une habitation, hauteur 1,80 m minimum, un refuge par logement/local, pas de refuge \"collectif\").","refugeCategorie":"Conditionnelle (impossibilité fonctionnelle à justifier)","zonesIntersectees":"Bi;Ri","etagePresent":"Non","etageSource":"connu (BDNB Fichiers Fonciers nb_niveau=1)","typologie":"Maison individuelle","eligibiliteFprnm":"Éligible - habitation : Fonds Barnier (FPRNM) à 80 % des travaux de prévention prescrits par le PPRN, plafond légal national, sous réserve d'un bien existant avant le 21/06/2022.","nbLogements":1,"hauteurM":4.3,"isErp":false}},{"type":"Feature","geometry":{"coordinates":[[[1.222396,43.291426],[1.222403,43.291452],[1.222366,43.291458],[1.222356,43.29143],[1.222396,43.291426]]],"type":"Polygon"},"properties":{"id":"BATIMENT0000000343239650","zoneCode":"Ri","zoneLabel":"Rouge inondation","zoneColor":"#E2001A","concerne":true,"regime":"Constructions nouvelles : Interdites, sauf exceptions très limitées (accès de sécurité, abris légers <20 m² une fois, locaux techniques agricoles, serres tunnel...). Constructions existantes : Extension limitée à 20 % de l'emprise existante, une seule fois depuis le 06/02/2018, plancher au-dessus des PHEC.","etudeGeotechniqueG2":false,"diagnostic":"Non obligatoire pour l'habitat ; auto-diagnostic de vulnérabilité recommandé (à la charge du propriétaire).","zoneRefuge":"Conditionnelle : si le plancher ne peut pas être calé au-dessus des PHEC (impossibilité fonctionnelle dûment justifiée), un niveau refuge adapté est exigé (20 m² minimum pour une habitation, hauteur 1,80 m minimum, un refuge par logement/local, pas de refuge \"collectif\").","refugeCategorie":"Conditionnelle (impossibilité fonctionnelle à justifier)","zonesIntersectees":"Ri","etagePresent":"Non","etageSource":"estimé par la hauteur du bâti (4.2 m), fiabilité modérée","typologie":"Typologie indéterminée (donnée absente ou non exploitable)","eligibiliteFprnm":"Non déterminé - typologie non qualifiée en l'état, à vérifier sur site.","hauteurM":4.2,"isErp":false}},{"type":"Feature","geometry":{"coordinates":[[[1.220608,43.292303],[1.220632,43.292252],[1.220491,43.292216],[1.220355,43.292218],[1.220354,43.292235],[1.220608,43.292303]]],"type":"Polygon"},"properties":{"id":"BATIMENT0000000343239651","zoneCode":"Ri","zoneLabel":"Rouge inondation","zoneColor":"#E2001A","concerne":true,"regime":"Constructions nouvelles : Interdites, sauf exceptions très limitées (accès de sécurité, abris légers <20 m² une fois, locaux techniques agricoles, serres tunnel...). Constructions existantes : Extension limitée à 20 % de l'emprise existante, une seule fois depuis le 06/02/2018, plancher au-dessus des PHEC.","etudeGeotechniqueG2":false,"diagnostic":"Non obligatoire pour l'habitat ; auto-diagnostic de vulnérabilité recommandé (à la charge du propriétaire).","zoneRefuge":"Conditionnelle : si le plancher ne peut pas être calé au-dessus des PHEC (impossibilité fonctionnelle dûment justifiée), un niveau refuge adapté est exigé (20 m² minimum pour une habitation, hauteur 1,80 m minimum, un refuge par logement/local, pas de refuge \"collectif\").","refugeCategorie":"Conditionnelle (impossibilité fonctionnelle à justifier)","zonesIntersectees":"Ri","etagePresent":"Oui","etageSource":"étage retenu par prudence (1 niveau(x) déclaré(s), incohérent avec la hauteur mesurée 14.2 m > seuil 5.30 m)","typologie":"Maison individuelle","eligibiliteFprnm":"Éligible - habitation : Fonds Barnier (FPRNM) à 80 % des travaux de prévention prescrits par le PPRN, plafond légal national, sous réserve d'un bien existant avant le 21/06/2022.","nbLogements":1,"hauteurM":14.2,"isErp":false}},{"type":"Feature","geometry":{"coordinates":[[[1.219214,43.292223],[1.219242,43.292159],[1.219352,43.292189],[1.21932,43.292251],[1.219214,43.292223]]],"type":"Polygon"},"properties":{"id":"BATIMENT0000000343239652","zoneCode":"Ri","zoneLabel":"Rouge inondation","zoneColor":"#E2001A","concerne":true,"regime":"Constructions nouvelles : Interdites, sauf exceptions très limitées (accès de sécurité, abris légers <20 m² une fois, locaux techniques agricoles, serres tunnel...). Constructions existantes : Extension limitée à 20 % de l'emprise existante, une seule fois depuis le 06/02/2018, plancher au-dessus des PHEC.","etudeGeotechniqueG2":false,"diagnostic":"Non obligatoire pour l'habitat ; auto-diagnostic de vulnérabilité recommandé (à la charge du propriétaire).","zoneRefuge":"Conditionnelle : si le plancher ne peut pas être calé au-dessus des PHEC (impossibilité fonctionnelle dûment justifiée), un niveau refuge adapté est exigé (20 m² minimum pour une habitation, hauteur 1,80 m minimum, un refuge par logement/local, pas de refuge \"collectif\").","refugeCategorie":"Conditionnelle (impossibilité fonctionnelle à justifier)","zonesIntersectees":"Ri","etagePresent":"Oui","etageSource":"connu (BDNB Fichiers Fonciers nb_niveau=2)","typologie":"Maison individuelle","eligibiliteFprnm":"Éligible - habitation : Fonds Barnier (FPRNM) à 80 % des travaux de prévention prescrits par le PPRN, plafond légal national, sous réserve d'un bien existant avant le 21/06/2022.","nbLogements":1,"hauteurM":5.1,"isErp":false}},{"type":"Feature","geometry":{"coordinates":[[[1.219017,43.292108],[1.219009,43.292124],[1.219093,43.292145],[1.219061,43.29221],[1.218942,43.292181],[1.218977,43.292098],[1.219017,43.292108]]],"type":"Polygon"},"properties":{"id":"BATIMENT0000000343239653","zoneCode":"Ri","zoneLabel":"Rouge inondation","zoneColor":"#E2001A","concerne":true,"regime":"Constructions nouvelles : Interdites, sauf exceptions très limitées (accès de sécurité, abris légers <20 m² une fois, locaux techniques agricoles, serres tunnel...). Constructions existantes : Extension limitée à 20 % de l'emprise existante, une seule fois depuis le 06/02/2018, plancher au-dessus des PHEC.","etudeGeotechniqueG2":false,"diagnostic":"Non obligatoire pour l'habitat ; auto-diagnostic de vulnérabilité recommandé (à la charge du propriétaire).","zoneRefuge":"Conditionnelle : si le plancher ne peut pas être calé au-dessus des PHEC (impossibilité fonctionnelle dûment justifiée), un niveau refuge adapté est exigé (20 m² minimum pour une habitation, hauteur 1,80 m minimum, un refuge par logement/local, pas de refuge \"collectif\").","refugeCategorie":"Conditionnelle (impossibilité fonctionnelle à justifier)","zonesIntersectees":"Ri","etagePresent":"Non","etageSource":"connu (BDNB Fichiers Fonciers nb_niveau=1)","typologie":"Maison individuelle","eligibiliteFprnm":"Éligible - habitation : Fonds Barnier (FPRNM) à 80 % des travaux de prévention prescrits par le PPRN, plafond légal national, sous réserve d'un bien existant avant le 21/06/2022.","nbLogements":1,"hauteurM":3.7,"isErp":false}},{"type":"Feature","geometry":{"coordinates":[[[1.219017,43.292108],[1.219101,43.292131],[1.219093,43.292145],[1.219009,43.292124],[1.219017,43.292108]]],"type":"Polygon"},"properties":{"id":"BATIMENT0000000343239654","zoneCode":"Ri","zoneLabel":"Rouge inondation","zoneColor":"#E2001A","concerne":true,"regime":"Constructions nouvelles : Interdites, sauf exceptions très limitées (accès de sécurité, abris légers <20 m² une fois, locaux techniques agricoles, serres tunnel...). Constructions existantes : Extension limitée à 20 % de l'emprise existante, une seule fois depuis le 06/02/2018, plancher au-dessus des PHEC.","etudeGeotechniqueG2":false,"diagnostic":"Non obligatoire pour l'habitat ; auto-diagnostic de vulnérabilité recommandé (à la charge du propriétaire).","zoneRefuge":"Conditionnelle : si le plancher ne peut pas être calé au-dessus des PHEC (impossibilité fonctionnelle dûment justifiée), un niveau refuge adapté est exigé (20 m² minimum pour une habitation, hauteur 1,80 m minimum, un refuge par logement/local, pas de refuge \"collectif\").","refugeCategorie":"Conditionnelle (impossibilité fonctionnelle à justifier)","zonesIntersectees":"Ri","etagePresent":"Oui","etageSource":"estimé par la hauteur du bâti (9.4 m), fiabilité modérée","typologie":"Typologie indéterminée (donnée absente ou non exploitable)","eligibiliteFprnm":"Non déterminé - typologie non qualifiée en l'état, à vérifier sur site.","hauteurM":9.4,"isErp":false}},{"type":"Feature","geometry":{"coordinates":[[[1.22165,43.292819],[1.2217,43.292856],[1.22174,43.292829],[1.221692,43.29279],[1.22165,43.292819]]],"type":"Polygon"},"properties":{"id":"BATIMENT0000000343239655","zoneCode":"Ri","zoneLabel":"Rouge inondation","zoneColor":"#E2001A","concerne":true,"regime":"Constructions nouvelles : Interdites, sauf exceptions très limitées (accès de sécurité, abris légers <20 m² une fois, locaux techniques agricoles, serres tunnel...). Constructions existantes : Extension limitée à 20 % de l'emprise existante, une seule fois depuis le 06/02/2018, plancher au-dessus des PHEC.","etudeGeotechniqueG2":false,"diagnostic":"Non obligatoire pour l'habitat ; auto-diagnostic de vulnérabilité recommandé (à la charge du propriétaire).","zoneRefuge":"Conditionnelle : si le plancher ne peut pas être calé au-dessus des PHEC (impossibilité fonctionnelle dûment justifiée), un niveau refuge adapté est exigé (20 m² minimum pour une habitation, hauteur 1,80 m minimum, un refuge par logement/local, pas de refuge \"collectif\").","refugeCategorie":"Conditionnelle (impossibilité fonctionnelle à justifier)","zonesIntersectees":"Ri","etagePresent":"Non","etageSource":"connu (BDNB Fichiers Fonciers nb_niveau=1)","typologie":"Annexe (non habitée)","typologieSource":"BDNB (Fichiers Fonciers)","eligibiliteFprnm":"Non déterminé - typologie non qualifiée en l'état, à vérifier sur site.","hauteurM":2.8,"isErp":false}},{"type":"Feature","geometry":{"coordinates":[[[1.220114,43.292019],[1.220105,43.292053],[1.220132,43.292058],[1.220143,43.292023],[1.220114,43.292019]]],"type":"Polygon"},"properties":{"id":"BATIMENT0000000343239656","zoneCode":"Ri","zoneLabel":"Rouge inondation","zoneColor":"#E2001A","concerne":true,"regime":"Constructions nouvelles : Interdites, sauf exceptions très limitées (accès de sécurité, abris légers <20 m² une fois, locaux techniques agricoles, serres tunnel...). Constructions existantes : Extension limitée à 20 % de l'emprise existante, une seule fois depuis le 06/02/2018, plancher au-dessus des PHEC.","etudeGeotechniqueG2":false,"diagnostic":"Non obligatoire pour l'habitat ; auto-diagnostic de vulnérabilité recommandé (à la charge du propriétaire).","zoneRefuge":"Conditionnelle : si le plancher ne peut pas être calé au-dessus des PHEC (impossibilité fonctionnelle dûment justifiée), un niveau refuge adapté est exigé (20 m² minimum pour une habitation, hauteur 1,80 m minimum, un refuge par logement/local, pas de refuge \"collectif\").","refugeCategorie":"Conditionnelle (impossibilité fonctionnelle à justifier)","zonesIntersectees":"Ri","etagePresent":"Non","etageSource":"estimé par la hauteur du bâti (3.6 m), fiabilité modérée","typologie":"Typologie indéterminée (donnée absente ou non exploitable)","eligibiliteFprnm":"Non déterminé - typologie non qualifiée en l'état, à vérifier sur site.","hauteurM":3.6,"isErp":false}},{"type":"Feature","geometry":{"coordinates":[[[1.220117,43.292007],[1.220124,43.291984],[1.220097,43.29198],[1.22009,43.292003],[1.220117,43.292007]]],"type":"Polygon"},"properties":{"id":"BATIMENT0000000343239657","zoneCode":"Ri","zoneLabel":"Rouge inondation","zoneColor":"#E2001A","concerne":true,"regime":"Constructions nouvelles : Interdites, sauf exceptions très limitées (accès de sécurité, abris légers <20 m² une fois, locaux techniques agricoles, serres tunnel...). Constructions existantes : Extension limitée à 20 % de l'emprise existante, une seule fois depuis le 06/02/2018, plancher au-dessus des PHEC.","etudeGeotechniqueG2":false,"diagnostic":"Non obligatoire pour l'habitat ; auto-diagnostic de vulnérabilité recommandé (à la charge du propriétaire).","zoneRefuge":"Conditionnelle : si le plancher ne peut pas être calé au-dessus des PHEC (impossibilité fonctionnelle dûment justifiée), un niveau refuge adapté est exigé (20 m² minimum pour une habitation, hauteur 1,80 m minimum, un refuge par logement/local, pas de refuge \"collectif\").","refugeCategorie":"Conditionnelle (impossibilité fonctionnelle à justifier)","zonesIntersectees":"Ri","etagePresent":"Non","etageSource":"estimé par la hauteur du bâti (2.6 m), fiabilité modérée","typologie":"Typologie indéterminée (donnée absente ou non exploitable)","eligibiliteFprnm":"Non déterminé - typologie non qualifiée en l'état, à vérifier sur site.","hauteurM":2.6,"isErp":false}},{"type":"Feature","geometry":{"coordinates":[[[1.22009,43.292003],[1.220055,43.292118],[1.22011,43.292126],[1.220132,43.292058],[1.220105,43.292053],[1.220117,43.292007],[1.22009,43.292003]]],"type":"Polygon"},"properties":{"id":"BATIMENT0000000343239658","zoneCode":"Ri","zoneLabel":"Rouge inondation","zoneColor":"#E2001A","concerne":true,"regime":"Constructions nouvelles : Interdites, sauf exceptions très limitées (accès de sécurité, abris légers <20 m² une fois, locaux techniques agricoles, serres tunnel...). Constructions existantes : Extension limitée à 20 % de l'emprise existante, une seule fois depuis le 06/02/2018, plancher au-dessus des PHEC.","etudeGeotechniqueG2":false,"diagnostic":"Non obligatoire pour l'habitat ; auto-diagnostic de vulnérabilité recommandé (à la charge du propriétaire).","zoneRefuge":"Conditionnelle : si le plancher ne peut pas être calé au-dessus des PHEC (impossibilité fonctionnelle dûment justifiée), un niveau refuge adapté est exigé (20 m² minimum pour une habitation, hauteur 1,80 m minimum, un refuge par logement/local, pas de refuge \"collectif\").","refugeCategorie":"Conditionnelle (impossibilité fonctionnelle à justifier)","zonesIntersectees":"Ri","etagePresent":"Non","etageSource":"connu (BD TOPO nombre_d_etages)","typologie":"Annexe (non habitée)","eligibiliteFprnm":"Non déterminé - typologie non qualifiée en l'état, à vérifier sur site.","nbLogements":0,"hauteurM":2.4,"isErp":false}},{"type":"Feature","geometry":{"coordinates":[[[1.219027,43.291784],[1.219102,43.291804],[1.219085,43.291841],[1.219009,43.291822],[1.219027,43.291784]]],"type":"Polygon"},"properties":{"id":"BATIMENT0000000343239659","zoneCode":"Ri","zoneLabel":"Rouge inondation","zoneColor":"#E2001A","concerne":true,"regime":"Constructions nouvelles : Interdites, sauf exceptions très limitées (accès de sécurité, abris légers <20 m² une fois, locaux techniques agricoles, serres tunnel...). Constructions existantes : Extension limitée à 20 % de l'emprise existante, une seule fois depuis le 06/02/2018, plancher au-dessus des PHEC.","etudeGeotechniqueG2":false,"diagnostic":"Non obligatoire pour l'habitat ; auto-diagnostic de vulnérabilité recommandé (à la charge du propriétaire).","zoneRefuge":"Conditionnelle : si le plancher ne peut pas être calé au-dessus des PHEC (impossibilité fonctionnelle dûment justifiée), un niveau refuge adapté est exigé (20 m² minimum pour une habitation, hauteur 1,80 m minimum, un refuge par logement/local, pas de refuge \"collectif\").","refugeCategorie":"Conditionnelle (impossibilité fonctionnelle à justifier)","zonesIntersectees":"Ri","etagePresent":"Inconnu","etageSource":"aucune donnée disponible","typologie":"Typologie indéterminée (donnée absente ou non exploitable)","eligibiliteFprnm":"Non déterminé - typologie non qualifiée en l'état, à vérifier sur site.","isErp":false}},{"type":"Feature","geometry":{"coordinates":[[[1.221066,43.291131],[1.221056,43.291154],[1.221103,43.291163],[1.221111,43.291141],[1.221066,43.291131]]],"type":"Polygon"},"properties":{"id":"BATIMENT0000000343239661","zoneCode":"Ri","zoneLabel":"Rouge inondation","zoneColor":"#E2001A","concerne":true,"regime":"Constructions nouvelles : Interdites, sauf exceptions très limitées (accès de sécurité, abris légers <20 m² une fois, locaux techniques agricoles, serres tunnel...). Constructions existantes : Extension limitée à 20 % de l'emprise existante, une seule fois depuis le 06/02/2018, plancher au-dessus des PHEC.","etudeGeotechniqueG2":false,"diagnostic":"Non obligatoire pour l'habitat ; auto-diagnostic de vulnérabilité recommandé (à la charge du propriétaire).","zoneRefuge":"Conditionnelle : si le plancher ne peut pas être calé au-dessus des PHEC (impossibilité fonctionnelle dûment justifiée), un niveau refuge adapté est exigé (20 m² minimum pour une habitation, hauteur 1,80 m minimum, un refuge par logement/local, pas de refuge \"collectif\").","refugeCategorie":"Conditionnelle (impossibilité fonctionnelle à justifier)","zonesIntersectees":"Ri","etagePresent":"Oui","etageSource":"estimé par la hauteur du bâti (7.9 m), fiabilité modérée","typologie":"Typologie indéterminée (donnée absente ou non exploitable)","eligibiliteFprnm":"Non déterminé - typologie non qualifiée en l'état, à vérifier sur site.","hauteurM":7.9,"isErp":false}},{"type":"Feature","geometry":{"coordinates":[[[1.221911,43.292593],[1.221893,43.292629],[1.221936,43.292639],[1.221955,43.292605],[1.221911,43.292593]]],"type":"Polygon"},"properties":{"id":"BATIMENT0000000343239663","zoneCode":"Ri","zoneLabel":"Rouge inondation","zoneColor":"#E2001A","concerne":true,"regime":"Constructions nouvelles : Interdites, sauf exceptions très limitées (accès de sécurité, abris légers <20 m² une fois, locaux techniques agricoles, serres tunnel...). Constructions existantes : Extension limitée à 20 % de l'emprise existante, une seule fois depuis le 06/02/2018, plancher au-dessus des PHEC.","etudeGeotechniqueG2":false,"diagnostic":"Non obligatoire pour l'habitat ; auto-diagnostic de vulnérabilité recommandé (à la charge du propriétaire).","zoneRefuge":"Conditionnelle : si le plancher ne peut pas être calé au-dessus des PHEC (impossibilité fonctionnelle dûment justifiée), un niveau refuge adapté est exigé (20 m² minimum pour une habitation, hauteur 1,80 m minimum, un refuge par logement/local, pas de refuge \"collectif\").","refugeCategorie":"Conditionnelle (impossibilité fonctionnelle à justifier)","zonesIntersectees":"Ri","etagePresent":"Non","etageSource":"connu (BDNB Fichiers Fonciers nb_niveau=1)","typologie":"Annexe (non habitée)","eligibiliteFprnm":"Non déterminé - typologie non qualifiée en l'état, à vérifier sur site.","nbLogements":0,"hauteurM":3.5,"isErp":false}},{"type":"Feature","geometry":{"coordinates":[[[1.222682,43.292827],[1.222698,43.292799],[1.222666,43.292789],[1.222649,43.292818],[1.222682,43.292827]]],"type":"Polygon"},"properties":{"id":"BATIMENT0000000343239665","zoneCode":"Ri","zoneLabel":"Rouge inondation","zoneColor":"#E2001A","concerne":true,"regime":"Constructions nouvelles : Interdites, sauf exceptions très limitées (accès de sécurité, abris légers <20 m² une fois, locaux techniques agricoles, serres tunnel...). Constructions existantes : Extension limitée à 20 % de l'emprise existante, une seule fois depuis le 06/02/2018, plancher au-dessus des PHEC.","etudeGeotechniqueG2":false,"diagnostic":"Non obligatoire pour l'habitat ; auto-diagnostic de vulnérabilité recommandé (à la charge du propriétaire).","zoneRefuge":"Conditionnelle : si le plancher ne peut pas être calé au-dessus des PHEC (impossibilité fonctionnelle dûment justifiée), un niveau refuge adapté est exigé (20 m² minimum pour une habitation, hauteur 1,80 m minimum, un refuge par logement/local, pas de refuge \"collectif\").","refugeCategorie":"Conditionnelle (impossibilité fonctionnelle à justifier)","zonesIntersectees":"Ri","etagePresent":"Non","etageSource":"estimé par la hauteur du bâti (2.5 m), fiabilité modérée","typologie":"Typologie indéterminée (donnée absente ou non exploitable)","eligibiliteFprnm":"Non déterminé - typologie non qualifiée en l'état, à vérifier sur site.","hauteurM":2.5,"isErp":false}},{"type":"Feature","geometry":{"coordinates":[[[1.222649,43.292818],[1.222661,43.292799],[1.222642,43.292794],[1.22263,43.292814],[1.222649,43.292818]]],"type":"Polygon"},"properties":{"id":"BATIMENT0000000343239666","zoneCode":"Ri","zoneLabel":"Rouge inondation","zoneColor":"#E2001A","concerne":true,"regime":"Constructions nouvelles : Interdites, sauf exceptions très limitées (accès de sécurité, abris légers <20 m² une fois, locaux techniques agricoles, serres tunnel...). Constructions existantes : Extension limitée à 20 % de l'emprise existante, une seule fois depuis le 06/02/2018, plancher au-dessus des PHEC.","etudeGeotechniqueG2":false,"diagnostic":"Non obligatoire pour l'habitat ; auto-diagnostic de vulnérabilité recommandé (à la charge du propriétaire).","zoneRefuge":"Conditionnelle : si le plancher ne peut pas être calé au-dessus des PHEC (impossibilité fonctionnelle dûment justifiée), un niveau refuge adapté est exigé (20 m² minimum pour une habitation, hauteur 1,80 m minimum, un refuge par logement/local, pas de refuge \"collectif\").","refugeCategorie":"Conditionnelle (impossibilité fonctionnelle à justifier)","zonesIntersectees":"Ri","etagePresent":"Non","etageSource":"estimé par la hauteur du bâti (3.6 m), fiabilité modérée","typologie":"Typologie indéterminée (donnée absente ou non exploitable)","eligibiliteFprnm":"Non déterminé - typologie non qualifiée en l'état, à vérifier sur site.","hauteurM":3.6,"isErp":false}},{"type":"Feature","geometry":{"coordinates":[[[1.222326,43.292733],[1.222335,43.292716],[1.22231,43.292709],[1.222301,43.292727],[1.222326,43.292733]]],"type":"Polygon"},"properties":{"id":"BATIMENT0000000343239667","zoneCode":"Ri","zoneLabel":"Rouge inondation","zoneColor":"#E2001A","concerne":true,"regime":"Constructions nouvelles : Interdites, sauf exceptions très limitées (accès de sécurité, abris légers <20 m² une fois, locaux techniques agricoles, serres tunnel...). Constructions existantes : Extension limitée à 20 % de l'emprise existante, une seule fois depuis le 06/02/2018, plancher au-dessus des PHEC.","etudeGeotechniqueG2":false,"diagnostic":"Non obligatoire pour l'habitat ; auto-diagnostic de vulnérabilité recommandé (à la charge du propriétaire).","zoneRefuge":"Conditionnelle : si le plancher ne peut pas être calé au-dessus des PHEC (impossibilité fonctionnelle dûment justifiée), un niveau refuge adapté est exigé (20 m² minimum pour une habitation, hauteur 1,80 m minimum, un refuge par logement/local, pas de refuge \"collectif\").","refugeCategorie":"Conditionnelle (impossibilité fonctionnelle à justifier)","zonesIntersectees":"Ri","etagePresent":"Oui","etageSource":"estimé par la hauteur du bâti (13.8 m), fiabilité modérée","typologie":"Typologie indéterminée (donnée absente ou non exploitable)","eligibiliteFprnm":"Non déterminé - typologie non qualifiée en l'état, à vérifier sur site.","hauteurM":13.8,"isErp":false}},{"type":"Feature","geometry":{"coordinates":[[[1.222594,43.292472],[1.222609,43.292478],[1.222617,43.292463],[1.222603,43.292458],[1.222594,43.292472]]],"type":"Polygon"},"properties":{"id":"BATIMENT0000000343239668","zoneCode":"Ri","zoneLabel":"Rouge inondation","zoneColor":"#E2001A","concerne":true,"regime":"Constructions nouvelles : Interdites, sauf exceptions très limitées (accès de sécurité, abris légers <20 m² une fois, locaux techniques agricoles, serres tunnel...). Constructions existantes : Extension limitée à 20 % de l'emprise existante, une seule fois depuis le 06/02/2018, plancher au-dessus des PHEC.","etudeGeotechniqueG2":false,"diagnostic":"Non obligatoire pour l'habitat ; auto-diagnostic de vulnérabilité recommandé (à la charge du propriétaire).","zoneRefuge":"Conditionnelle : si le plancher ne peut pas être calé au-dessus des PHEC (impossibilité fonctionnelle dûment justifiée), un niveau refuge adapté est exigé (20 m² minimum pour une habitation, hauteur 1,80 m minimum, un refuge par logement/local, pas de refuge \"collectif\").","refugeCategorie":"Conditionnelle (impossibilité fonctionnelle à justifier)","zonesIntersectees":"Ri","etagePresent":"Non","etageSource":"estimé par la hauteur du bâti (4.3 m), fiabilité modérée","typologie":"Typologie indéterminée (donnée absente ou non exploitable)","eligibiliteFprnm":"Non déterminé - typologie non qualifiée en l'état, à vérifier sur site.","hauteurM":4.3,"isErp":false}},{"type":"Feature","geometry":{"coordinates":[[[1.221786,43.292892],[1.22185,43.292848],[1.221813,43.292821],[1.22175,43.292864],[1.221786,43.292892]]],"type":"Polygon"},"properties":{"id":"BATIMENT0000000343239669","zoneCode":"Ri","zoneLabel":"Rouge inondation","zoneColor":"#E2001A","concerne":true,"regime":"Constructions nouvelles : Interdites, sauf exceptions très limitées (accès de sécurité, abris légers <20 m² une fois, locaux techniques agricoles, serres tunnel...). Constructions existantes : Extension limitée à 20 % de l'emprise existante, une seule fois depuis le 06/02/2018, plancher au-dessus des PHEC.","etudeGeotechniqueG2":false,"diagnostic":"Non obligatoire pour l'habitat ; auto-diagnostic de vulnérabilité recommandé (à la charge du propriétaire).","zoneRefuge":"Conditionnelle : si le plancher ne peut pas être calé au-dessus des PHEC (impossibilité fonctionnelle dûment justifiée), un niveau refuge adapté est exigé (20 m² minimum pour une habitation, hauteur 1,80 m minimum, un refuge par logement/local, pas de refuge \"collectif\").","refugeCategorie":"Conditionnelle (impossibilité fonctionnelle à justifier)","zonesIntersectees":"Ri","etagePresent":"Non","etageSource":"connu (BDNB Fichiers Fonciers nb_niveau=1)","typologie":"Annexe (non habitée)","typologieSource":"BDNB (Fichiers Fonciers)","eligibiliteFprnm":"Non déterminé - typologie non qualifiée en l'état, à vérifier sur site.","hauteurM":2.3,"isErp":false}},{"type":"Feature","geometry":{"coordinates":[[[1.226122,43.29322],[1.225971,43.293191],[1.226014,43.293081],[1.226161,43.293109],[1.226122,43.29322]]],"type":"Polygon"},"properties":{"id":"BATIMENT0000000343239671","zoneCode":"GHg","zoneLabel":"Grise hachurée (aggravation glissement)","zoneColor":"#6E6E6E","concerne":true,"regime":"Constructions nouvelles : Autorisées, sous prescriptions de gestion des eaux (pas de nouveaux rejets infiltrés, réseaux étanches). Constructions existantes : Prescriptions identiques : maîtrise des rejets, étanchéité en cas de mise en charge des réseaux.","etudeGeotechniqueG2":false,"diagnostic":"Non concerné (hors zone inondable).","zoneRefuge":"Non applicable (zone hors risque inondation).","refugeCategorie":"Non applicable","zonesIntersectees":"GHg","etagePresent":"Oui","etageSource":"connu (BDNB Fichiers Fonciers nb_niveau=2)","typologie":"Logement collectif (2 logements)","eligibiliteFprnm":"Éligible - habitation : Fonds Barnier (FPRNM) à 80 % des travaux de prévention prescrits par le PPRN, plafond légal national, sous réserve d'un bien existant avant le 21/06/2022.","nbLogements":2,"hauteurM":11.0,"isErp":false}},{"type":"Feature","geometry":{"coordinates":[[[1.226179,43.293062],[1.226161,43.293109],[1.226014,43.293081],[1.226033,43.293034],[1.226179,43.293062]]],"type":"Polygon"},"properties":{"id":"BATIMENT0000000343239672","zoneCode":"GHg","zoneLabel":"Grise hachurée (aggravation glissement)","zoneColor":"#6E6E6E","concerne":true,"regime":"Constructions nouvelles : Autorisées, sous prescriptions de gestion des eaux (pas de nouveaux rejets infiltrés, réseaux étanches). Constructions existantes : Prescriptions identiques : maîtrise des rejets, étanchéité en cas de mise en charge des réseaux.","etudeGeotechniqueG2":false,"diagnostic":"Non concerné (hors zone inondable).","zoneRefuge":"Non applicable (zone hors risque inondation).","refugeCategorie":"Non applicable","zonesIntersectees":"GHg","etagePresent":"Oui","etageSource":"étage retenu par prudence (1 niveau(x) déclaré(s), incohérent avec la hauteur mesurée 10.7 m > seuil 5.30 m)","typologie":"Maison individuelle","eligibiliteFprnm":"Éligible - habitation : Fonds Barnier (FPRNM) à 80 % des travaux de prévention prescrits par le PPRN, plafond légal national, sous réserve d'un bien existant avant le 21/06/2022.","nbLogements":1,"hauteurM":10.7,"isErp":false}},{"type":"Feature","geometry":{"coordinates":[[[1.226179,43.293062],[1.226014,43.29303],[1.226052,43.292902],[1.22611,43.292911],[1.226105,43.292936],[1.226218,43.292954],[1.226199,43.292996],[1.226179,43.293062]]],"type":"Polygon"},"properties":{"id":"BATIMENT0000000343239673","zoneCode":"GHg","zoneLabel":"Grise hachurée (aggravation glissement)","zoneColor":"#6E6E6E","concerne":true,"regime":"Constructions nouvelles : Autorisées, sous prescriptions de gestion des eaux (pas de nouveaux rejets infiltrés, réseaux étanches). Constructions existantes : Prescriptions identiques : maîtrise des rejets, étanchéité en cas de mise en charge des réseaux.","etudeGeotechniqueG2":false,"diagnostic":"Non concerné (hors zone inondable).","zoneRefuge":"Non applicable (zone hors risque inondation).","refugeCategorie":"Non applicable","zonesIntersectees":"GHg","etagePresent":"Oui","etageSource":"étage retenu par prudence (1 niveau(x) déclaré(s), incohérent avec la hauteur mesurée 10.9 m > seuil 5.30 m)","typologie":"Maison individuelle","eligibiliteFprnm":"Éligible - habitation : Fonds Barnier (FPRNM) à 80 % des travaux de prévention prescrits par le PPRN, plafond légal national, sous réserve d'un bien existant avant le 21/06/2022.","nbLogements":1,"hauteurM":10.9,"isErp":false}},{"type":"Feature","geometry":{"coordinates":[[[1.22623,43.292924],[1.226158,43.292913],[1.226157,43.292921],[1.226143,43.292919],[1.226137,43.292941],[1.226218,43.292954],[1.22623,43.292924]]],"type":"Polygon"},"properties":{"id":"BATIMENT0000000343239674","zoneCode":"GHg","zoneLabel":"Grise hachurée (aggravation glissement)","zoneColor":"#6E6E6E","concerne":true,"regime":"Constructions nouvelles : Autorisées, sous prescriptions de gestion des eaux (pas de nouveaux rejets infiltrés, réseaux étanches). Constructions existantes : Prescriptions identiques : maîtrise des rejets, étanchéité en cas de mise en charge des réseaux.","etudeGeotechniqueG2":false,"diagnostic":"Non concerné (hors zone inondable).","zoneRefuge":"Non applicable (zone hors risque inondation).","refugeCategorie":"Non applicable","zonesIntersectees":"GHg","etagePresent":"Oui","etageSource":"étage retenu par prudence (1 niveau(x) déclaré(s), incohérent avec la hauteur mesurée 6.4 m > seuil 5.30 m)","typologie":"Annexe (non habitée)","eligibiliteFprnm":"Non déterminé - typologie non qualifiée en l'état, à vérifier sur site.","nbLogements":0,"hauteurM":6.4,"isErp":false}},{"type":"Feature","geometry":{"coordinates":[[[1.226066,43.29285],[1.226249,43.292878],[1.22623,43.292924],[1.226158,43.292913],[1.226157,43.292921],[1.226143,43.292919],[1.226137,43.292941],[1.226105,43.292936],[1.22611,43.292911],[1.226052,43.292902],[1.226066,43.29285]]],"type":"Polygon"},"properties":{"id":"BATIMENT0000000343239675","zoneCode":"GHg","zoneLabel":"Grise hachurée (aggravation glissement)","zoneColor":"#6E6E6E","concerne":true,"regime":"Constructions nouvelles : Autorisées, sous prescriptions de gestion des eaux (pas de nouveaux rejets infiltrés, réseaux étanches). Constructions existantes : Prescriptions identiques : maîtrise des rejets, étanchéité en cas de mise en charge des réseaux.","etudeGeotechniqueG2":false,"diagnostic":"Non concerné (hors zone inondable).","zoneRefuge":"Non applicable (zone hors risque inondation).","refugeCategorie":"Non applicable","zonesIntersectees":"GHg","etagePresent":"Oui","etageSource":"étage retenu par prudence (1 niveau(x) déclaré(s), incohérent avec la hauteur mesurée 11.5 m > seuil 5.30 m)","typologie":"Logement collectif (2 logements)","eligibiliteFprnm":"Éligible - habitation : Fonds Barnier (FPRNM) à 80 % des travaux de prévention prescrits par le PPRN, plafond légal national, sous réserve d'un bien existant avant le 21/06/2022.","nbLogements":2,"hauteurM":11.5,"isErp":false}},{"type":"Feature","geometry":{"coordinates":[[[1.226105,43.292856],[1.226119,43.292797],[1.226136,43.292799],[1.226137,43.292806],[1.226265,43.292818],[1.226249,43.292878],[1.226105,43.292856]]],"type":"Polygon"},"properties":{"id":"BATIMENT0000000343239676","zoneCode":"GHg","zoneLabel":"Grise hachurée (aggravation glissement)","zoneColor":"#6E6E6E","concerne":true,"regime":"Constructions nouvelles : Autorisées, sous prescriptions de gestion des eaux (pas de nouveaux rejets infiltrés, réseaux étanches). Constructions existantes : Prescriptions identiques : maîtrise des rejets, étanchéité en cas de mise en charge des réseaux.","etudeGeotechniqueG2":false,"diagnostic":"Non concerné (hors zone inondable).","zoneRefuge":"Non applicable (zone hors risque inondation).","refugeCategorie":"Non applicable","zonesIntersectees":"GHg","etagePresent":"Oui","etageSource":"connu (BDNB Fichiers Fonciers nb_niveau=2)","typologie":"Logement collectif (2 logements)","eligibiliteFprnm":"Éligible - habitation : Fonds Barnier (FPRNM) à 80 % des travaux de prévention prescrits par le PPRN, plafond légal national, sous réserve d'un bien existant avant le 21/06/2022.","nbLogements":2,"hauteurM":11.7,"isErp":false}},{"type":"Feature","geometry":{"coordinates":[[[1.226288,43.292696],[1.226265,43.292818],[1.226137,43.292806],[1.226136,43.292799],[1.226161,43.292684],[1.226288,43.292696]]],"type":"Polygon"},"properties":{"id":"BATIMENT0000000343239677","zoneCode":"GHg","zoneLabel":"Grise hachurée (aggravation glissement)","zoneColor":"#6E6E6E","concerne":true,"regime":"Constructions nouvelles : Autorisées, sous prescriptions de gestion des eaux (pas de nouveaux rejets infiltrés, réseaux étanches). Constructions existantes : Prescriptions identiques : maîtrise des rejets, étanchéité en cas de mise en charge des réseaux.","etudeGeotechniqueG2":false,"diagnostic":"Non concerné (hors zone inondable).","zoneRefuge":"Non applicable (zone hors risque inondation).","refugeCategorie":"Non applicable","zonesIntersectees":"GHg","etagePresent":"Oui","etageSource":"connu (BDNB Fichiers Fonciers nb_niveau=2)","typologie":"Maison individuelle","eligibiliteFprnm":"Éligible - habitation : Fonds Barnier (FPRNM) à 80 % des travaux de prévention prescrits par le PPRN, plafond légal national, sous réserve d'un bien existant avant le 21/06/2022.","nbLogements":1,"hauteurM":9.2,"isErp":false}},{"type":"Feature","geometry":{"coordinates":[[[1.226295,43.292359],[1.226295,43.292368],[1.226333,43.29237],[1.226333,43.292361],[1.226295,43.292359]]],"type":"Polygon"},"properties":{"id":"BATIMENT0000000343239711","zoneCode":"BFg","zoneLabel":"Bleue foncée mouvement de terrain","zoneColor":"#0033A0","concerne":true,"regime":"Constructions nouvelles : Interdites (seules les adaptations de l'existant sont possibles). Constructions existantes : Extension RDC <50 m² une fois depuis le 06/02/2018, changement de destination/aménagement sans augmenter la capacité d'accueil. Étude géotechnique G2 (norme NF P 94-500) obligatoire avant travaux, sauf exceptions ponctuelles prévues par le règlement.","etudeGeotechniqueG2":true,"diagnostic":"Non concerné (hors zone inondable).","zoneRefuge":"Non applicable (zone hors risque inondation).","refugeCategorie":"Non applicable","zonesIntersectees":"BFg;GHg","etagePresent":"Oui","etageSource":"estimé par la hauteur du bâti (8.2 m), fiabilité modérée","typologie":"Typologie indéterminée (donnée absente ou non exploitable)","eligibiliteFprnm":"Non déterminé - typologie non qualifiée en l'état, à vérifier sur site.","hauteurM":8.2,"isErp":false}},{"type":"Feature","geometry":{"coordinates":[[[1.226227,43.292312],[1.226337,43.292319],[1.226333,43.292361],[1.226224,43.292354],[1.226227,43.292312]]],"type":"Polygon"},"properties":{"id":"BATIMENT0000000343239712","zoneCode":"BFg","zoneLabel":"Bleue foncée mouvement de terrain","zoneColor":"#0033A0","concerne":true,"regime":"Constructions nouvelles : Interdites (seules les adaptations de l'existant sont possibles). Constructions existantes : Extension RDC <50 m² une fois depuis le 06/02/2018, changement de destination/aménagement sans augmenter la capacité d'accueil. Étude géotechnique G2 (norme NF P 94-500) obligatoire avant travaux, sauf exceptions ponctuelles prévues par le règlement.","etudeGeotechniqueG2":true,"diagnostic":"Non concerné (hors zone inondable).","zoneRefuge":"Non applicable (zone hors risque inondation).","refugeCategorie":"Non applicable","zonesIntersectees":"BFg;GHg","etagePresent":"Oui","etageSource":"connu (BDNB Fichiers Fonciers nb_niveau=2)","typologie":"Maison individuelle","eligibiliteFprnm":"Éligible - habitation : Fonds Barnier (FPRNM) à 80 % des travaux de prévention prescrits par le PPRN, plafond légal national, sous réserve d'un bien existant avant le 21/06/2022.","nbLogements":1,"hauteurM":10.0,"isErp":false}},{"type":"Feature","geometry":{"coordinates":[[[1.226333,43.29237],[1.226295,43.292368],[1.226292,43.292383],[1.226331,43.292386],[1.226333,43.29237]]],"type":"Polygon"},"properties":{"id":"BATIMENT0000000343239713","zoneCode":"BFg","zoneLabel":"Bleue foncée mouvement de terrain","zoneColor":"#0033A0","concerne":true,"regime":"Constructions nouvelles : Interdites (seules les adaptations de l'existant sont possibles). Constructions existantes : Extension RDC <50 m² une fois depuis le 06/02/2018, changement de destination/aménagement sans augmenter la capacité d'accueil. Étude géotechnique G2 (norme NF P 94-500) obligatoire avant travaux, sauf exceptions ponctuelles prévues par le règlement.","etudeGeotechniqueG2":true,"diagnostic":"Non concerné (hors zone inondable).","zoneRefuge":"Non applicable (zone hors risque inondation).","refugeCategorie":"Non applicable","zonesIntersectees":"BFg;GHg","etagePresent":"Oui","etageSource":"étage retenu par prudence (1 niveau(x) déclaré(s), incohérent avec la hauteur mesurée 8.1 m > seuil 5.30 m)","typologie":"Annexe (non habitée)","eligibiliteFprnm":"Non déterminé - typologie non qualifiée en l'état, à vérifier sur site.","nbLogements":0,"hauteurM":8.1,"isErp":false}},{"type":"Feature","geometry":{"coordinates":[[[1.226263,43.292381],[1.226331,43.292386],[1.226325,43.292466],[1.226254,43.292461],[1.226263,43.292381]]],"type":"Polygon"},"properties":{"id":"BATIMENT0000000343239714","zoneCode":"BFg","zoneLabel":"Bleue foncée mouvement de terrain","zoneColor":"#0033A0","concerne":true,"regime":"Constructions nouvelles : Interdites (seules les adaptations de l'existant sont possibles). Constructions existantes : Extension RDC <50 m² une fois depuis le 06/02/2018, changement de destination/aménagement sans augmenter la capacité d'accueil. Étude géotechnique G2 (norme NF P 94-500) obligatoire avant travaux, sauf exceptions ponctuelles prévues par le règlement.","etudeGeotechniqueG2":true,"diagnostic":"Non concerné (hors zone inondable).","zoneRefuge":"Non applicable (zone hors risque inondation).","refugeCategorie":"Non applicable","zonesIntersectees":"BFg;GHg","etagePresent":"Oui","etageSource":"connu (BDNB Fichiers Fonciers nb_niveau=2)","typologie":"Maison individuelle","eligibiliteFprnm":"Éligible - habitation : Fonds Barnier (FPRNM) à 80 % des travaux de prévention prescrits par le PPRN, plafond légal national, sous réserve d'un bien existant avant le 21/06/2022.","nbLogements":1,"hauteurM":9.1,"isErp":false}},{"type":"Feature","geometry":{"coordinates":[[[1.226341,43.292265],[1.226337,43.292319],[1.226227,43.292312],[1.226232,43.292259],[1.226341,43.292265]]],"type":"Polygon"},"properties":{"id":"BATIMENT0000000343239715","zoneCode":"GHg","zoneLabel":"Grise hachurée (aggravation glissement)","zoneColor":"#6E6E6E","concerne":true,"regime":"Constructions nouvelles : Autorisées, sous prescriptions de gestion des eaux (pas de nouveaux rejets infiltrés, réseaux étanches). Constructions existantes : Prescriptions identiques : maîtrise des rejets, étanchéité en cas de mise en charge des réseaux.","etudeGeotechniqueG2":false,"diagnostic":"Non concerné (hors zone inondable).","zoneRefuge":"Non applicable (zone hors risque inondation).","refugeCategorie":"Non applicable","zonesIntersectees":"GHg","etagePresent":"Oui","etageSource":"étage retenu par prudence (1 niveau(x) déclaré(s), incohérent avec la hauteur mesurée 10.1 m > seuil 5.30 m)","typologie":"Maison individuelle","eligibiliteFprnm":"Éligible - habitation : Fonds Barnier (FPRNM) à 80 % des travaux de prévention prescrits par le PPRN, plafond légal national, sous réserve d'un bien existant avant le 21/06/2022.","nbLogements":1,"hauteurM":10.1,"isErp":false}},{"type":"Feature","geometry":{"coordinates":[[[1.226312,43.29208],[1.226355,43.292082],[1.226341,43.292265],[1.226198,43.292257],[1.2262,43.292238],[1.226233,43.292238],[1.226247,43.292109],[1.226333,43.292111],[1.226335,43.292086],[1.226311,43.292086],[1.226312,43.29208]]],"type":"Polygon"},"properties":{"id":"BATIMENT0000000343239716","zoneCode":"GHg","zoneLabel":"Grise hachurée (aggravation glissement)","zoneColor":"#6E6E6E","concerne":true,"regime":"Constructions nouvelles : Autorisées, sous prescriptions de gestion des eaux (pas de nouveaux rejets infiltrés, réseaux étanches). Constructions existantes : Prescriptions identiques : maîtrise des rejets, étanchéité en cas de mise en charge des réseaux.","etudeGeotechniqueG2":false,"diagnostic":"Non concerné (hors zone inondable).","zoneRefuge":"Non applicable (zone hors risque inondation).","refugeCategorie":"Non applicable","zonesIntersectees":"GHg","etagePresent":"Oui","etageSource":"connu (BDNB Fichiers Fonciers nb_niveau=2)","typologie":"Maison individuelle","eligibiliteFprnm":"Éligible - habitation : Fonds Barnier (FPRNM) à 80 % des travaux de prévention prescrits par le PPRN, plafond légal national, sous réserve d'un bien existant avant le 21/06/2022.","nbLogements":1,"hauteurM":10.1,"isErp":false}},{"type":"Feature","geometry":{"coordinates":[[[1.226309,43.29211],[1.226333,43.292111],[1.226335,43.292086],[1.226311,43.292086],[1.226309,43.29211]]],"type":"Polygon"},"properties":{"id":"BATIMENT0000000343239717","zoneCode":"GHg","zoneLabel":"Grise hachurée (aggravation glissement)","zoneColor":"#6E6E6E","concerne":true,"regime":"Constructions nouvelles : Autorisées, sous prescriptions de gestion des eaux (pas de nouveaux rejets infiltrés, réseaux étanches). Constructions existantes : Prescriptions identiques : maîtrise des rejets, étanchéité en cas de mise en charge des réseaux.","etudeGeotechniqueG2":false,"diagnostic":"Non concerné (hors zone inondable).","zoneRefuge":"Non applicable (zone hors risque inondation).","refugeCategorie":"Non applicable","zonesIntersectees":"GHg","etagePresent":"Oui","etageSource":"estimé par la hauteur du bâti (6.0 m), fiabilité modérée","typologie":"Typologie indéterminée (donnée absente ou non exploitable)","eligibiliteFprnm":"Non déterminé - typologie non qualifiée en l'état, à vérifier sur site.","hauteurM":6.0,"isErp":false}},{"type":"Feature","geometry":{"coordinates":[[[1.226314,43.292064],[1.226312,43.29208],[1.226355,43.292082],[1.226356,43.292067],[1.226314,43.292064]]],"type":"Polygon"},"properties":{"id":"BATIMENT0000000343239718","zoneCode":"GHg","zoneLabel":"Grise hachurée (aggravation glissement)","zoneColor":"#6E6E6E","concerne":true,"regime":"Constructions nouvelles : Autorisées, sous prescriptions de gestion des eaux (pas de nouveaux rejets infiltrés, réseaux étanches). Constructions existantes : Prescriptions identiques : maîtrise des rejets, étanchéité en cas de mise en charge des réseaux.","etudeGeotechniqueG2":false,"diagnostic":"Non concerné (hors zone inondable).","zoneRefuge":"Non applicable (zone hors risque inondation).","refugeCategorie":"Non applicable","zonesIntersectees":"GHg","etagePresent":"Oui","etageSource":"estimé par la hauteur du bâti (5.6 m), fiabilité modérée","typologie":"Typologie indéterminée (donnée absente ou non exploitable)","eligibiliteFprnm":"Non déterminé - typologie non qualifiée en l'état, à vérifier sur site.","hauteurM":5.6,"isErp":false}},{"type":"Feature","geometry":{"coordinates":[[[1.226361,43.292002],[1.226356,43.292067],[1.226288,43.292063],[1.226295,43.291997],[1.226361,43.292002]]],"type":"Polygon"},"properties":{"id":"BATIMENT0000000343239719","zoneCode":"GHg","zoneLabel":"Grise hachurée (aggravation glissement)","zoneColor":"#6E6E6E","concerne":true,"regime":"Constructions nouvelles : Autorisées, sous prescriptions de gestion des eaux (pas de nouveaux rejets infiltrés, réseaux étanches). Constructions existantes : Prescriptions identiques : maîtrise des rejets, étanchéité en cas de mise en charge des réseaux.","etudeGeotechniqueG2":false,"diagnostic":"Non concerné (hors zone inondable).","zoneRefuge":"Non applicable (zone hors risque inondation).","refugeCategorie":"Non applicable","zonesIntersectees":"GHg","etagePresent":"Oui","etageSource":"étage retenu par prudence (1 niveau(x) déclaré(s), incohérent avec la hauteur mesurée 8.0 m > seuil 5.30 m)","typologie":"Annexe (non habitée)","eligibiliteFprnm":"Non déterminé - typologie non qualifiée en l'état, à vérifier sur site.","nbLogements":0,"hauteurM":8.0,"isErp":false}},{"type":"Feature","geometry":{"coordinates":[[[1.22629,43.291954],[1.226365,43.291957],[1.226361,43.292002],[1.226284,43.291996],[1.22629,43.291954]]],"type":"Polygon"},"properties":{"id":"BATIMENT0000000343239720","zoneCode":"BFg","zoneLabel":"Bleue foncée mouvement de terrain","zoneColor":"#0033A0","concerne":true,"regime":"Constructions nouvelles : Interdites (seules les adaptations de l'existant sont possibles). Constructions existantes : Extension RDC <50 m² une fois depuis le 06/02/2018, changement de destination/aménagement sans augmenter la capacité d'accueil. Étude géotechnique G2 (norme NF P 94-500) obligatoire avant travaux, sauf exceptions ponctuelles prévues par le règlement.","etudeGeotechniqueG2":true,"diagnostic":"Non concerné (hors zone inondable).","zoneRefuge":"Non applicable (zone hors risque inondation).","refugeCategorie":"Non applicable","zonesIntersectees":"BFg;Bg;GHg","etagePresent":"Oui","etageSource":"étage retenu par prudence (1 niveau(x) déclaré(s), incohérent avec la hauteur mesurée 7.8 m > seuil 5.30 m)","typologie":"Maison individuelle","eligibiliteFprnm":"Éligible - habitation : Fonds Barnier (FPRNM) à 80 % des travaux de prévention prescrits par le PPRN, plafond légal national, sous réserve d'un bien existant avant le 21/06/2022.","nbLogements":1,"hauteurM":7.8,"isErp":false}},{"type":"Feature","geometry":{"coordinates":[[[1.226171,43.292455],[1.226181,43.292375],[1.226149,43.292373],[1.22614,43.292428],[1.226131,43.29243],[1.226128,43.292453],[1.226171,43.292455]]],"type":"Polygon"},"properties":{"id":"BATIMENT0000000343239721","zoneCode":"Bg","zoneLabel":"Bleue mouvement de terrain","zoneColor":"#7EC8E3","concerne":true,"regime":"Constructions nouvelles : Autorisées (aucune interdiction d'occupation du sol). Constructions existantes : Autorisées, sous réserve de l'étude géotechnique G2. Étude géotechnique G2 (norme NF P 94-500) obligatoire avant travaux, sauf exceptions ponctuelles prévues par le règlement.","etudeGeotechniqueG2":true,"diagnostic":"Non concerné (hors zone inondable).","zoneRefuge":"Non applicable (zone hors risque inondation).","refugeCategorie":"Non applicable","zonesIntersectees":"Bg","etagePresent":"Oui","etageSource":"connu (BDNB Fichiers Fonciers nb_niveau=2)","typologie":"Maison individuelle","typologieSource":"BDNB (Fichiers Fonciers)","eligibiliteFprnm":"Éligible - habitation : Fonds Barnier (FPRNM) à 80 % des travaux de prévention prescrits par le PPRN, plafond légal national, sous réserve d'un bien existant avant le 21/06/2022.","hauteurM":7.2,"isErp":false}},{"type":"Feature","geometry":{"coordinates":[[[1.226316,43.292526],[1.226324,43.29248],[1.226194,43.292471],[1.226185,43.292517],[1.226316,43.292526]]],"type":"Polygon"},"properties":{"id":"BATIMENT0000000343239722","zoneCode":"BFg","zoneLabel":"Bleue foncée mouvement de terrain","zoneColor":"#0033A0","concerne":true,"regime":"Constructions nouvelles : Interdites (seules les adaptations de l'existant sont possibles). Constructions existantes : Extension RDC <50 m² une fois depuis le 06/02/2018, changement de destination/aménagement sans augmenter la capacité d'accueil. Étude géotechnique G2 (norme NF P 94-500) obligatoire avant travaux, sauf exceptions ponctuelles prévues par le règlement.","etudeGeotechniqueG2":true,"diagnostic":"Non concerné (hors zone inondable).","zoneRefuge":"Non applicable (zone hors risque inondation).","refugeCategorie":"Non applicable","zonesIntersectees":"BFg;GHg","etagePresent":"Oui","etageSource":"connu (BDNB Fichiers Fonciers nb_niveau=2)","typologie":"Maison individuelle","eligibiliteFprnm":"Éligible - habitation : Fonds Barnier (FPRNM) à 80 % des travaux de prévention prescrits par le PPRN, plafond légal national, sous réserve d'un bien existant avant le 21/06/2022.","nbLogements":1,"hauteurM":7.5,"isErp":false}},{"type":"Feature","geometry":{"coordinates":[[[1.226182,43.292516],[1.226166,43.292598],[1.226301,43.292614],[1.226316,43.292526],[1.226182,43.292516]]],"type":"Polygon"},"properties":{"id":"BATIMENT0000000343239723","zoneCode":"BFg","zoneLabel":"Bleue foncée mouvement de terrain","zoneColor":"#0033A0","concerne":true,"regime":"Constructions nouvelles : Interdites (seules les adaptations de l'existant sont possibles). Constructions existantes : Extension RDC <50 m² une fois depuis le 06/02/2018, changement de destination/aménagement sans augmenter la capacité d'accueil. Étude géotechnique G2 (norme NF P 94-500) obligatoire avant travaux, sauf exceptions ponctuelles prévues par le règlement.","etudeGeotechniqueG2":true,"diagnostic":"Non concerné (hors zone inondable).","zoneRefuge":"Non applicable (zone hors risque inondation).","refugeCategorie":"Non applicable","zonesIntersectees":"BFg;GHg","etagePresent":"Oui","etageSource":"estimé par la hauteur du bâti (6.7 m), fiabilité modérée","typologie":"Typologie indéterminée (donnée absente ou non exploitable)","eligibiliteFprnm":"Non déterminé - typologie non qualifiée en l'état, à vérifier sur site.","hauteurM":6.7,"isErp":false}},{"type":"Feature","geometry":{"coordinates":[[[1.22323,43.292742],[1.223232,43.292777],[1.223155,43.29275],[1.223172,43.292725],[1.22323,43.292742]]],"type":"Polygon"},"properties":{"id":"BATIMENT0000000343239724","zoneCode":"Ri","zoneLabel":"Rouge inondation","zoneColor":"#E2001A","concerne":true,"regime":"Constructions nouvelles : Interdites, sauf exceptions très limitées (accès de sécurité, abris légers <20 m² une fois, locaux techniques agricoles, serres tunnel...). Constructions existantes : Extension limitée à 20 % de l'emprise existante, une seule fois depuis le 06/02/2018, plancher au-dessus des PHEC.","etudeGeotechniqueG2":false,"diagnostic":"Non obligatoire pour l'habitat ; auto-diagnostic de vulnérabilité recommandé (à la charge du propriétaire).","zoneRefuge":"Conditionnelle : si le plancher ne peut pas être calé au-dessus des PHEC (impossibilité fonctionnelle dûment justifiée), un niveau refuge adapté est exigé (20 m² minimum pour une habitation, hauteur 1,80 m minimum, un refuge par logement/local, pas de refuge \"collectif\").","refugeCategorie":"Conditionnelle (impossibilité fonctionnelle à justifier)","zonesIntersectees":"Ri","etagePresent":"Non","etageSource":"estimé par la hauteur du bâti (4.9 m), fiabilité modérée","typologie":"Typologie indéterminée (donnée absente ou non exploitable)","eligibiliteFprnm":"Non déterminé - typologie non qualifiée en l'état, à vérifier sur site.","hauteurM":4.9,"isErp":false}},{"type":"Feature","geometry":{"coordinates":[[[1.22323,43.292742],[1.223173,43.292726],[1.223187,43.292707],[1.223225,43.292719],[1.22323,43.292742]]],"type":"Polygon"},"properties":{"id":"BATIMENT0000000343239725","zoneCode":"Ri","zoneLabel":"Rouge inondation","zoneColor":"#E2001A","concerne":true,"regime":"Constructions nouvelles : Interdites, sauf exceptions très limitées (accès de sécurité, abris légers <20 m² une fois, locaux techniques agricoles, serres tunnel...). Constructions existantes : Extension limitée à 20 % de l'emprise existante, une seule fois depuis le 06/02/2018, plancher au-dessus des PHEC.","etudeGeotechniqueG2":false,"diagnostic":"Non obligatoire pour l'habitat ; auto-diagnostic de vulnérabilité recommandé (à la charge du propriétaire).","zoneRefuge":"Conditionnelle : si le plancher ne peut pas être calé au-dessus des PHEC (impossibilité fonctionnelle dûment justifiée), un niveau refuge adapté est exigé (20 m² minimum pour une habitation, hauteur 1,80 m minimum, un refuge par logement/local, pas de refuge \"collectif\").","refugeCategorie":"Conditionnelle (impossibilité fonctionnelle à justifier)","zonesIntersectees":"Ri","etagePresent":"Non","etageSource":"connu (BD TOPO nombre_d_etages)","typologie":"Annexe (non habitée)","eligibiliteFprnm":"Non déterminé - typologie non qualifiée en l'état, à vérifier sur site.","nbLogements":0,"hauteurM":3.4,"isErp":false}},{"type":"Feature","geometry":{"coordinates":[[[1.223155,43.29275],[1.223124,43.292796],[1.223085,43.292781],[1.223116,43.292737],[1.223155,43.29275]]],"type":"Polygon"},"properties":{"id":"BATIMENT0000000343239726","zoneCode":"Ri","zoneLabel":"Rouge inondation","zoneColor":"#E2001A","concerne":true,"regime":"Constructions nouvelles : Interdites, sauf exceptions très limitées (accès de sécurité, abris légers <20 m² une fois, locaux techniques agricoles, serres tunnel...). Constructions existantes : Extension limitée à 20 % de l'emprise existante, une seule fois depuis le 06/02/2018, plancher au-dessus des PHEC.","etudeGeotechniqueG2":false,"diagnostic":"Non obligatoire pour l'habitat ; auto-diagnostic de vulnérabilité recommandé (à la charge du propriétaire).","zoneRefuge":"Conditionnelle : si le plancher ne peut pas être calé au-dessus des PHEC (impossibilité fonctionnelle dûment justifiée), un niveau refuge adapté est exigé (20 m² minimum pour une habitation, hauteur 1,80 m minimum, un refuge par logement/local, pas de refuge \"collectif\").","refugeCategorie":"Conditionnelle (impossibilité fonctionnelle à justifier)","zonesIntersectees":"Ri","etagePresent":"Non","etageSource":"estimé par la hauteur du bâti (3.6 m), fiabilité modérée","typologie":"Typologie indéterminée (donnée absente ou non exploitable)","eligibiliteFprnm":"Non déterminé - typologie non qualifiée en l'état, à vérifier sur site.","hauteurM":3.6,"isErp":false}},{"type":"Feature","geometry":{"coordinates":[[[1.223124,43.292796],[1.223155,43.29275],[1.223232,43.292777],[1.223214,43.29282],[1.223124,43.292796]]],"type":"Polygon"},"properties":{"id":"BATIMENT0000000343239727","zoneCode":"Ri","zoneLabel":"Rouge inondation","zoneColor":"#E2001A","concerne":true,"regime":"Constructions nouvelles : Interdites, sauf exceptions très limitées (accès de sécurité, abris légers <20 m² une fois, locaux techniques agricoles, serres tunnel...). Constructions existantes : Extension limitée à 20 % de l'emprise existante, une seule fois depuis le 06/02/2018, plancher au-dessus des PHEC.","etudeGeotechniqueG2":false,"diagnostic":"Non obligatoire pour l'habitat ; auto-diagnostic de vulnérabilité recommandé (à la charge du propriétaire).","zoneRefuge":"Conditionnelle : si le plancher ne peut pas être calé au-dessus des PHEC (impossibilité fonctionnelle dûment justifiée), un niveau refuge adapté est exigé (20 m² minimum pour une habitation, hauteur 1,80 m minimum, un refuge par logement/local, pas de refuge \"collectif\").","refugeCategorie":"Conditionnelle (impossibilité fonctionnelle à justifier)","zonesIntersectees":"Ri","etagePresent":"Oui","etageSource":"estimé par la hauteur du bâti (5.5 m), fiabilité modérée","typologie":"Typologie indéterminée (donnée absente ou non exploitable)","eligibiliteFprnm":"Non déterminé - typologie non qualifiée en l'état, à vérifier sur site.","hauteurM":5.5,"isErp":false}},{"type":"Feature","geometry":{"coordinates":[[[1.223199,43.292847],[1.223108,43.292821],[1.223124,43.292796],[1.223211,43.29282],[1.223199,43.292847]]],"type":"Polygon"},"properties":{"id":"BATIMENT0000000343239728","zoneCode":"Ri","zoneLabel":"Rouge inondation","zoneColor":"#E2001A","concerne":true,"regime":"Constructions nouvelles : Interdites, sauf exceptions très limitées (accès de sécurité, abris légers <20 m² une fois, locaux techniques agricoles, serres tunnel...). Constructions existantes : Extension limitée à 20 % de l'emprise existante, une seule fois depuis le 06/02/2018, plancher au-dessus des PHEC.","etudeGeotechniqueG2":false,"diagnostic":"Non obligatoire pour l'habitat ; auto-diagnostic de vulnérabilité recommandé (à la charge du propriétaire).","zoneRefuge":"Conditionnelle : si le plancher ne peut pas être calé au-dessus des PHEC (impossibilité fonctionnelle dûment justifiée), un niveau refuge adapté est exigé (20 m² minimum pour une habitation, hauteur 1,80 m minimum, un refuge par logement/local, pas de refuge \"collectif\").","refugeCategorie":"Conditionnelle (impossibilité fonctionnelle à justifier)","zonesIntersectees":"Ri","etagePresent":"Oui","etageSource":"connu (BD TOPO nombre_d_etages)","typologie":"Logement collectif (2 logements)","eligibiliteFprnm":"Éligible - habitation : Fonds Barnier (FPRNM) à 80 % des travaux de prévention prescrits par le PPRN, plafond légal national, sous réserve d'un bien existant avant le 21/06/2022.","nbLogements":2,"hauteurM":5.2,"isErp":false}},{"type":"Feature","geometry":{"coordinates":[[[1.223074,43.292864],[1.223108,43.292821],[1.223243,43.29286],[1.223218,43.292906],[1.223074,43.292864]]],"type":"Polygon"},"properties":{"id":"BATIMENT0000000343239729","zoneCode":"Ri","zoneLabel":"Rouge inondation","zoneColor":"#E2001A","concerne":true,"regime":"Constructions nouvelles : Interdites, sauf exceptions très limitées (accès de sécurité, abris légers <20 m² une fois, locaux techniques agricoles, serres tunnel...). Constructions existantes : Extension limitée à 20 % de l'emprise existante, une seule fois depuis le 06/02/2018, plancher au-dessus des PHEC.","etudeGeotechniqueG2":false,"diagnostic":"Non obligatoire pour l'habitat ; auto-diagnostic de vulnérabilité recommandé (à la charge du propriétaire).","zoneRefuge":"Conditionnelle : si le plancher ne peut pas être calé au-dessus des PHEC (impossibilité fonctionnelle dûment justifiée), un niveau refuge adapté est exigé (20 m² minimum pour une habitation, hauteur 1,80 m minimum, un refuge par logement/local, pas de refuge \"collectif\").","refugeCategorie":"Conditionnelle (impossibilité fonctionnelle à justifier)","zonesIntersectees":"Ri","etagePresent":"Oui","etageSource":"estimé par la hauteur du bâti (5.8 m), fiabilité modérée","typologie":"Typologie indéterminée (donnée absente ou non exploitable)","eligibiliteFprnm":"Non déterminé - typologie non qualifiée en l'état, à vérifier sur site.","hauteurM":5.8,"isErp":false}},{"type":"Feature","geometry":{"coordinates":[[[1.223184,43.292969],[1.222919,43.292899],[1.222942,43.292867],[1.222929,43.292862],[1.222937,43.292853],[1.22295,43.292858],[1.222982,43.292817],[1.223081,43.292857],[1.223074,43.292864],[1.223218,43.292906],[1.223184,43.292969]]],"type":"Polygon"},"properties":{"id":"BATIMENT0000000343239730","zoneCode":"Ri","zoneLabel":"Rouge inondation","zoneColor":"#E2001A","concerne":true,"regime":"Constructions nouvelles : Interdites, sauf exceptions très limitées (accès de sécurité, abris légers <20 m² une fois, locaux techniques agricoles, serres tunnel...). Constructions existantes : Extension limitée à 20 % de l'emprise existante, une seule fois depuis le 06/02/2018, plancher au-dessus des PHEC.","etudeGeotechniqueG2":false,"diagnostic":"Non obligatoire pour l'habitat ; auto-diagnostic de vulnérabilité recommandé (à la charge du propriétaire).","zoneRefuge":"Conditionnelle : si le plancher ne peut pas être calé au-dessus des PHEC (impossibilité fonctionnelle dûment justifiée), un niveau refuge adapté est exigé (20 m² minimum pour une habitation, hauteur 1,80 m minimum, un refuge par logement/local, pas de refuge \"collectif\").","refugeCategorie":"Conditionnelle (impossibilité fonctionnelle à justifier)","zonesIntersectees":"Ri","etagePresent":"Oui","etageSource":"connu (BDNB Fichiers Fonciers nb_niveau=2)","typologie":"Maison individuelle","eligibiliteFprnm":"Éligible - habitation : Fonds Barnier (FPRNM) à 80 % des travaux de prévention prescrits par le PPRN, plafond légal national, sous réserve d'un bien existant avant le 21/06/2022.","nbLogements":1,"hauteurM":4.5,"isErp":false}},{"type":"Feature","geometry":{"coordinates":[[[1.226406,43.290921],[1.226448,43.290949],[1.226488,43.29092],[1.226448,43.290891],[1.226406,43.290921]]],"type":"Polygon"},"properties":{"id":"BATIMENT0000000343239731","zoneCode":"Rig","zoneLabel":"Rouge inondation + mouvement de terrain","zoneColor":"#B0001C","concerne":true,"regime":"Constructions nouvelles : Interdites, sauf exceptions très limitées (accès de sécurité, abris légers <20 m² une fois, locaux techniques agricoles, serres tunnel...). Cumul avec le régime Rg : étude géotechnique G2 exigée en plus pour les rares travaux autorisés. Constructions existantes : Extension limitée à 20 % de l'emprise existante, une seule fois depuis le 06/02/2018, plancher au-dessus des PHEC. Cumul avec les prescriptions Rg (étude géotechnique G2, pas de terrassement >0,5 m). Étude géotechnique G2 (norme NF P 94-500) obligatoire avant travaux, sauf exceptions ponctuelles prévues par le règlement.","etudeGeotechniqueG2":true,"diagnostic":"Non obligatoire pour l'habitat ; auto-diagnostic de vulnérabilité recommandé (à la charge du propriétaire).","zoneRefuge":"Conditionnelle : si le plancher ne peut pas être calé au-dessus des PHEC (impossibilité fonctionnelle dûment justifiée), un niveau refuge adapté est exigé (20 m² minimum pour une habitation, hauteur 1,80 m minimum, un refuge par logement/local, pas de refuge \"collectif\").","refugeCategorie":"Conditionnelle (impossibilité fonctionnelle à justifier)","zonesIntersectees":"Rig","etagePresent":"Oui","etageSource":"estimé par la hauteur du bâti (11.1 m), fiabilité modérée","typologie":"Typologie indéterminée (donnée absente ou non exploitable)","eligibiliteFprnm":"Non déterminé - typologie non qualifiée en l'état, à vérifier sur site.","hauteurM":11.1,"isErp":false}},{"type":"Feature","geometry":{"coordinates":[[[1.224223,43.29188],[1.224224,43.291856],[1.224266,43.291856],[1.224265,43.291879],[1.224223,43.29188]]],"type":"Polygon"},"properties":{"id":"BATIMENT0000000343239732","zoneCode":"Ri","zoneLabel":"Rouge inondation","zoneColor":"#E2001A","concerne":true,"regime":"Constructions nouvelles : Interdites, sauf exceptions très limitées (accès de sécurité, abris légers <20 m² une fois, locaux techniques agricoles, serres tunnel...). Constructions existantes : Extension limitée à 20 % de l'emprise existante, une seule fois depuis le 06/02/2018, plancher au-dessus des PHEC.","etudeGeotechniqueG2":false,"diagnostic":"Non obligatoire pour l'habitat ; auto-diagnostic de vulnérabilité recommandé (à la charge du propriétaire).","zoneRefuge":"Conditionnelle : si le plancher ne peut pas être calé au-dessus des PHEC (impossibilité fonctionnelle dûment justifiée), un niveau refuge adapté est exigé (20 m² minimum pour une habitation, hauteur 1,80 m minimum, un refuge par logement/local, pas de refuge \"collectif\").","refugeCategorie":"Conditionnelle (impossibilité fonctionnelle à justifier)","zonesIntersectees":"Ri","etagePresent":"Non","etageSource":"estimé par la hauteur du bâti (3.5 m), fiabilité modérée","typologie":"Typologie indéterminée (donnée absente ou non exploitable)","eligibiliteFprnm":"Non déterminé - typologie non qualifiée en l'état, à vérifier sur site.","hauteurM":3.5,"isErp":false}},{"type":"Feature","geometry":{"coordinates":[[[1.223979,43.293135],[1.224018,43.293144],[1.224032,43.293109],[1.223992,43.293101],[1.223979,43.293135]]],"type":"Polygon"},"properties":{"id":"BATIMENT0000000343239733","zoneCode":"Ri","zoneLabel":"Rouge inondation","zoneColor":"#E2001A","concerne":true,"regime":"Constructions nouvelles : Interdites, sauf exceptions très limitées (accès de sécurité, abris légers <20 m² une fois, locaux techniques agricoles, serres tunnel...). Constructions existantes : Extension limitée à 20 % de l'emprise existante, une seule fois depuis le 06/02/2018, plancher au-dessus des PHEC.","etudeGeotechniqueG2":false,"diagnostic":"Non obligatoire pour l'habitat ; auto-diagnostic de vulnérabilité recommandé (à la charge du propriétaire).","zoneRefuge":"Conditionnelle : si le plancher ne peut pas être calé au-dessus des PHEC (impossibilité fonctionnelle dûment justifiée), un niveau refuge adapté est exigé (20 m² minimum pour une habitation, hauteur 1,80 m minimum, un refuge par logement/local, pas de refuge \"collectif\").","refugeCategorie":"Conditionnelle (impossibilité fonctionnelle à justifier)","zonesIntersectees":"Ri","etagePresent":"Oui","etageSource":"estimé par la hauteur du bâti (5.5 m), fiabilité modérée","typologie":"Typologie indéterminée (donnée absente ou non exploitable)","eligibiliteFprnm":"Non déterminé - typologie non qualifiée en l'état, à vérifier sur site.","hauteurM":5.5,"isErp":false}},{"type":"Feature","geometry":{"coordinates":[[[1.223506,43.292725],[1.2236,43.292749],[1.223558,43.292829],[1.223465,43.292802],[1.223506,43.292725]]],"type":"Polygon"},"properties":{"id":"BATIMENT0000000343239734","zoneCode":"Ri","zoneLabel":"Rouge inondation","zoneColor":"#E2001A","concerne":true,"regime":"Constructions nouvelles : Interdites, sauf exceptions très limitées (accès de sécurité, abris légers <20 m² une fois, locaux techniques agricoles, serres tunnel...). Constructions existantes : Extension limitée à 20 % de l'emprise existante, une seule fois depuis le 06/02/2018, plancher au-dessus des PHEC.","etudeGeotechniqueG2":false,"diagnostic":"Non obligatoire pour l'habitat ; auto-diagnostic de vulnérabilité recommandé (à la charge du propriétaire).","zoneRefuge":"Conditionnelle : si le plancher ne peut pas être calé au-dessus des PHEC (impossibilité fonctionnelle dûment justifiée), un niveau refuge adapté est exigé (20 m² minimum pour une habitation, hauteur 1,80 m minimum, un refuge par logement/local, pas de refuge \"collectif\").","refugeCategorie":"Conditionnelle (impossibilité fonctionnelle à justifier)","zonesIntersectees":"Ri","etagePresent":"Non","etageSource":"connu (BDNB Fichiers Fonciers nb_niveau=1)","typologie":"Maison individuelle","typologieSource":"BDNB (Fichiers Fonciers)","eligibiliteFprnm":"Éligible - habitation : Fonds Barnier (FPRNM) à 80 % des travaux de prévention prescrits par le PPRN, plafond légal national, sous réserve d'un bien existant avant le 21/06/2022.","hauteurM":4.5,"isErp":false}},{"type":"Feature","geometry":{"coordinates":[[[1.223576,43.292744],[1.223506,43.292725],[1.223523,43.292692],[1.223593,43.292711],[1.223576,43.292744]]],"type":"Polygon"},"properties":{"id":"BATIMENT0000000343239735","zoneCode":"Ri","zoneLabel":"Rouge inondation","zoneColor":"#E2001A","concerne":true,"regime":"Constructions nouvelles : Interdites, sauf exceptions très limitées (accès de sécurité, abris légers <20 m² une fois, locaux techniques agricoles, serres tunnel...). Constructions existantes : Extension limitée à 20 % de l'emprise existante, une seule fois depuis le 06/02/2018, plancher au-dessus des PHEC.","etudeGeotechniqueG2":false,"diagnostic":"Non obligatoire pour l'habitat ; auto-diagnostic de vulnérabilité recommandé (à la charge du propriétaire).","zoneRefuge":"Conditionnelle : si le plancher ne peut pas être calé au-dessus des PHEC (impossibilité fonctionnelle dûment justifiée), un niveau refuge adapté est exigé (20 m² minimum pour une habitation, hauteur 1,80 m minimum, un refuge par logement/local, pas de refuge \"collectif\").","refugeCategorie":"Conditionnelle (impossibilité fonctionnelle à justifier)","zonesIntersectees":"Ri","etagePresent":"Non","etageSource":"connu (BD TOPO nombre_d_etages)","typologie":"Maison individuelle","eligibiliteFprnm":"Éligible - habitation : Fonds Barnier (FPRNM) à 80 % des travaux de prévention prescrits par le PPRN, plafond légal national, sous réserve d'un bien existant avant le 21/06/2022.","nbLogements":1,"hauteurM":4.5,"isErp":false}},{"type":"Feature","geometry":{"coordinates":[[[1.223381,43.291874],[1.223306,43.291883],[1.223297,43.291788],[1.223368,43.291781],[1.223381,43.291874]]],"type":"Polygon"},"properties":{"id":"BATIMENT0000000343239736","zoneCode":"Ri","zoneLabel":"Rouge inondation","zoneColor":"#E2001A","concerne":true,"regime":"Constructions nouvelles : Interdites, sauf exceptions très limitées (accès de sécurité, abris légers <20 m² une fois, locaux techniques agricoles, serres tunnel...). Constructions existantes : Extension limitée à 20 % de l'emprise existante, une seule fois depuis le 06/02/2018, plancher au-dessus des PHEC.","etudeGeotechniqueG2":false,"diagnostic":"Non obligatoire pour l'habitat ; auto-diagnostic de vulnérabilité recommandé (à la charge du propriétaire).","zoneRefuge":"Conditionnelle : si le plancher ne peut pas être calé au-dessus des PHEC (impossibilité fonctionnelle dûment justifiée), un niveau refuge adapté est exigé (20 m² minimum pour une habitation, hauteur 1,80 m minimum, un refuge par logement/local, pas de refuge \"collectif\").","refugeCategorie":"Conditionnelle (impossibilité fonctionnelle à justifier)","zonesIntersectees":"Ri","etagePresent":"Non","etageSource":"connu (BDNB Fichiers Fonciers nb_niveau=1)","typologie":"Maison individuelle","eligibiliteFprnm":"Éligible - habitation : Fonds Barnier (FPRNM) à 80 % des travaux de prévention prescrits par le PPRN, plafond légal national, sous réserve d'un bien existant avant le 21/06/2022.","nbLogements":1,"hauteurM":4.8,"isErp":false}},{"type":"Feature","geometry":{"coordinates":[[[1.225763,43.291688],[1.225755,43.291759],[1.225699,43.291756],[1.225705,43.291685],[1.225763,43.291688]]],"type":"Polygon"},"properties":{"id":"BATIMENT0000000343239737","zoneCode":"Ri","zoneLabel":"Rouge inondation","zoneColor":"#E2001A","concerne":true,"regime":"Constructions nouvelles : Interdites, sauf exceptions très limitées (accès de sécurité, abris légers <20 m² une fois, locaux techniques agricoles, serres tunnel...). Constructions existantes : Extension limitée à 20 % de l'emprise existante, une seule fois depuis le 06/02/2018, plancher au-dessus des PHEC.","etudeGeotechniqueG2":false,"diagnostic":"Non obligatoire pour l'habitat ; auto-diagnostic de vulnérabilité recommandé (à la charge du propriétaire).","zoneRefuge":"Conditionnelle : si le plancher ne peut pas être calé au-dessus des PHEC (impossibilité fonctionnelle dûment justifiée), un niveau refuge adapté est exigé (20 m² minimum pour une habitation, hauteur 1,80 m minimum, un refuge par logement/local, pas de refuge \"collectif\").","refugeCategorie":"Conditionnelle (impossibilité fonctionnelle à justifier)","zonesIntersectees":"Ri","etagePresent":"Non","etageSource":"estimé par la hauteur du bâti (4.4 m), fiabilité modérée","typologie":"Typologie indéterminée (donnée absente ou non exploitable)","eligibiliteFprnm":"Non déterminé - typologie non qualifiée en l'état, à vérifier sur site.","hauteurM":4.4,"isErp":false}},{"type":"Feature","geometry":{"coordinates":[[[1.224493,43.291485],[1.224623,43.291488],[1.224646,43.291639],[1.224515,43.291647],[1.224493,43.291485]]],"type":"Polygon"},"properties":{"id":"BATIMENT0000000343239738","zoneCode":"Ri","zoneLabel":"Rouge inondation","zoneColor":"#E2001A","concerne":true,"regime":"Constructions nouvelles : Interdites, sauf exceptions très limitées (accès de sécurité, abris légers <20 m² une fois, locaux techniques agricoles, serres tunnel...). Constructions existantes : Extension limitée à 20 % de l'emprise existante, une seule fois depuis le 06/02/2018, plancher au-dessus des PHEC.","etudeGeotechniqueG2":false,"diagnostic":"Non obligatoire pour l'habitat ; auto-diagnostic de vulnérabilité recommandé (à la charge du propriétaire).","zoneRefuge":"Conditionnelle : si le plancher ne peut pas être calé au-dessus des PHEC (impossibilité fonctionnelle dûment justifiée), un niveau refuge adapté est exigé (20 m² minimum pour une habitation, hauteur 1,80 m minimum, un refuge par logement/local, pas de refuge \"collectif\").","refugeCategorie":"Conditionnelle (impossibilité fonctionnelle à justifier)","zonesIntersectees":"Ri","etagePresent":"Oui","etageSource":"étage retenu par prudence (1 niveau(x) déclaré(s), incohérent avec la hauteur mesurée 6.0 m > seuil 5.30 m)","typologie":"Annexe (non habitée)","eligibiliteFprnm":"Non déterminé - typologie non qualifiée en l'état, à vérifier sur site.","nbLogements":0,"hauteurM":6.0,"isErp":false}},{"type":"Feature","geometry":{"coordinates":[[[1.223223,43.29253],[1.223199,43.292531],[1.223202,43.292549],[1.223224,43.292547],[1.223223,43.29253]]],"type":"Polygon"},"properties":{"id":"BATIMENT0000000343239740","zoneCode":"Ri","zoneLabel":"Rouge inondation","zoneColor":"#E2001A","concerne":true,"regime":"Constructions nouvelles : Interdites, sauf exceptions très limitées (accès de sécurité, abris légers <20 m² une fois, locaux techniques agricoles, serres tunnel...). Constructions existantes : Extension limitée à 20 % de l'emprise existante, une seule fois depuis le 06/02/2018, plancher au-dessus des PHEC.","etudeGeotechniqueG2":false,"diagnostic":"Non obligatoire pour l'habitat ; auto-diagnostic de vulnérabilité recommandé (à la charge du propriétaire).","zoneRefuge":"Conditionnelle : si le plancher ne peut pas être calé au-dessus des PHEC (impossibilité fonctionnelle dûment justifiée), un niveau refuge adapté est exigé (20 m² minimum pour une habitation, hauteur 1,80 m minimum, un refuge par logement/local, pas de refuge \"collectif\").","refugeCategorie":"Conditionnelle (impossibilité fonctionnelle à justifier)","zonesIntersectees":"Ri","etagePresent":"Non","etageSource":"estimé par la hauteur du bâti (1.5 m), fiabilité modérée","typologie":"Typologie indéterminée (donnée absente ou non exploitable)","eligibiliteFprnm":"Non déterminé - typologie non qualifiée en l'état, à vérifier sur site.","hauteurM":1.5,"isErp":false}},{"type":"Feature","geometry":{"coordinates":[[[1.223013,43.292654],[1.223041,43.292665],[1.223054,43.292645],[1.223027,43.292636],[1.223013,43.292654]]],"type":"Polygon"},"properties":{"id":"BATIMENT0000000343239741","zoneCode":"Ri","zoneLabel":"Rouge inondation","zoneColor":"#E2001A","concerne":true,"regime":"Constructions nouvelles : Interdites, sauf exceptions très limitées (accès de sécurité, abris légers <20 m² une fois, locaux techniques agricoles, serres tunnel...). Constructions existantes : Extension limitée à 20 % de l'emprise existante, une seule fois depuis le 06/02/2018, plancher au-dessus des PHEC.","etudeGeotechniqueG2":false,"diagnostic":"Non obligatoire pour l'habitat ; auto-diagnostic de vulnérabilité recommandé (à la charge du propriétaire).","zoneRefuge":"Conditionnelle : si le plancher ne peut pas être calé au-dessus des PHEC (impossibilité fonctionnelle dûment justifiée), un niveau refuge adapté est exigé (20 m² minimum pour une habitation, hauteur 1,80 m minimum, un refuge par logement/local, pas de refuge \"collectif\").","refugeCategorie":"Conditionnelle (impossibilité fonctionnelle à justifier)","zonesIntersectees":"Ri","etagePresent":"Non","etageSource":"estimé par la hauteur du bâti (2.1 m), fiabilité modérée","typologie":"Typologie indéterminée (donnée absente ou non exploitable)","eligibiliteFprnm":"Non déterminé - typologie non qualifiée en l'état, à vérifier sur site.","hauteurM":2.1,"isErp":false}},{"type":"Feature","geometry":{"coordinates":[[[1.223489,43.292476],[1.22352,43.292477],[1.223525,43.292443],[1.223494,43.292441],[1.223489,43.292476]]],"type":"Polygon"},"properties":{"id":"BATIMENT0000000343239742","zoneCode":"Ri","zoneLabel":"Rouge inondation","zoneColor":"#E2001A","concerne":true,"regime":"Constructions nouvelles : Interdites, sauf exceptions très limitées (accès de sécurité, abris légers <20 m² une fois, locaux techniques agricoles, serres tunnel...). Constructions existantes : Extension limitée à 20 % de l'emprise existante, une seule fois depuis le 06/02/2018, plancher au-dessus des PHEC.","etudeGeotechniqueG2":false,"diagnostic":"Non obligatoire pour l'habitat ; auto-diagnostic de vulnérabilité recommandé (à la charge du propriétaire).","zoneRefuge":"Conditionnelle : si le plancher ne peut pas être calé au-dessus des PHEC (impossibilité fonctionnelle dûment justifiée), un niveau refuge adapté est exigé (20 m² minimum pour une habitation, hauteur 1,80 m minimum, un refuge par logement/local, pas de refuge \"collectif\").","refugeCategorie":"Conditionnelle (impossibilité fonctionnelle à justifier)","zonesIntersectees":"Ri","etagePresent":"Non","etageSource":"estimé par la hauteur du bâti (2.3 m), fiabilité modérée","typologie":"Typologie indéterminée (donnée absente ou non exploitable)","eligibiliteFprnm":"Non déterminé - typologie non qualifiée en l'état, à vérifier sur site.","hauteurM":2.3,"isErp":false}},{"type":"Feature","geometry":{"coordinates":[[[1.225483,43.291736],[1.225483,43.291722],[1.225514,43.291724],[1.225511,43.291738],[1.225483,43.291736]]],"type":"Polygon"},"properties":{"id":"BATIMENT0000000343239743","zoneCode":"Ri","zoneLabel":"Rouge inondation","zoneColor":"#E2001A","concerne":true,"regime":"Constructions nouvelles : Interdites, sauf exceptions très limitées (accès de sécurité, abris légers <20 m² une fois, locaux techniques agricoles, serres tunnel...). Constructions existantes : Extension limitée à 20 % de l'emprise existante, une seule fois depuis le 06/02/2018, plancher au-dessus des PHEC.","etudeGeotechniqueG2":false,"diagnostic":"Non obligatoire pour l'habitat ; auto-diagnostic de vulnérabilité recommandé (à la charge du propriétaire).","zoneRefuge":"Conditionnelle : si le plancher ne peut pas être calé au-dessus des PHEC (impossibilité fonctionnelle dûment justifiée), un niveau refuge adapté est exigé (20 m² minimum pour une habitation, hauteur 1,80 m minimum, un refuge par logement/local, pas de refuge \"collectif\").","refugeCategorie":"Conditionnelle (impossibilité fonctionnelle à justifier)","zonesIntersectees":"Ri","etagePresent":"Inconnu","etageSource":"aucune donnée disponible","typologie":"Typologie indéterminée (donnée absente ou non exploitable)","eligibiliteFprnm":"Non déterminé - typologie non qualifiée en l'état, à vérifier sur site.","isErp":false}},{"type":"Feature","geometry":{"coordinates":[[[1.226066,43.292246],[1.226037,43.292244],[1.226044,43.292197],[1.226054,43.292197],[1.22606,43.292147],[1.226082,43.292149],[1.226066,43.292246]]],"type":"Polygon"},"properties":{"id":"BATIMENT0000000343239744","zoneCode":"Rig","zoneLabel":"Rouge inondation + mouvement de terrain","zoneColor":"#B0001C","concerne":true,"regime":"Constructions nouvelles : Interdites, sauf exceptions très limitées (accès de sécurité, abris légers <20 m² une fois, locaux techniques agricoles, serres tunnel...). Cumul avec le régime Rg : étude géotechnique G2 exigée en plus pour les rares travaux autorisés. Constructions existantes : Extension limitée à 20 % de l'emprise existante, une seule fois depuis le 06/02/2018, plancher au-dessus des PHEC. Cumul avec les prescriptions Rg (étude géotechnique G2, pas de terrassement >0,5 m). Étude géotechnique G2 (norme NF P 94-500) obligatoire avant travaux, sauf exceptions ponctuelles prévues par le règlement.","etudeGeotechniqueG2":true,"diagnostic":"Non obligatoire pour l'habitat ; auto-diagnostic de vulnérabilité recommandé (à la charge du propriétaire).","zoneRefuge":"Conditionnelle : si le plancher ne peut pas être calé au-dessus des PHEC (impossibilité fonctionnelle dûment justifiée), un niveau refuge adapté est exigé (20 m² minimum pour une habitation, hauteur 1,80 m minimum, un refuge par logement/local, pas de refuge \"collectif\").","refugeCategorie":"Conditionnelle (impossibilité fonctionnelle à justifier)","zonesIntersectees":"Rig","etagePresent":"Inconnu","etageSource":"aucune donnée disponible","typologie":"Typologie indéterminée (donnée absente ou non exploitable)","eligibiliteFprnm":"Non déterminé - typologie non qualifiée en l'état, à vérifier sur site.","isErp":false}},{"type":"Feature","geometry":{"coordinates":[[[1.224868,43.291888],[1.224867,43.291877],[1.224891,43.291877],[1.22489,43.291887],[1.224868,43.291888]]],"type":"Polygon"},"properties":{"id":"BATIMENT0000000343239745","zoneCode":"Ri","zoneLabel":"Rouge inondation","zoneColor":"#E2001A","concerne":true,"regime":"Constructions nouvelles : Interdites, sauf exceptions très limitées (accès de sécurité, abris légers <20 m² une fois, locaux techniques agricoles, serres tunnel...). Constructions existantes : Extension limitée à 20 % de l'emprise existante, une seule fois depuis le 06/02/2018, plancher au-dessus des PHEC.","etudeGeotechniqueG2":false,"diagnostic":"Non obligatoire pour l'habitat ; auto-diagnostic de vulnérabilité recommandé (à la charge du propriétaire).","zoneRefuge":"Conditionnelle : si le plancher ne peut pas être calé au-dessus des PHEC (impossibilité fonctionnelle dûment justifiée), un niveau refuge adapté est exigé (20 m² minimum pour une habitation, hauteur 1,80 m minimum, un refuge par logement/local, pas de refuge \"collectif\").","refugeCategorie":"Conditionnelle (impossibilité fonctionnelle à justifier)","zonesIntersectees":"Ri","etagePresent":"Oui","etageSource":"estimé par la hauteur du bâti (5.7 m), fiabilité modérée","typologie":"Typologie indéterminée (donnée absente ou non exploitable)","eligibiliteFprnm":"Non déterminé - typologie non qualifiée en l'état, à vérifier sur site.","hauteurM":5.7,"isErp":false}},{"type":"Feature","geometry":{"coordinates":[[[1.226181,43.292375],[1.226263,43.292381],[1.226254,43.292461],[1.226171,43.292455],[1.226181,43.292375]]],"type":"Polygon"},"properties":{"id":"BATIMENT0000000343239746","zoneCode":"Bg","zoneLabel":"Bleue mouvement de terrain","zoneColor":"#7EC8E3","concerne":true,"regime":"Constructions nouvelles : Autorisées (aucune interdiction d'occupation du sol). Constructions existantes : Autorisées, sous réserve de l'étude géotechnique G2. Étude géotechnique G2 (norme NF P 94-500) obligatoire avant travaux, sauf exceptions ponctuelles prévues par le règlement.","etudeGeotechniqueG2":true,"diagnostic":"Non concerné (hors zone inondable).","zoneRefuge":"Non applicable (zone hors risque inondation).","refugeCategorie":"Non applicable","zonesIntersectees":"Bg;GHg","etagePresent":"Oui","etageSource":"connu (BDNB Fichiers Fonciers nb_niveau=2)","typologie":"Maison individuelle","typologieSource":"BDNB (Fichiers Fonciers)","eligibiliteFprnm":"Éligible - habitation : Fonds Barnier (FPRNM) à 80 % des travaux de prévention prescrits par le PPRN, plafond légal national, sous réserve d'un bien existant avant le 21/06/2022.","hauteurM":8.4,"isErp":false}},{"type":"Feature","geometry":{"coordinates":[[[1.216245,43.294297],[1.216304,43.294304],[1.216315,43.294259],[1.216256,43.294251],[1.216245,43.294297]]],"type":"Polygon"},"properties":{"id":"BATIMENT0000000343239748","zoneCode":"Bi","zoneLabel":"Bleue inondation","zoneColor":"#4FA8E0","concerne":true,"regime":"Constructions nouvelles : Autorisées sous prescriptions (plancher au-dessus des PHEC, transparence hydraulique, matériaux les moins vulnérables). Constructions existantes : Extension jusqu'à 30 % de l'emprise existante, une seule fois depuis le 06/02/2018.","etudeGeotechniqueG2":false,"diagnostic":"Non obligatoire pour l'habitat ; auto-diagnostic de vulnérabilité recommandé (à la charge du propriétaire).","zoneRefuge":"Conditionnelle : si le plancher ne peut pas être calé au-dessus des PHEC (impossibilité fonctionnelle dûment justifiée), un niveau refuge adapté est exigé (20 m² minimum pour une habitation, hauteur 1,80 m minimum, un refuge par logement/local, pas de refuge \"collectif\").","refugeCategorie":"Conditionnelle (impossibilité fonctionnelle à justifier)","zonesIntersectees":"Bi","etagePresent":"Oui","etageSource":"estimé par la hauteur du bâti (5.5 m), fiabilité modérée","typologie":"Typologie indéterminée (donnée absente ou non exploitable)","eligibiliteFprnm":"Non déterminé - typologie non qualifiée en l'état, à vérifier sur site.","hauteurM":5.5,"isErp":false}},{"type":"Feature","geometry":{"coordinates":[[[1.225316,43.295119],[1.225058,43.295072],[1.225041,43.295117],[1.2253,43.295162],[1.225316,43.295119]]],"type":"Polygon"},"properties":{"id":"BATIMENT0000000343239796","zoneCode":"GHg","zoneLabel":"Grise hachurée (aggravation glissement)","zoneColor":"#6E6E6E","concerne":true,"regime":"Constructions nouvelles : Autorisées, sous prescriptions de gestion des eaux (pas de nouveaux rejets infiltrés, réseaux étanches). Constructions existantes : Prescriptions identiques : maîtrise des rejets, étanchéité en cas de mise en charge des réseaux.","etudeGeotechniqueG2":false,"diagnostic":"Non concerné (hors zone inondable).","zoneRefuge":"Non applicable (zone hors risque inondation).","refugeCategorie":"Non applicable","zonesIntersectees":"GHg","etagePresent":"Oui","etageSource":"connu (BDNB Fichiers Fonciers nb_niveau=3)","typologie":"Logement collectif (2 logements)","eligibiliteFprnm":"Éligible - habitation : Fonds Barnier (FPRNM) à 80 % des travaux de prévention prescrits par le PPRN, plafond légal national, sous réserve d'un bien existant avant le 21/06/2022.","nbLogements":2,"hauteurM":10.1,"isErp":false}},{"type":"Feature","geometry":{"coordinates":[[[1.22533,43.295081],[1.225073,43.295031],[1.225058,43.295072],[1.225316,43.295119],[1.22533,43.295081]]],"type":"Polygon"},"properties":{"id":"BATIMENT0000000343239797","zoneCode":"GHg","zoneLabel":"Grise hachurée (aggravation glissement)","zoneColor":"#6E6E6E","concerne":true,"regime":"Constructions nouvelles : Autorisées, sous prescriptions de gestion des eaux (pas de nouveaux rejets infiltrés, réseaux étanches). Constructions existantes : Prescriptions identiques : maîtrise des rejets, étanchéité en cas de mise en charge des réseaux.","etudeGeotechniqueG2":false,"diagnostic":"Non concerné (hors zone inondable).","zoneRefuge":"Non applicable (zone hors risque inondation).","refugeCategorie":"Non applicable","zonesIntersectees":"GHg","etagePresent":"Oui","etageSource":"connu (BDNB Fichiers Fonciers nb_niveau=3)","typologie":"Maison individuelle","eligibiliteFprnm":"Éligible - habitation : Fonds Barnier (FPRNM) à 80 % des travaux de prévention prescrits par le PPRN, plafond légal national, sous réserve d'un bien existant avant le 21/06/2022.","nbLogements":1,"hauteurM":10.4,"isErp":false}},{"type":"Feature","geometry":{"coordinates":[[[1.225029,43.295158],[1.225041,43.295117],[1.2253,43.295162],[1.225284,43.295203],[1.225029,43.295158]]],"type":"Polygon"},"properties":{"id":"BATIMENT0000000343239798","zoneCode":"GHg","zoneLabel":"Grise hachurée (aggravation glissement)","zoneColor":"#6E6E6E","concerne":true,"regime":"Constructions nouvelles : Autorisées, sous prescriptions de gestion des eaux (pas de nouveaux rejets infiltrés, réseaux étanches). Constructions existantes : Prescriptions identiques : maîtrise des rejets, étanchéité en cas de mise en charge des réseaux.","etudeGeotechniqueG2":false,"diagnostic":"Non concerné (hors zone inondable).","zoneRefuge":"Non applicable (zone hors risque inondation).","refugeCategorie":"Non applicable","zonesIntersectees":"GHg","etagePresent":"Oui","etageSource":"connu (BDNB Fichiers Fonciers nb_niveau=2)","typologie":"Maison individuelle","eligibiliteFprnm":"Éligible - habitation : Fonds Barnier (FPRNM) à 80 % des travaux de prévention prescrits par le PPRN, plafond légal national, sous réserve d'un bien existant avant le 21/06/2022.","nbLogements":1,"hauteurM":7.8,"isErp":false}},{"type":"Feature","geometry":{"coordinates":[[[1.225345,43.295045],[1.22509,43.294985],[1.225073,43.295031],[1.22533,43.295081],[1.225345,43.295045]]],"type":"Polygon"},"properties":{"id":"BATIMENT0000000343239799","zoneCode":"GHg","zoneLabel":"Grise hachurée (aggravation glissement)","zoneColor":"#6E6E6E","concerne":true,"regime":"Constructions nouvelles : Autorisées, sous prescriptions de gestion des eaux (pas de nouveaux rejets infiltrés, réseaux étanches). Constructions existantes : Prescriptions identiques : maîtrise des rejets, étanchéité en cas de mise en charge des réseaux.","etudeGeotechniqueG2":false,"diagnostic":"Non concerné (hors zone inondable).","zoneRefuge":"Non applicable (zone hors risque inondation).","refugeCategorie":"Non applicable","zonesIntersectees":"GHg","etagePresent":"Oui","etageSource":"connu (BDNB Fichiers Fonciers nb_niveau=3)","typologie":"Logement collectif (4 logements)","eligibiliteFprnm":"Éligible - habitation : Fonds Barnier (FPRNM) à 80 % des travaux de prévention prescrits par le PPRN, plafond légal national, sous réserve d'un bien existant avant le 21/06/2022.","nbLogements":4,"hauteurM":10.6,"isErp":false}},{"type":"Feature","geometry":{"coordinates":[[[1.225376,43.294965],[1.225119,43.294905],[1.22509,43.294985],[1.225345,43.295045],[1.225376,43.294965]]],"type":"Polygon"},"properties":{"id":"BATIMENT0000000343239800","zoneCode":"GHg","zoneLabel":"Grise hachurée (aggravation glissement)","zoneColor":"#6E6E6E","concerne":true,"regime":"Constructions nouvelles : Autorisées, sous prescriptions de gestion des eaux (pas de nouveaux rejets infiltrés, réseaux étanches). Constructions existantes : Prescriptions identiques : maîtrise des rejets, étanchéité en cas de mise en charge des réseaux.","etudeGeotechniqueG2":false,"diagnostic":"Non concerné (hors zone inondable).","zoneRefuge":"Non applicable (zone hors risque inondation).","refugeCategorie":"Non applicable","zonesIntersectees":"GHg","etagePresent":"Oui","etageSource":"connu (BDNB Fichiers Fonciers nb_niveau=4)","typologie":"Logement collectif (5 logements)","eligibiliteFprnm":"Éligible - habitation : Fonds Barnier (FPRNM) à 80 % des travaux de prévention prescrits par le PPRN, plafond légal national, sous réserve d'un bien existant avant le 21/06/2022.","nbLogements":5,"hauteurM":10.8,"isErp":false}},{"type":"Feature","geometry":{"coordinates":[[[1.225284,43.295203],[1.225029,43.295158],[1.225015,43.295199],[1.22527,43.29524],[1.225284,43.295203]]],"type":"Polygon"},"properties":{"id":"BATIMENT0000000343239801","zoneCode":"GHg","zoneLabel":"Grise hachurée (aggravation glissement)","zoneColor":"#6E6E6E","concerne":true,"regime":"Constructions nouvelles : Autorisées, sous prescriptions de gestion des eaux (pas de nouveaux rejets infiltrés, réseaux étanches). Constructions existantes : Prescriptions identiques : maîtrise des rejets, étanchéité en cas de mise en charge des réseaux.","etudeGeotechniqueG2":false,"diagnostic":"Non concerné (hors zone inondable).","zoneRefuge":"Non applicable (zone hors risque inondation).","refugeCategorie":"Non applicable","zonesIntersectees":"GHg","etagePresent":"Oui","etageSource":"connu (BDNB Fichiers Fonciers nb_niveau=2)","typologie":"Maison individuelle","eligibiliteFprnm":"Éligible - habitation : Fonds Barnier (FPRNM) à 80 % des travaux de prévention prescrits par le PPRN, plafond légal national, sous réserve d'un bien existant avant le 21/06/2022.","nbLogements":1,"hauteurM":9.8,"isErp":false}},{"type":"Feature","geometry":{"coordinates":[[[1.225259,43.295267],[1.225006,43.29523],[1.225015,43.295199],[1.22527,43.29524],[1.225259,43.295267]]],"type":"Polygon"},"properties":{"id":"BATIMENT0000000343239802","zoneCode":"GHg","zoneLabel":"Grise hachurée (aggravation glissement)","zoneColor":"#6E6E6E","concerne":true,"regime":"Constructions nouvelles : Autorisées, sous prescriptions de gestion des eaux (pas de nouveaux rejets infiltrés, réseaux étanches). Constructions existantes : Prescriptions identiques : maîtrise des rejets, étanchéité en cas de mise en charge des réseaux.","etudeGeotechniqueG2":false,"diagnostic":"Non concerné (hors zone inondable).","zoneRefuge":"Non applicable (zone hors risque inondation).","refugeCategorie":"Non applicable","zonesIntersectees":"GHg","etagePresent":"Oui","etageSource":"étage retenu par prudence (1 niveau(x) déclaré(s), incohérent avec la hauteur mesurée 7.7 m > seuil 5.30 m)","typologie":"Maison individuelle","eligibiliteFprnm":"Éligible - habitation : Fonds Barnier (FPRNM) à 80 % des travaux de prévention prescrits par le PPRN, plafond légal national, sous réserve d'un bien existant avant le 21/06/2022.","nbLogements":1,"hauteurM":7.7,"isErp":false}},{"type":"Feature","geometry":{"coordinates":[[[1.225099,43.295281],[1.225109,43.295245],[1.225259,43.295267],[1.225249,43.295297],[1.225099,43.295281]]],"type":"Polygon"},"properties":{"id":"BATIMENT0000000343239803","zoneCode":"GHg","zoneLabel":"Grise hachurée (aggravation glissement)","zoneColor":"#6E6E6E","concerne":true,"regime":"Constructions nouvelles : Autorisées, sous prescriptions de gestion des eaux (pas de nouveaux rejets infiltrés, réseaux étanches). Constructions existantes : Prescriptions identiques : maîtrise des rejets, étanchéité en cas de mise en charge des réseaux.","etudeGeotechniqueG2":false,"diagnostic":"Non concerné (hors zone inondable).","zoneRefuge":"Non applicable (zone hors risque inondation).","refugeCategorie":"Non applicable","zonesIntersectees":"GHg","etagePresent":"Oui","etageSource":"connu (BDNB Fichiers Fonciers nb_niveau=2)","typologie":"Maison individuelle","eligibiliteFprnm":"Éligible - habitation : Fonds Barnier (FPRNM) à 80 % des travaux de prévention prescrits par le PPRN, plafond légal national, sous réserve d'un bien existant avant le 21/06/2022.","nbLogements":1,"hauteurM":8.0,"isErp":false}},{"type":"Feature","geometry":{"coordinates":[[[1.224951,43.295328],[1.224927,43.295385],[1.225194,43.295433],[1.22522,43.295362],[1.224951,43.295328]]],"type":"Polygon"},"properties":{"id":"BATIMENT0000000343239804","zoneCode":"GHg","zoneLabel":"Grise hachurée (aggravation glissement)","zoneColor":"#6E6E6E","concerne":true,"regime":"Constructions nouvelles : Autorisées, sous prescriptions de gestion des eaux (pas de nouveaux rejets infiltrés, réseaux étanches). Constructions existantes : Prescriptions identiques : maîtrise des rejets, étanchéité en cas de mise en charge des réseaux.","etudeGeotechniqueG2":false,"diagnostic":"Non concerné (hors zone inondable).","zoneRefuge":"Non applicable (zone hors risque inondation).","refugeCategorie":"Non applicable","zonesIntersectees":"GHg","etagePresent":"Oui","etageSource":"connu (BDNB Fichiers Fonciers nb_niveau=3)","typologie":"Logement collectif (4 logements)","eligibiliteFprnm":"Éligible - habitation : Fonds Barnier (FPRNM) à 80 % des travaux de prévention prescrits par le PPRN, plafond légal national, sous réserve d'un bien existant avant le 21/06/2022.","nbLogements":4,"hauteurM":12.4,"isErp":false}},{"type":"Feature","geometry":{"coordinates":[[[1.225059,43.295296],[1.225237,43.295315],[1.22522,43.295362],[1.225045,43.295339],[1.225059,43.295296]]],"type":"Polygon"},"properties":{"id":"BATIMENT0000000343239805","zoneCode":"GHg","zoneLabel":"Grise hachurée (aggravation glissement)","zoneColor":"#6E6E6E","concerne":true,"regime":"Constructions nouvelles : Autorisées, sous prescriptions de gestion des eaux (pas de nouveaux rejets infiltrés, réseaux étanches). Constructions existantes : Prescriptions identiques : maîtrise des rejets, étanchéité en cas de mise en charge des réseaux.","etudeGeotechniqueG2":false,"diagnostic":"Non concerné (hors zone inondable).","zoneRefuge":"Non applicable (zone hors risque inondation).","refugeCategorie":"Non applicable","zonesIntersectees":"GHg","etagePresent":"Oui","etageSource":"connu (BDNB Fichiers Fonciers nb_niveau=2)","typologie":"Logement collectif (2 logements)","eligibiliteFprnm":"Éligible - habitation : Fonds Barnier (FPRNM) à 80 % des travaux de prévention prescrits par le PPRN, plafond légal national, sous réserve d'un bien existant avant le 21/06/2022.","nbLogements":2,"hauteurM":8.7,"isErp":false}},{"type":"Feature","geometry":{"coordinates":[[[1.224908,43.295429],[1.225178,43.295475],[1.225194,43.295433],[1.224927,43.295385],[1.224908,43.295429]]],"type":"Polygon"},"properties":{"id":"BATIMENT0000000343239806","zoneCode":"GHg","zoneLabel":"Grise hachurée (aggravation glissement)","zoneColor":"#6E6E6E","concerne":true,"regime":"Constructions nouvelles : Autorisées, sous prescriptions de gestion des eaux (pas de nouveaux rejets infiltrés, réseaux étanches). Constructions existantes : Prescriptions identiques : maîtrise des rejets, étanchéité en cas de mise en charge des réseaux.","etudeGeotechniqueG2":false,"diagnostic":"Non concerné (hors zone inondable).","zoneRefuge":"Non applicable (zone hors risque inondation).","refugeCategorie":"Non applicable","zonesIntersectees":"GHg","etagePresent":"Oui","etageSource":"connu (BDNB Fichiers Fonciers nb_niveau=2)","typologie":"Maison individuelle","eligibiliteFprnm":"Éligible - habitation : Fonds Barnier (FPRNM) à 80 % des travaux de prévention prescrits par le PPRN, plafond légal national, sous réserve d'un bien existant avant le 21/06/2022.","nbLogements":1,"hauteurM":12.3,"isErp":false}},{"type":"Feature","geometry":{"coordinates":[[[1.224905,43.295521],[1.22492,43.295579],[1.225127,43.295574],[1.225141,43.295538],[1.224905,43.295521]]],"type":"Polygon"},"properties":{"id":"BATIMENT0000000343239807","zoneCode":"GHg","zoneLabel":"Grise hachurée (aggravation glissement)","zoneColor":"#6E6E6E","concerne":true,"regime":"Constructions nouvelles : Autorisées, sous prescriptions de gestion des eaux (pas de nouveaux rejets infiltrés, réseaux étanches). Constructions existantes : Prescriptions identiques : maîtrise des rejets, étanchéité en cas de mise en charge des réseaux.","etudeGeotechniqueG2":false,"diagnostic":"Non concerné (hors zone inondable).","zoneRefuge":"Non applicable (zone hors risque inondation).","refugeCategorie":"Non applicable","zonesIntersectees":"GHg","etagePresent":"Oui","etageSource":"connu (BDNB Fichiers Fonciers nb_niveau=2)","typologie":"Activité économique","eligibiliteFprnm":"Potentiellement éligible - activité : Fonds Barnier (FPRNM) à 20 % des travaux prescrits si moins de 20 salariés (effectif non déductible des données géographiques, à vérifier), sous réserve d'un bien existant avant le 21/06/2022.","nbLogements":0,"hauteurM":9.4,"isErp":true}},{"type":"Feature","geometry":{"coordinates":[[[1.224924,43.295464],[1.225156,43.295506],[1.225141,43.295538],[1.224987,43.295527],[1.224989,43.295513],[1.224911,43.295502],[1.224924,43.295464]]],"type":"Polygon"},"properties":{"id":"BATIMENT0000000343239808","zoneCode":"GHg","zoneLabel":"Grise hachurée (aggravation glissement)","zoneColor":"#6E6E6E","concerne":true,"regime":"Constructions nouvelles : Autorisées, sous prescriptions de gestion des eaux (pas de nouveaux rejets infiltrés, réseaux étanches). Constructions existantes : Prescriptions identiques : maîtrise des rejets, étanchéité en cas de mise en charge des réseaux.","etudeGeotechniqueG2":false,"diagnostic":"Non concerné (hors zone inondable).","zoneRefuge":"Non applicable (zone hors risque inondation).","refugeCategorie":"Non applicable","zonesIntersectees":"GHg","etagePresent":"Oui","etageSource":"connu (BDNB Fichiers Fonciers nb_niveau=2)","typologie":"Logement collectif (2 logements)","eligibiliteFprnm":"Éligible - habitation : Fonds Barnier (FPRNM) à 80 % des travaux de prévention prescrits par le PPRN, plafond légal national, sous réserve d'un bien existant avant le 21/06/2022.","nbLogements":2,"hauteurM":9.7,"isErp":false}},{"type":"Feature","geometry":{"coordinates":[[[1.225118,43.294693],[1.225107,43.294686],[1.225101,43.294685],[1.225096,43.294685],[1.225087,43.29469],[1.225086,43.294695],[1.22509,43.294702],[1.225099,43.294707],[1.225073,43.294756],[1.225135,43.294774],[1.225166,43.294706],[1.225118,43.294693]]],"type":"Polygon"},"properties":{"id":"BATIMENT0000000343239809","zoneCode":"GHg","zoneLabel":"Grise hachurée (aggravation glissement)","zoneColor":"#6E6E6E","concerne":true,"regime":"Constructions nouvelles : Autorisées, sous prescriptions de gestion des eaux (pas de nouveaux rejets infiltrés, réseaux étanches). Constructions existantes : Prescriptions identiques : maîtrise des rejets, étanchéité en cas de mise en charge des réseaux.","etudeGeotechniqueG2":false,"diagnostic":"Non concerné (hors zone inondable).","zoneRefuge":"Non applicable (zone hors risque inondation).","refugeCategorie":"Non applicable","zonesIntersectees":"GHg","etagePresent":"Oui","etageSource":"connu (BDNB Fichiers Fonciers nb_niveau=2)","typologie":"Maison individuelle","typologieSource":"BDNB (Fichiers Fonciers)","eligibiliteFprnm":"Éligible - habitation : Fonds Barnier (FPRNM) à 80 % des travaux de prévention prescrits par le PPRN, plafond légal national, sous réserve d'un bien existant avant le 21/06/2022.","hauteurM":6.2,"isErp":false}},{"type":"Feature","geometry":{"coordinates":[[[1.225032,43.294541],[1.225076,43.294462],[1.225158,43.294482],[1.225114,43.294561],[1.225032,43.294541]]],"type":"Polygon"},"properties":{"id":"BATIMENT0000000343239810","zoneCode":"Rig","zoneLabel":"Rouge inondation + mouvement de terrain","zoneColor":"#B0001C","concerne":true,"regime":"Constructions nouvelles : Interdites, sauf exceptions très limitées (accès de sécurité, abris légers <20 m² une fois, locaux techniques agricoles, serres tunnel...). Cumul avec le régime Rg : étude géotechnique G2 exigée en plus pour les rares travaux autorisés. Constructions existantes : Extension limitée à 20 % de l'emprise existante, une seule fois depuis le 06/02/2018, plancher au-dessus des PHEC. Cumul avec les prescriptions Rg (étude géotechnique G2, pas de terrassement >0,5 m). Étude géotechnique G2 (norme NF P 94-500) obligatoire avant travaux, sauf exceptions ponctuelles prévues par le règlement.","etudeGeotechniqueG2":true,"diagnostic":"Non obligatoire pour l'habitat ; auto-diagnostic de vulnérabilité recommandé (à la charge du propriétaire).","zoneRefuge":"Conditionnelle : si le plancher ne peut pas être calé au-dessus des PHEC (impossibilité fonctionnelle dûment justifiée), un niveau refuge adapté est exigé (20 m² minimum pour une habitation, hauteur 1,80 m minimum, un refuge par logement/local, pas de refuge \"collectif\").","refugeCategorie":"Conditionnelle (impossibilité fonctionnelle à justifier)","zonesIntersectees":"GHg;Rig","etagePresent":"Oui","etageSource":"connu (BDNB Fichiers Fonciers nb_niveau=2)","typologie":"Annexe (non habitée)","eligibiliteFprnm":"Non déterminé - typologie non qualifiée en l'état, à vérifier sur site.","nbLogements":0,"hauteurM":4.9,"isErp":false}},{"type":"Feature","geometry":{"coordinates":[[[1.225434,43.294853],[1.225415,43.294896],[1.225299,43.294869],[1.225284,43.294907],[1.225143,43.294873],[1.225173,43.294794],[1.225434,43.294853]]],"type":"Polygon"},"properties":{"id":"BATIMENT0000000343239811","zoneCode":"GHg","zoneLabel":"Grise hachurée (aggravation glissement)","zoneColor":"#6E6E6E","concerne":true,"regime":"Constructions nouvelles : Autorisées, sous prescriptions de gestion des eaux (pas de nouveaux rejets infiltrés, réseaux étanches). Constructions existantes : Prescriptions identiques : maîtrise des rejets, étanchéité en cas de mise en charge des réseaux.","etudeGeotechniqueG2":false,"diagnostic":"Non concerné (hors zone inondable).","zoneRefuge":"Non applicable (zone hors risque inondation).","refugeCategorie":"Non applicable","zonesIntersectees":"GHg","etagePresent":"Oui","etageSource":"connu (BDNB Fichiers Fonciers nb_niveau=3)","typologie":"Logement collectif (5 logements)","eligibiliteFprnm":"Éligible - habitation : Fonds Barnier (FPRNM) à 80 % des travaux de prévention prescrits par le PPRN, plafond légal national, sous réserve d'un bien existant avant le 21/06/2022.","nbLogements":5,"hauteurM":9.6,"isErp":false}},{"type":"Feature","geometry":{"coordinates":[[[1.225224,43.294586],[1.225241,43.294546],[1.22517,43.294527],[1.225153,43.294567],[1.225224,43.294586]]],"type":"Polygon"},"properties":{"id":"BATIMENT0000000343239812","zoneCode":"GHg","zoneLabel":"Grise hachurée (aggravation glissement)","zoneColor":"#6E6E6E","concerne":true,"regime":"Constructions nouvelles : Autorisées, sous prescriptions de gestion des eaux (pas de nouveaux rejets infiltrés, réseaux étanches). Constructions existantes : Prescriptions identiques : maîtrise des rejets, étanchéité en cas de mise en charge des réseaux.","etudeGeotechniqueG2":false,"diagnostic":"Non concerné (hors zone inondable).","zoneRefuge":"Non applicable (zone hors risque inondation).","refugeCategorie":"Non applicable","zonesIntersectees":"GHg","etagePresent":"Oui","etageSource":"connu (BDNB Fichiers Fonciers nb_niveau=2)","typologie":"Activité économique","eligibiliteFprnm":"Potentiellement éligible - activité : Fonds Barnier (FPRNM) à 20 % des travaux prescrits si moins de 20 salariés (effectif non déductible des données géographiques, à vérifier), sous réserve d'un bien existant avant le 21/06/2022.","nbLogements":0,"hauteurM":8.9,"isErp":false}},{"type":"Feature","geometry":{"coordinates":[[[1.225006,43.29523],[1.225109,43.295245],[1.225099,43.295281],[1.224992,43.295269],[1.225006,43.29523]]],"type":"Polygon"},"properties":{"id":"BATIMENT0000000343239813","zoneCode":"GHg","zoneLabel":"Grise hachurée (aggravation glissement)","zoneColor":"#6E6E6E","concerne":true,"regime":"Constructions nouvelles : Autorisées, sous prescriptions de gestion des eaux (pas de nouveaux rejets infiltrés, réseaux étanches). Constructions existantes : Prescriptions identiques : maîtrise des rejets, étanchéité en cas de mise en charge des réseaux.","etudeGeotechniqueG2":false,"diagnostic":"Non concerné (hors zone inondable).","zoneRefuge":"Non applicable (zone hors risque inondation).","refugeCategorie":"Non applicable","zonesIntersectees":"GHg","etagePresent":"Oui","etageSource":"étage retenu par prudence (1 niveau(x) déclaré(s), incohérent avec la hauteur mesurée 7.7 m > seuil 5.30 m)","typologie":"Maison individuelle","eligibiliteFprnm":"Éligible - habitation : Fonds Barnier (FPRNM) à 80 % des travaux de prévention prescrits par le PPRN, plafond légal national, sous réserve d'un bien existant avant le 21/06/2022.","nbLogements":1,"hauteurM":7.7,"isErp":false}},{"type":"Feature","geometry":{"coordinates":[[[1.224687,43.295295],[1.224646,43.295381],[1.224715,43.295395],[1.224752,43.295303],[1.224687,43.295295]]],"type":"Polygon"},"properties":{"id":"BATIMENT0000000343239814","zoneCode":"GHg","zoneLabel":"Grise hachurée (aggravation glissement)","zoneColor":"#6E6E6E","concerne":true,"regime":"Constructions nouvelles : Autorisées, sous prescriptions de gestion des eaux (pas de nouveaux rejets infiltrés, réseaux étanches). Constructions existantes : Prescriptions identiques : maîtrise des rejets, étanchéité en cas de mise en charge des réseaux.","etudeGeotechniqueG2":false,"diagnostic":"Non concerné (hors zone inondable).","zoneRefuge":"Non applicable (zone hors risque inondation).","refugeCategorie":"Non applicable","zonesIntersectees":"GHg","etagePresent":"Oui","etageSource":"étage retenu par prudence (1 niveau(x) déclaré(s), incohérent avec la hauteur mesurée 6.7 m > seuil 5.30 m)","typologie":"Annexe (non habitée)","eligibiliteFprnm":"Non déterminé - typologie non qualifiée en l'état, à vérifier sur site.","nbLogements":0,"hauteurM":6.7,"isErp":false}},{"type":"Feature","geometry":{"coordinates":[[[1.224752,43.295303],[1.224715,43.295395],[1.224783,43.295407],[1.224817,43.295311],[1.224752,43.295303]]],"type":"Polygon"},"properties":{"id":"BATIMENT0000000343239815","zoneCode":"GHg","zoneLabel":"Grise hachurée (aggravation glissement)","zoneColor":"#6E6E6E","concerne":true,"regime":"Constructions nouvelles : Autorisées, sous prescriptions de gestion des eaux (pas de nouveaux rejets infiltrés, réseaux étanches). Constructions existantes : Prescriptions identiques : maîtrise des rejets, étanchéité en cas de mise en charge des réseaux.","etudeGeotechniqueG2":false,"diagnostic":"Non concerné (hors zone inondable).","zoneRefuge":"Non applicable (zone hors risque inondation).","refugeCategorie":"Non applicable","zonesIntersectees":"GHg","etagePresent":"Oui","etageSource":"étage retenu par prudence (1 niveau(x) déclaré(s), incohérent avec la hauteur mesurée 6.2 m > seuil 5.30 m)","typologie":"Annexe (non habitée)","eligibiliteFprnm":"Non déterminé - typologie non qualifiée en l'état, à vérifier sur site.","nbLogements":0,"hauteurM":6.2,"isErp":false}},{"type":"Feature","geometry":{"coordinates":[[[1.224764,43.295304],[1.22477,43.295271],[1.224708,43.295266],[1.224715,43.295219],[1.224662,43.295213],[1.224647,43.29529],[1.224764,43.295304]]],"type":"Polygon"},"properties":{"id":"BATIMENT0000000343239816","zoneCode":"GHg","zoneLabel":"Grise hachurée (aggravation glissement)","zoneColor":"#6E6E6E","concerne":true,"regime":"Constructions nouvelles : Autorisées, sous prescriptions de gestion des eaux (pas de nouveaux rejets infiltrés, réseaux étanches). Constructions existantes : Prescriptions identiques : maîtrise des rejets, étanchéité en cas de mise en charge des réseaux.","etudeGeotechniqueG2":false,"diagnostic":"Non concerné (hors zone inondable).","zoneRefuge":"Non applicable (zone hors risque inondation).","refugeCategorie":"Non applicable","zonesIntersectees":"GHg","etagePresent":"Oui","etageSource":"connu (BDNB Fichiers Fonciers nb_niveau=2)","typologie":"Maison individuelle","eligibiliteFprnm":"Éligible - habitation : Fonds Barnier (FPRNM) à 80 % des travaux de prévention prescrits par le PPRN, plafond légal national, sous réserve d'un bien existant avant le 21/06/2022.","nbLogements":1,"hauteurM":7.7,"isErp":false}},{"type":"Feature","geometry":{"coordinates":[[[1.224596,43.295283],[1.224552,43.295357],[1.224646,43.295381],[1.224687,43.295295],[1.224596,43.295283]]],"type":"Polygon"},"properties":{"id":"BATIMENT0000000343239817","zoneCode":"GHg","zoneLabel":"Grise hachurée (aggravation glissement)","zoneColor":"#6E6E6E","concerne":true,"regime":"Constructions nouvelles : Autorisées, sous prescriptions de gestion des eaux (pas de nouveaux rejets infiltrés, réseaux étanches). Constructions existantes : Prescriptions identiques : maîtrise des rejets, étanchéité en cas de mise en charge des réseaux.","etudeGeotechniqueG2":false,"diagnostic":"Non concerné (hors zone inondable).","zoneRefuge":"Non applicable (zone hors risque inondation).","refugeCategorie":"Non applicable","zonesIntersectees":"GHg","etagePresent":"Oui","etageSource":"connu (BDNB Fichiers Fonciers nb_niveau=2)","typologie":"Annexe (non habitée)","eligibiliteFprnm":"Non déterminé - typologie non qualifiée en l'état, à vérifier sur site.","nbLogements":0,"hauteurM":6.9,"isErp":false}},{"type":"Feature","geometry":{"coordinates":[[[1.224838,43.295314],[1.224844,43.295278],[1.22477,43.295271],[1.224764,43.295304],[1.224838,43.295314]]],"type":"Polygon"},"properties":{"id":"BATIMENT0000000343239818","zoneCode":"GHg","zoneLabel":"Grise hachurée (aggravation glissement)","zoneColor":"#6E6E6E","concerne":true,"regime":"Constructions nouvelles : Autorisées, sous prescriptions de gestion des eaux (pas de nouveaux rejets infiltrés, réseaux étanches). Constructions existantes : Prescriptions identiques : maîtrise des rejets, étanchéité en cas de mise en charge des réseaux.","etudeGeotechniqueG2":false,"diagnostic":"Non concerné (hors zone inondable).","zoneRefuge":"Non applicable (zone hors risque inondation).","refugeCategorie":"Non applicable","zonesIntersectees":"GHg","etagePresent":"Oui","etageSource":"étage retenu par prudence (1 niveau(x) déclaré(s), incohérent avec la hauteur mesurée 8.8 m > seuil 5.30 m)","typologie":"Annexe (non habitée)","eligibiliteFprnm":"Non déterminé - typologie non qualifiée en l'état, à vérifier sur site.","nbLogements":0,"hauteurM":8.8,"isErp":false}},{"type":"Feature","geometry":{"coordinates":[[[1.224915,43.295324],[1.224925,43.295283],[1.224844,43.295278],[1.224838,43.295314],[1.224915,43.295324]]],"type":"Polygon"},"properties":{"id":"BATIMENT0000000343239819","zoneCode":"GHg","zoneLabel":"Grise hachurée (aggravation glissement)","zoneColor":"#6E6E6E","concerne":true,"regime":"Constructions nouvelles : Autorisées, sous prescriptions de gestion des eaux (pas de nouveaux rejets infiltrés, réseaux étanches). Constructions existantes : Prescriptions identiques : maîtrise des rejets, étanchéité en cas de mise en charge des réseaux.","etudeGeotechniqueG2":false,"diagnostic":"Non concerné (hors zone inondable).","zoneRefuge":"Non applicable (zone hors risque inondation).","refugeCategorie":"Non applicable","zonesIntersectees":"GHg","etagePresent":"Oui","etageSource":"étage retenu par prudence (1 niveau(x) déclaré(s), incohérent avec la hauteur mesurée 7.5 m > seuil 5.30 m)","typologie":"Maison individuelle","typologieSource":"BDNB (Fichiers Fonciers)","eligibiliteFprnm":"Éligible - habitation : Fonds Barnier (FPRNM) à 80 % des travaux de prévention prescrits par le PPRN, plafond légal national, sous réserve d'un bien existant avant le 21/06/2022.","hauteurM":7.5,"isErp":false}},{"type":"Feature","geometry":{"coordinates":[[[1.224566,43.295279],[1.224647,43.29529],[1.224662,43.295213],[1.22458,43.295205],[1.224566,43.295279]]],"type":"Polygon"},"properties":{"id":"BATIMENT0000000343239820","zoneCode":"GHg","zoneLabel":"Grise hachurée (aggravation glissement)","zoneColor":"#6E6E6E","concerne":true,"regime":"Constructions nouvelles : Autorisées, sous prescriptions de gestion des eaux (pas de nouveaux rejets infiltrés, réseaux étanches). Constructions existantes : Prescriptions identiques : maîtrise des rejets, étanchéité en cas de mise en charge des réseaux.","etudeGeotechniqueG2":false,"diagnostic":"Non concerné (hors zone inondable).","zoneRefuge":"Non applicable (zone hors risque inondation).","refugeCategorie":"Non applicable","zonesIntersectees":"GHg","etagePresent":"Oui","etageSource":"connu (BD TOPO nombre_d_etages)","typologie":"Maison individuelle","eligibiliteFprnm":"Éligible - habitation : Fonds Barnier (FPRNM) à 80 % des travaux de prévention prescrits par le PPRN, plafond légal national, sous réserve d'un bien existant avant le 21/06/2022.","nbLogements":1,"hauteurM":7.8,"isErp":false}},{"type":"Feature","geometry":{"coordinates":[[[1.224566,43.295279],[1.224432,43.295247],[1.224356,43.295204],[1.224299,43.295252],[1.224389,43.295317],[1.224552,43.295357],[1.224596,43.295283],[1.224566,43.295279]]],"type":"Polygon"},"properties":{"id":"BATIMENT0000000343239821","zoneCode":"GHg","zoneLabel":"Grise hachurée (aggravation glissement)","zoneColor":"#6E6E6E","concerne":true,"regime":"Constructions nouvelles : Autorisées, sous prescriptions de gestion des eaux (pas de nouveaux rejets infiltrés, réseaux étanches). Constructions existantes : Prescriptions identiques : maîtrise des rejets, étanchéité en cas de mise en charge des réseaux.","etudeGeotechniqueG2":false,"diagnostic":"Non concerné (hors zone inondable).","zoneRefuge":"Non applicable (zone hors risque inondation).","refugeCategorie":"Non applicable","zonesIntersectees":"GHg","etagePresent":"Oui","etageSource":"connu (BDNB Fichiers Fonciers nb_niveau=2)","typologie":"Maison individuelle","eligibiliteFprnm":"Éligible - habitation : Fonds Barnier (FPRNM) à 80 % des travaux de prévention prescrits par le PPRN, plafond légal national, sous réserve d'un bien existant avant le 21/06/2022.","nbLogements":1,"hauteurM":5.5,"isErp":false}},{"type":"Feature","geometry":{"coordinates":[[[1.224858,43.29522],[1.224956,43.295238],[1.224946,43.29527],[1.224847,43.295256],[1.224858,43.29522]]],"type":"Polygon"},"properties":{"id":"BATIMENT0000000343239822","zoneCode":"GHg","zoneLabel":"Grise hachurée (aggravation glissement)","zoneColor":"#6E6E6E","concerne":true,"regime":"Constructions nouvelles : Autorisées, sous prescriptions de gestion des eaux (pas de nouveaux rejets infiltrés, réseaux étanches). Constructions existantes : Prescriptions identiques : maîtrise des rejets, étanchéité en cas de mise en charge des réseaux.","etudeGeotechniqueG2":false,"diagnostic":"Non concerné (hors zone inondable).","zoneRefuge":"Non applicable (zone hors risque inondation).","refugeCategorie":"Non applicable","zonesIntersectees":"GHg","etagePresent":"Oui","etageSource":"estimé par la hauteur du bâti (6.1 m), fiabilité modérée","typologie":"Typologie indéterminée (donnée absente ou non exploitable)","eligibiliteFprnm":"Non déterminé - typologie non qualifiée en l'état, à vérifier sur site.","hauteurM":6.1,"isErp":false}},{"type":"Feature","geometry":{"coordinates":[[[1.225045,43.295339],[1.224915,43.295324],[1.224925,43.295283],[1.225007,43.295289],[1.225059,43.295296],[1.225045,43.295339]]],"type":"Polygon"},"properties":{"id":"BATIMENT0000000343239823","zoneCode":"GHg","zoneLabel":"Grise hachurée (aggravation glissement)","zoneColor":"#6E6E6E","concerne":true,"regime":"Constructions nouvelles : Autorisées, sous prescriptions de gestion des eaux (pas de nouveaux rejets infiltrés, réseaux étanches). Constructions existantes : Prescriptions identiques : maîtrise des rejets, étanchéité en cas de mise en charge des réseaux.","etudeGeotechniqueG2":false,"diagnostic":"Non concerné (hors zone inondable).","zoneRefuge":"Non applicable (zone hors risque inondation).","refugeCategorie":"Non applicable","zonesIntersectees":"GHg","etagePresent":"Oui","etageSource":"connu (BDNB Fichiers Fonciers nb_niveau=2)","typologie":"Maison individuelle","eligibiliteFprnm":"Éligible - habitation : Fonds Barnier (FPRNM) à 80 % des travaux de prévention prescrits par le PPRN, plafond légal national, sous réserve d'un bien existant avant le 21/06/2022.","nbLogements":1,"hauteurM":9.0,"isErp":false}},{"type":"Feature","geometry":{"coordinates":[[[1.224858,43.29522],[1.224847,43.295256],[1.224747,43.295242],[1.224759,43.295196],[1.224854,43.295218],[1.224853,43.295219],[1.224858,43.29522]]],"type":"Polygon"},"properties":{"id":"BATIMENT0000000343239824","zoneCode":"GHg","zoneLabel":"Grise hachurée (aggravation glissement)","zoneColor":"#6E6E6E","concerne":true,"regime":"Constructions nouvelles : Autorisées, sous prescriptions de gestion des eaux (pas de nouveaux rejets infiltrés, réseaux étanches). Constructions existantes : Prescriptions identiques : maîtrise des rejets, étanchéité en cas de mise en charge des réseaux.","etudeGeotechniqueG2":false,"diagnostic":"Non concerné (hors zone inondable).","zoneRefuge":"Non applicable (zone hors risque inondation).","refugeCategorie":"Non applicable","zonesIntersectees":"GHg","etagePresent":"Non","etageSource":"connu (BDNB Fichiers Fonciers nb_niveau=1)","typologie":"Maison individuelle","eligibiliteFprnm":"Éligible - habitation : Fonds Barnier (FPRNM) à 80 % des travaux de prévention prescrits par le PPRN, plafond légal national, sous réserve d'un bien existant avant le 21/06/2022.","nbLogements":1,"hauteurM":5.0,"isErp":false}},{"type":"Feature","geometry":{"coordinates":[[[1.224759,43.295196],[1.224759,43.295192],[1.224859,43.295203],[1.224854,43.295218],[1.224759,43.295196]]],"type":"Polygon"},"properties":{"id":"BATIMENT0000000343239825","zoneCode":"GHg","zoneLabel":"Grise hachurée (aggravation glissement)","zoneColor":"#6E6E6E","concerne":true,"regime":"Constructions nouvelles : Autorisées, sous prescriptions de gestion des eaux (pas de nouveaux rejets infiltrés, réseaux étanches). Constructions existantes : Prescriptions identiques : maîtrise des rejets, étanchéité en cas de mise en charge des réseaux.","etudeGeotechniqueG2":false,"diagnostic":"Non concerné (hors zone inondable).","zoneRefuge":"Non applicable (zone hors risque inondation).","refugeCategorie":"Non applicable","zonesIntersectees":"GHg","etagePresent":"Non","etageSource":"estimé par la hauteur du bâti (5.2 m), fiabilité modérée","typologie":"Typologie indéterminée (donnée absente ou non exploitable)","eligibiliteFprnm":"Non déterminé - typologie non qualifiée en l'état, à vérifier sur site.","hauteurM":5.2,"isErp":false}},{"type":"Feature","geometry":{"coordinates":[[[1.224968,43.295201],[1.224956,43.295238],[1.224853,43.295219],[1.224867,43.29518],[1.224968,43.295201]]],"type":"Polygon"},"properties":{"id":"BATIMENT0000000343239826","zoneCode":"GHg","zoneLabel":"Grise hachurée (aggravation glissement)","zoneColor":"#6E6E6E","concerne":true,"regime":"Constructions nouvelles : Autorisées, sous prescriptions de gestion des eaux (pas de nouveaux rejets infiltrés, réseaux étanches). Constructions existantes : Prescriptions identiques : maîtrise des rejets, étanchéité en cas de mise en charge des réseaux.","etudeGeotechniqueG2":false,"diagnostic":"Non concerné (hors zone inondable).","zoneRefuge":"Non applicable (zone hors risque inondation).","refugeCategorie":"Non applicable","zonesIntersectees":"GHg","etagePresent":"Oui","etageSource":"étage retenu par prudence (1 niveau(x) déclaré(s), incohérent avec la hauteur mesurée 5.4 m > seuil 5.30 m)","typologie":"Annexe (non habitée)","eligibiliteFprnm":"Non déterminé - typologie non qualifiée en l'état, à vérifier sur site.","nbLogements":0,"hauteurM":5.4,"isErp":false}},{"type":"Feature","geometry":{"coordinates":[[[1.224976,43.295175],[1.224968,43.295201],[1.224922,43.295192],[1.224931,43.295165],[1.224976,43.295175]]],"type":"Polygon"},"properties":{"id":"BATIMENT0000000343239827","zoneCode":"GHg","zoneLabel":"Grise hachurée (aggravation glissement)","zoneColor":"#6E6E6E","concerne":true,"regime":"Constructions nouvelles : Autorisées, sous prescriptions de gestion des eaux (pas de nouveaux rejets infiltrés, réseaux étanches). Constructions existantes : Prescriptions identiques : maîtrise des rejets, étanchéité en cas de mise en charge des réseaux.","etudeGeotechniqueG2":false,"diagnostic":"Non concerné (hors zone inondable).","zoneRefuge":"Non applicable (zone hors risque inondation).","refugeCategorie":"Non applicable","zonesIntersectees":"GHg","etagePresent":"Oui","etageSource":"connu (BD TOPO nombre_d_etages)","typologie":"Maison individuelle","eligibiliteFprnm":"Éligible - habitation : Fonds Barnier (FPRNM) à 80 % des travaux de prévention prescrits par le PPRN, plafond légal national, sous réserve d'un bien existant avant le 21/06/2022.","nbLogements":1,"hauteurM":5.2,"isErp":false}},{"type":"Feature","geometry":{"coordinates":[[[1.224305,43.295171],[1.224356,43.295204],[1.224299,43.295252],[1.224238,43.295206],[1.224258,43.295189],[1.224272,43.295197],[1.224305,43.295171]]],"type":"Polygon"},"properties":{"id":"BATIMENT0000000343239828","zoneCode":"GHg","zoneLabel":"Grise hachurée (aggravation glissement)","zoneColor":"#6E6E6E","concerne":true,"regime":"Constructions nouvelles : Autorisées, sous prescriptions de gestion des eaux (pas de nouveaux rejets infiltrés, réseaux étanches). Constructions existantes : Prescriptions identiques : maîtrise des rejets, étanchéité en cas de mise en charge des réseaux.","etudeGeotechniqueG2":false,"diagnostic":"Non concerné (hors zone inondable).","zoneRefuge":"Non applicable (zone hors risque inondation).","refugeCategorie":"Non applicable","zonesIntersectees":"GHg","etagePresent":"Oui","etageSource":"connu (BDNB Fichiers Fonciers nb_niveau=2)","typologie":"Maison individuelle","eligibiliteFprnm":"Éligible - habitation : Fonds Barnier (FPRNM) à 80 % des travaux de prévention prescrits par le PPRN, plafond légal national, sous réserve d'un bien existant avant le 21/06/2022.","nbLogements":1,"hauteurM":7.2,"isErp":false}},{"type":"Feature","geometry":{"coordinates":[[[1.224524,43.29527],[1.224548,43.295174],[1.224419,43.295146],[1.224407,43.295189],[1.224472,43.295197],[1.22446,43.295254],[1.224524,43.29527]]],"type":"Polygon"},"properties":{"id":"BATIMENT0000000343239829","zoneCode":"GHg","zoneLabel":"Grise hachurée (aggravation glissement)","zoneColor":"#6E6E6E","concerne":true,"regime":"Constructions nouvelles : Autorisées, sous prescriptions de gestion des eaux (pas de nouveaux rejets infiltrés, réseaux étanches). Constructions existantes : Prescriptions identiques : maîtrise des rejets, étanchéité en cas de mise en charge des réseaux.","etudeGeotechniqueG2":false,"diagnostic":"Non concerné (hors zone inondable).","zoneRefuge":"Non applicable (zone hors risque inondation).","refugeCategorie":"Non applicable","zonesIntersectees":"GHg","etagePresent":"Non","etageSource":"connu (BDNB Fichiers Fonciers nb_niveau=1)","typologie":"Maison individuelle","eligibiliteFprnm":"Éligible - habitation : Fonds Barnier (FPRNM) à 80 % des travaux de prévention prescrits par le PPRN, plafond légal national, sous réserve d'un bien existant avant le 21/06/2022.","nbLogements":1,"hauteurM":5.0,"isErp":false}},{"type":"Feature","geometry":{"coordinates":[[[1.224315,43.295176],[1.224265,43.295145],[1.224335,43.295092],[1.224395,43.295109],[1.224315,43.295176]]],"type":"Polygon"},"properties":{"id":"BATIMENT0000000343239830","zoneCode":"GHg","zoneLabel":"Grise hachurée (aggravation glissement)","zoneColor":"#6E6E6E","concerne":true,"regime":"Constructions nouvelles : Autorisées, sous prescriptions de gestion des eaux (pas de nouveaux rejets infiltrés, réseaux étanches). Constructions existantes : Prescriptions identiques : maîtrise des rejets, étanchéité en cas de mise en charge des réseaux.","etudeGeotechniqueG2":false,"diagnostic":"Non concerné (hors zone inondable).","zoneRefuge":"Non applicable (zone hors risque inondation).","refugeCategorie":"Non applicable","zonesIntersectees":"GHg","etagePresent":"Oui","etageSource":"étage retenu par prudence (1 niveau(x) déclaré(s), incohérent avec la hauteur mesurée 5.6 m > seuil 5.30 m)","typologie":"Maison individuelle","eligibiliteFprnm":"Éligible - habitation : Fonds Barnier (FPRNM) à 80 % des travaux de prévention prescrits par le PPRN, plafond légal national, sous réserve d'un bien existant avant le 21/06/2022.","nbLogements":1,"hauteurM":5.6,"isErp":false}},{"type":"Feature","geometry":{"coordinates":[[[1.224867,43.29518],[1.224899,43.295083],[1.224954,43.295094],[1.224922,43.295192],[1.224867,43.29518]]],"type":"Polygon"},"properties":{"id":"BATIMENT0000000343239831","zoneCode":"GHg","zoneLabel":"Grise hachurée (aggravation glissement)","zoneColor":"#6E6E6E","concerne":true,"regime":"Constructions nouvelles : Autorisées, sous prescriptions de gestion des eaux (pas de nouveaux rejets infiltrés, réseaux étanches). Constructions existantes : Prescriptions identiques : maîtrise des rejets, étanchéité en cas de mise en charge des réseaux.","etudeGeotechniqueG2":false,"diagnostic":"Non concerné (hors zone inondable).","zoneRefuge":"Non applicable (zone hors risque inondation).","refugeCategorie":"Non applicable","zonesIntersectees":"GHg","etagePresent":"Oui","etageSource":"connu (BDNB Fichiers Fonciers nb_niveau=2)","typologie":"Annexe (non habitée)","eligibiliteFprnm":"Non déterminé - typologie non qualifiée en l'état, à vérifier sur site.","nbLogements":0,"hauteurM":5.2,"isErp":false}},{"type":"Feature","geometry":{"coordinates":[[[1.224976,43.295175],[1.224931,43.295165],[1.224954,43.295094],[1.225001,43.295103],[1.224976,43.295175]]],"type":"Polygon"},"properties":{"id":"BATIMENT0000000343239832","zoneCode":"GHg","zoneLabel":"Grise hachurée (aggravation glissement)","zoneColor":"#6E6E6E","concerne":true,"regime":"Constructions nouvelles : Autorisées, sous prescriptions de gestion des eaux (pas de nouveaux rejets infiltrés, réseaux étanches). Constructions existantes : Prescriptions identiques : maîtrise des rejets, étanchéité en cas de mise en charge des réseaux.","etudeGeotechniqueG2":false,"diagnostic":"Non concerné (hors zone inondable).","zoneRefuge":"Non applicable (zone hors risque inondation).","refugeCategorie":"Non applicable","zonesIntersectees":"GHg","etagePresent":"Oui","etageSource":"connu (BDNB Fichiers Fonciers nb_niveau=2)","typologie":"Maison individuelle","eligibiliteFprnm":"Éligible - habitation : Fonds Barnier (FPRNM) à 80 % des travaux de prévention prescrits par le PPRN, plafond légal national, sous réserve d'un bien existant avant le 21/06/2022.","nbLogements":1,"hauteurM":5.3,"isErp":false}},{"type":"Feature","geometry":{"coordinates":[[[1.224769,43.295156],[1.224774,43.295138],[1.224782,43.295125],[1.224876,43.29515],[1.224871,43.295168],[1.224769,43.295156]]],"type":"Polygon"},"properties":{"id":"BATIMENT0000000343239833","zoneCode":"GHg","zoneLabel":"Grise hachurée (aggravation glissement)","zoneColor":"#6E6E6E","concerne":true,"regime":"Constructions nouvelles : Autorisées, sous prescriptions de gestion des eaux (pas de nouveaux rejets infiltrés, réseaux étanches). Constructions existantes : Prescriptions identiques : maîtrise des rejets, étanchéité en cas de mise en charge des réseaux.","etudeGeotechniqueG2":false,"diagnostic":"Non concerné (hors zone inondable).","zoneRefuge":"Non applicable (zone hors risque inondation).","refugeCategorie":"Non applicable","zonesIntersectees":"GHg","etagePresent":"Non","etageSource":"connu (BDNB Fichiers Fonciers nb_niveau=1)","typologie":"Annexe (non habitée)","eligibiliteFprnm":"Non déterminé - typologie non qualifiée en l'état, à vérifier sur site.","nbLogements":0,"hauteurM":4.8,"isErp":false}},{"type":"Feature","geometry":{"coordinates":[[[1.224373,43.295097],[1.224394,43.2951],[1.224403,43.295091],[1.224388,43.295085],[1.224373,43.295097]]],"type":"Polygon"},"properties":{"id":"BATIMENT0000000343239834","zoneCode":"GHg","zoneLabel":"Grise hachurée (aggravation glissement)","zoneColor":"#6E6E6E","concerne":true,"regime":"Constructions nouvelles : Autorisées, sous prescriptions de gestion des eaux (pas de nouveaux rejets infiltrés, réseaux étanches). Constructions existantes : Prescriptions identiques : maîtrise des rejets, étanchéité en cas de mise en charge des réseaux.","etudeGeotechniqueG2":false,"diagnostic":"Non concerné (hors zone inondable).","zoneRefuge":"Non applicable (zone hors risque inondation).","refugeCategorie":"Non applicable","zonesIntersectees":"GHg","etagePresent":"Non","etageSource":"estimé par la hauteur du bâti (5.0 m), fiabilité modérée","typologie":"Typologie indéterminée (donnée absente ou non exploitable)","eligibiliteFprnm":"Non déterminé - typologie non qualifiée en l'état, à vérifier sur site.","hauteurM":5.0,"isErp":false}},{"type":"Feature","geometry":{"coordinates":[[[1.224296,43.295165],[1.224264,43.295192],[1.224272,43.295197],[1.224305,43.295171],[1.224296,43.295165]]],"type":"Polygon"},"properties":{"id":"BATIMENT0000000343239835","zoneCode":"GHg","zoneLabel":"Grise hachurée (aggravation glissement)","zoneColor":"#6E6E6E","concerne":true,"regime":"Constructions nouvelles : Autorisées, sous prescriptions de gestion des eaux (pas de nouveaux rejets infiltrés, réseaux étanches). Constructions existantes : Prescriptions identiques : maîtrise des rejets, étanchéité en cas de mise en charge des réseaux.","etudeGeotechniqueG2":false,"diagnostic":"Non concerné (hors zone inondable).","zoneRefuge":"Non applicable (zone hors risque inondation).","refugeCategorie":"Non applicable","zonesIntersectees":"GHg","etagePresent":"Non","etageSource":"estimé par la hauteur du bâti (3.2 m), fiabilité modérée","typologie":"Typologie indéterminée (donnée absente ou non exploitable)","eligibiliteFprnm":"Non déterminé - typologie non qualifiée en l'état, à vérifier sur site.","hauteurM":3.2,"isErp":false}},{"type":"Feature","geometry":{"coordinates":[[[1.224782,43.295125],[1.224829,43.295052],[1.224899,43.295078],[1.224876,43.29515],[1.224782,43.295125]]],"type":"Polygon"},"properties":{"id":"BATIMENT0000000343239836","zoneCode":"GHg","zoneLabel":"Grise hachurée (aggravation glissement)","zoneColor":"#6E6E6E","concerne":true,"regime":"Constructions nouvelles : Autorisées, sous prescriptions de gestion des eaux (pas de nouveaux rejets infiltrés, réseaux étanches). Constructions existantes : Prescriptions identiques : maîtrise des rejets, étanchéité en cas de mise en charge des réseaux.","etudeGeotechniqueG2":false,"diagnostic":"Non concerné (hors zone inondable).","zoneRefuge":"Non applicable (zone hors risque inondation).","refugeCategorie":"Non applicable","zonesIntersectees":"GHg","etagePresent":"Non","etageSource":"connu (BDNB Fichiers Fonciers nb_niveau=1)","typologie":"Annexe (non habitée)","eligibiliteFprnm":"Non déterminé - typologie non qualifiée en l'état, à vérifier sur site.","nbLogements":0,"hauteurM":4.8,"isErp":false}},{"type":"Feature","geometry":{"coordinates":[[[1.224833,43.295588],[1.224817,43.295528],[1.224864,43.295524],[1.224875,43.295564],[1.224915,43.29556],[1.22492,43.295579],[1.224833,43.295588]]],"type":"Polygon"},"properties":{"id":"BATIMENT0000000343239837","zoneCode":"GHg","zoneLabel":"Grise hachurée (aggravation glissement)","zoneColor":"#6E6E6E","concerne":true,"regime":"Constructions nouvelles : Autorisées, sous prescriptions de gestion des eaux (pas de nouveaux rejets infiltrés, réseaux étanches). Constructions existantes : Prescriptions identiques : maîtrise des rejets, étanchéité en cas de mise en charge des réseaux.","etudeGeotechniqueG2":false,"diagnostic":"Non concerné (hors zone inondable).","zoneRefuge":"Non applicable (zone hors risque inondation).","refugeCategorie":"Non applicable","zonesIntersectees":"GHg","etagePresent":"Oui","etageSource":"connu (BDNB Fichiers Fonciers nb_niveau=3)","typologie":"Maison individuelle","eligibiliteFprnm":"Éligible - habitation : Fonds Barnier (FPRNM) à 80 % des travaux de prévention prescrits par le PPRN, plafond légal national, sous réserve d'un bien existant avant le 21/06/2022.","nbLogements":1,"hauteurM":6.7,"isErp":false}},{"type":"Feature","geometry":{"coordinates":[[[1.224905,43.295521],[1.224915,43.29556],[1.224875,43.295564],[1.224864,43.295524],[1.224905,43.295521]]],"type":"Polygon"},"properties":{"id":"BATIMENT0000000343239838","zoneCode":"GHg","zoneLabel":"Grise hachurée (aggravation glissement)","zoneColor":"#6E6E6E","concerne":true,"regime":"Constructions nouvelles : Autorisées, sous prescriptions de gestion des eaux (pas de nouveaux rejets infiltrés, réseaux étanches). Constructions existantes : Prescriptions identiques : maîtrise des rejets, étanchéité en cas de mise en charge des réseaux.","etudeGeotechniqueG2":false,"diagnostic":"Non concerné (hors zone inondable).","zoneRefuge":"Non applicable (zone hors risque inondation).","refugeCategorie":"Non applicable","zonesIntersectees":"GHg","etagePresent":"Oui","etageSource":"connu (BDNB Fichiers Fonciers nb_niveau=2)","typologie":"Maison individuelle","eligibiliteFprnm":"Éligible - habitation : Fonds Barnier (FPRNM) à 80 % des travaux de prévention prescrits par le PPRN, plafond légal national, sous réserve d'un bien existant avant le 21/06/2022.","nbLogements":1,"hauteurM":6.0,"isErp":false}},{"type":"Feature","geometry":{"coordinates":[[[1.224894,43.295459],[1.224924,43.295464],[1.224911,43.295502],[1.224883,43.295498],[1.224894,43.295459]]],"type":"Polygon"},"properties":{"id":"BATIMENT0000000343239839","zoneCode":"GHg","zoneLabel":"Grise hachurée (aggravation glissement)","zoneColor":"#6E6E6E","concerne":true,"regime":"Constructions nouvelles : Autorisées, sous prescriptions de gestion des eaux (pas de nouveaux rejets infiltrés, réseaux étanches). Constructions existantes : Prescriptions identiques : maîtrise des rejets, étanchéité en cas de mise en charge des réseaux.","etudeGeotechniqueG2":false,"diagnostic":"Non concerné (hors zone inondable).","zoneRefuge":"Non applicable (zone hors risque inondation).","refugeCategorie":"Non applicable","zonesIntersectees":"GHg","etagePresent":"Non","etageSource":"estimé par la hauteur du bâti (3.8 m), fiabilité modérée","typologie":"Typologie indéterminée (donnée absente ou non exploitable)","eligibiliteFprnm":"Non déterminé - typologie non qualifiée en l'état, à vérifier sur site.","hauteurM":3.8,"isErp":false}},{"type":"Feature","geometry":{"coordinates":[[[1.223725,43.295563],[1.223727,43.295535],[1.223671,43.295533],[1.223669,43.295562],[1.223725,43.295563]]],"type":"Polygon"},"properties":{"id":"BATIMENT0000000343239840","zoneCode":"GHg","zoneLabel":"Grise hachurée (aggravation glissement)","zoneColor":"#6E6E6E","concerne":true,"regime":"Constructions nouvelles : Autorisées, sous prescriptions de gestion des eaux (pas de nouveaux rejets infiltrés, réseaux étanches). Constructions existantes : Prescriptions identiques : maîtrise des rejets, étanchéité en cas de mise en charge des réseaux.","etudeGeotechniqueG2":false,"diagnostic":"Non concerné (hors zone inondable).","zoneRefuge":"Non applicable (zone hors risque inondation).","refugeCategorie":"Non applicable","zonesIntersectees":"GHg","etagePresent":"Non","etageSource":"estimé par la hauteur du bâti (1.4 m), fiabilité modérée","typologie":"Typologie indéterminée (donnée absente ou non exploitable)","eligibiliteFprnm":"Non déterminé - typologie non qualifiée en l'état, à vérifier sur site.","hauteurM":1.4,"isErp":false}},{"type":"Feature","geometry":{"coordinates":[[[1.223671,43.295533],[1.223736,43.295536],[1.223738,43.295485],[1.223676,43.295483],[1.223671,43.295533]]],"type":"Polygon"},"properties":{"id":"BATIMENT0000000343239841","zoneCode":"GHg","zoneLabel":"Grise hachurée (aggravation glissement)","zoneColor":"#6E6E6E","concerne":true,"regime":"Constructions nouvelles : Autorisées, sous prescriptions de gestion des eaux (pas de nouveaux rejets infiltrés, réseaux étanches). Constructions existantes : Prescriptions identiques : maîtrise des rejets, étanchéité en cas de mise en charge des réseaux.","etudeGeotechniqueG2":false,"diagnostic":"Non concerné (hors zone inondable).","zoneRefuge":"Non applicable (zone hors risque inondation).","refugeCategorie":"Non applicable","zonesIntersectees":"GHg","etagePresent":"Non","etageSource":"estimé par la hauteur du bâti (1.3 m), fiabilité modérée","typologie":"Typologie indéterminée (donnée absente ou non exploitable)","eligibiliteFprnm":"Non déterminé - typologie non qualifiée en l'état, à vérifier sur site.","hauteurM":1.3,"isErp":false}},{"type":"Feature","geometry":{"coordinates":[[[1.223467,43.29554],[1.223509,43.295543],[1.223507,43.29556],[1.223466,43.295556],[1.223467,43.29554]]],"type":"Polygon"},"properties":{"id":"BATIMENT0000000343239842","zoneCode":"GHg","zoneLabel":"Grise hachurée (aggravation glissement)","zoneColor":"#6E6E6E","concerne":true,"regime":"Constructions nouvelles : Autorisées, sous prescriptions de gestion des eaux (pas de nouveaux rejets infiltrés, réseaux étanches). Constructions existantes : Prescriptions identiques : maîtrise des rejets, étanchéité en cas de mise en charge des réseaux.","etudeGeotechniqueG2":false,"diagnostic":"Non concerné (hors zone inondable).","zoneRefuge":"Non applicable (zone hors risque inondation).","refugeCategorie":"Non applicable","zonesIntersectees":"GHg","etagePresent":"Non","etageSource":"estimé par la hauteur du bâti (3.5 m), fiabilité modérée","typologie":"Typologie indéterminée (donnée absente ou non exploitable)","eligibiliteFprnm":"Non déterminé - typologie non qualifiée en l'état, à vérifier sur site.","hauteurM":3.5,"isErp":false}},{"type":"Feature","geometry":{"coordinates":[[[1.224833,43.295],[1.224791,43.295035],[1.224656,43.294944],[1.224706,43.294904],[1.224833,43.295]]],"type":"Polygon"},"properties":{"id":"BATIMENT0000000343239843","zoneCode":"GHg","zoneLabel":"Grise hachurée (aggravation glissement)","zoneColor":"#6E6E6E","concerne":true,"regime":"Constructions nouvelles : Autorisées, sous prescriptions de gestion des eaux (pas de nouveaux rejets infiltrés, réseaux étanches). Constructions existantes : Prescriptions identiques : maîtrise des rejets, étanchéité en cas de mise en charge des réseaux.","etudeGeotechniqueG2":false,"diagnostic":"Non concerné (hors zone inondable).","zoneRefuge":"Non applicable (zone hors risque inondation).","refugeCategorie":"Non applicable","zonesIntersectees":"GHg","etagePresent":"Oui","etageSource":"connu (BDNB Fichiers Fonciers nb_niveau=2)","typologie":"Maison individuelle","eligibiliteFprnm":"Éligible - habitation : Fonds Barnier (FPRNM) à 80 % des travaux de prévention prescrits par le PPRN, plafond légal national, sous réserve d'un bien existant avant le 21/06/2022.","nbLogements":1,"hauteurM":11.2,"isErp":false}},{"type":"Feature","geometry":{"coordinates":[[[1.224729,43.29492],[1.22478,43.294888],[1.224883,43.294968],[1.224833,43.295],[1.224729,43.29492]]],"type":"Polygon"},"properties":{"id":"BATIMENT0000000343239844","zoneCode":"GHg","zoneLabel":"Grise hachurée (aggravation glissement)","zoneColor":"#6E6E6E","concerne":true,"regime":"Constructions nouvelles : Autorisées, sous prescriptions de gestion des eaux (pas de nouveaux rejets infiltrés, réseaux étanches). Constructions existantes : Prescriptions identiques : maîtrise des rejets, étanchéité en cas de mise en charge des réseaux.","etudeGeotechniqueG2":false,"diagnostic":"Non concerné (hors zone inondable).","zoneRefuge":"Non applicable (zone hors risque inondation).","refugeCategorie":"Non applicable","zonesIntersectees":"GHg","etagePresent":"Oui","etageSource":"connu (BDNB Fichiers Fonciers nb_niveau=2)","typologie":"Maison individuelle","eligibiliteFprnm":"Éligible - habitation : Fonds Barnier (FPRNM) à 80 % des travaux de prévention prescrits par le PPRN, plafond légal national, sous réserve d'un bien existant avant le 21/06/2022.","nbLogements":1,"hauteurM":11.2,"isErp":false}},{"type":"Feature","geometry":{"coordinates":[[[1.224791,43.295035],[1.224762,43.295068],[1.224658,43.294996],[1.224697,43.294971],[1.224791,43.295035]]],"type":"Polygon"},"properties":{"id":"BATIMENT0000000343239845","zoneCode":"GHg","zoneLabel":"Grise hachurée (aggravation glissement)","zoneColor":"#6E6E6E","concerne":true,"regime":"Constructions nouvelles : Autorisées, sous prescriptions de gestion des eaux (pas de nouveaux rejets infiltrés, réseaux étanches). Constructions existantes : Prescriptions identiques : maîtrise des rejets, étanchéité en cas de mise en charge des réseaux.","etudeGeotechniqueG2":false,"diagnostic":"Non concerné (hors zone inondable).","zoneRefuge":"Non applicable (zone hors risque inondation).","refugeCategorie":"Non applicable","zonesIntersectees":"GHg","etagePresent":"Oui","etageSource":"connu (BDNB Fichiers Fonciers nb_niveau=2)","typologie":"Maison individuelle","eligibiliteFprnm":"Éligible - habitation : Fonds Barnier (FPRNM) à 80 % des travaux de prévention prescrits par le PPRN, plafond légal national, sous réserve d'un bien existant avant le 21/06/2022.","nbLogements":1,"hauteurM":11.0,"isErp":false}},{"type":"Feature","geometry":{"coordinates":[[[1.224796,43.2949],[1.22478,43.294888],[1.224844,43.294846],[1.224861,43.294857],[1.224796,43.2949]]],"type":"Polygon"},"properties":{"id":"BATIMENT0000000343239846","zoneCode":"GHg","zoneLabel":"Grise hachurée (aggravation glissement)","zoneColor":"#6E6E6E","concerne":true,"regime":"Constructions nouvelles : Autorisées, sous prescriptions de gestion des eaux (pas de nouveaux rejets infiltrés, réseaux étanches). Constructions existantes : Prescriptions identiques : maîtrise des rejets, étanchéité en cas de mise en charge des réseaux.","etudeGeotechniqueG2":false,"diagnostic":"Non concerné (hors zone inondable).","zoneRefuge":"Non applicable (zone hors risque inondation).","refugeCategorie":"Non applicable","zonesIntersectees":"GHg","etagePresent":"Oui","etageSource":"estimé par la hauteur du bâti (10.5 m), fiabilité modérée","typologie":"Typologie indéterminée (donnée absente ou non exploitable)","eligibiliteFprnm":"Non déterminé - typologie non qualifiée en l'état, à vérifier sur site.","hauteurM":10.5,"isErp":false}},{"type":"Feature","geometry":{"coordinates":[[[1.224944,43.294943],[1.224882,43.294891],[1.224903,43.294871],[1.224897,43.294862],[1.224877,43.294851],[1.224864,43.294859],[1.224861,43.294857],[1.224796,43.2949],[1.224883,43.294968],[1.224944,43.294943]]],"type":"Polygon"},"properties":{"id":"BATIMENT0000000343239847","zoneCode":"GHg","zoneLabel":"Grise hachurée (aggravation glissement)","zoneColor":"#6E6E6E","concerne":true,"regime":"Constructions nouvelles : Autorisées, sous prescriptions de gestion des eaux (pas de nouveaux rejets infiltrés, réseaux étanches). Constructions existantes : Prescriptions identiques : maîtrise des rejets, étanchéité en cas de mise en charge des réseaux.","etudeGeotechniqueG2":false,"diagnostic":"Non concerné (hors zone inondable).","zoneRefuge":"Non applicable (zone hors risque inondation).","refugeCategorie":"Non applicable","zonesIntersectees":"GHg","etagePresent":"Oui","etageSource":"connu (BDNB Fichiers Fonciers nb_niveau=3)","typologie":"Maison individuelle","eligibiliteFprnm":"Éligible - habitation : Fonds Barnier (FPRNM) à 80 % des travaux de prévention prescrits par le PPRN, plafond légal national, sous réserve d'un bien existant avant le 21/06/2022.","nbLogements":1,"hauteurM":13.1,"isErp":false}},{"type":"Feature","geometry":{"coordinates":[[[1.224711,43.295112],[1.224594,43.295035],[1.224517,43.294974],[1.224575,43.294938],[1.224762,43.295068],[1.224711,43.295112]]],"type":"Polygon"},"properties":{"id":"BATIMENT0000000343239848","zoneCode":"GHg","zoneLabel":"Grise hachurée (aggravation glissement)","zoneColor":"#6E6E6E","concerne":true,"regime":"Constructions nouvelles : Autorisées, sous prescriptions de gestion des eaux (pas de nouveaux rejets infiltrés, réseaux étanches). Constructions existantes : Prescriptions identiques : maîtrise des rejets, étanchéité en cas de mise en charge des réseaux.","etudeGeotechniqueG2":false,"diagnostic":"Non concerné (hors zone inondable).","zoneRefuge":"Non applicable (zone hors risque inondation).","refugeCategorie":"Non applicable","zonesIntersectees":"GHg","etagePresent":"Oui","etageSource":"connu (BDNB Fichiers Fonciers nb_niveau=2)","typologie":"Logement collectif (2 logements)","eligibiliteFprnm":"Éligible - habitation : Fonds Barnier (FPRNM) à 80 % des travaux de prévention prescrits par le PPRN, plafond légal national, sous réserve d'un bien existant avant le 21/06/2022.","nbLogements":2,"hauteurM":9.9,"isErp":false}},{"type":"Feature","geometry":{"coordinates":[[[1.224711,43.295112],[1.224594,43.295035],[1.224533,43.295083],[1.224602,43.295128],[1.22466,43.295157],[1.224711,43.295112]]],"type":"Polygon"},"properties":{"id":"BATIMENT0000000343239849","zoneCode":"GHg","zoneLabel":"Grise hachurée (aggravation glissement)","zoneColor":"#6E6E6E","concerne":true,"regime":"Constructions nouvelles : Autorisées, sous prescriptions de gestion des eaux (pas de nouveaux rejets infiltrés, réseaux étanches). Constructions existantes : Prescriptions identiques : maîtrise des rejets, étanchéité en cas de mise en charge des réseaux.","etudeGeotechniqueG2":false,"diagnostic":"Non concerné (hors zone inondable).","zoneRefuge":"Non applicable (zone hors risque inondation).","refugeCategorie":"Non applicable","zonesIntersectees":"GHg","etagePresent":"Oui","etageSource":"connu (BDNB Fichiers Fonciers nb_niveau=2)","typologie":"Logement collectif (2 logements)","eligibiliteFprnm":"Éligible - habitation : Fonds Barnier (FPRNM) à 80 % des travaux de prévention prescrits par le PPRN, plafond légal national, sous réserve d'un bien existant avant le 21/06/2022.","nbLogements":2,"hauteurM":7.4,"isErp":false}},{"type":"Feature","geometry":{"coordinates":[[[1.224959,43.294775],[1.224926,43.294808],[1.225084,43.294853],[1.225135,43.294774],[1.224944,43.294718],[1.22491,43.294748],[1.224959,43.294775]]],"type":"Polygon"},"properties":{"id":"BATIMENT0000000343239851","zoneCode":"GHg","zoneLabel":"Grise hachurée (aggravation glissement)","zoneColor":"#6E6E6E","concerne":true,"regime":"Constructions nouvelles : Autorisées, sous prescriptions de gestion des eaux (pas de nouveaux rejets infiltrés, réseaux étanches). Constructions existantes : Prescriptions identiques : maîtrise des rejets, étanchéité en cas de mise en charge des réseaux.","etudeGeotechniqueG2":false,"diagnostic":"Non concerné (hors zone inondable).","zoneRefuge":"Non applicable (zone hors risque inondation).","refugeCategorie":"Non applicable","zonesIntersectees":"GHg","etagePresent":"Oui","etageSource":"connu (BDNB Fichiers Fonciers nb_niveau=2)","typologie":"Maison individuelle","eligibiliteFprnm":"Éligible - habitation : Fonds Barnier (FPRNM) à 80 % des travaux de prévention prescrits par le PPRN, plafond légal national, sous réserve d'un bien existant avant le 21/06/2022.","nbLogements":1,"hauteurM":11.7,"isErp":false}},{"type":"Feature","geometry":{"coordinates":[[[1.224877,43.294851],[1.22483,43.294816],[1.224848,43.294801],[1.224909,43.294847],[1.225023,43.294911],[1.224944,43.294943],[1.224882,43.294891],[1.224903,43.294871],[1.224897,43.294862],[1.224877,43.294851]]],"type":"Polygon"},"properties":{"id":"BATIMENT0000000343239852","zoneCode":"GHg","zoneLabel":"Grise hachurée (aggravation glissement)","zoneColor":"#6E6E6E","concerne":true,"regime":"Constructions nouvelles : Autorisées, sous prescriptions de gestion des eaux (pas de nouveaux rejets infiltrés, réseaux étanches). Constructions existantes : Prescriptions identiques : maîtrise des rejets, étanchéité en cas de mise en charge des réseaux.","etudeGeotechniqueG2":false,"diagnostic":"Non concerné (hors zone inondable).","zoneRefuge":"Non applicable (zone hors risque inondation).","refugeCategorie":"Non applicable","zonesIntersectees":"GHg","etagePresent":"Oui","etageSource":"connu (BDNB Fichiers Fonciers nb_niveau=2)","typologie":"Annexe (non habitée)","eligibiliteFprnm":"Non déterminé - typologie non qualifiée en l'état, à vérifier sur site.","nbLogements":0,"hauteurM":10.1,"isErp":false}},{"type":"Feature","geometry":{"coordinates":[[[1.22491,43.294748],[1.224848,43.294801],[1.224909,43.294847],[1.225023,43.294911],[1.225054,43.294899],[1.225084,43.294853],[1.224926,43.294808],[1.224959,43.294775],[1.22491,43.294748]]],"type":"Polygon"},"properties":{"id":"BATIMENT0000000343239853","zoneCode":"GHg","zoneLabel":"Grise hachurée (aggravation glissement)","zoneColor":"#6E6E6E","concerne":true,"regime":"Constructions nouvelles : Autorisées, sous prescriptions de gestion des eaux (pas de nouveaux rejets infiltrés, réseaux étanches). Constructions existantes : Prescriptions identiques : maîtrise des rejets, étanchéité en cas de mise en charge des réseaux.","etudeGeotechniqueG2":false,"diagnostic":"Non concerné (hors zone inondable).","zoneRefuge":"Non applicable (zone hors risque inondation).","refugeCategorie":"Non applicable","zonesIntersectees":"GHg","etagePresent":"Oui","etageSource":"étage retenu par prudence (1 niveau(x) déclaré(s), incohérent avec la hauteur mesurée 11.2 m > seuil 5.30 m)","typologie":"Annexe (non habitée)","eligibiliteFprnm":"Non déterminé - typologie non qualifiée en l'état, à vérifier sur site.","nbLogements":0,"hauteurM":11.2,"isErp":false}},{"type":"Feature","geometry":{"coordinates":[[[1.224587,43.295409],[1.224725,43.295437],[1.224732,43.295473],[1.224589,43.295465],[1.224587,43.295409]]],"type":"Polygon"},"properties":{"id":"BATIMENT0000000343239854","zoneCode":"GHg","zoneLabel":"Grise hachurée (aggravation glissement)","zoneColor":"#6E6E6E","concerne":true,"regime":"Constructions nouvelles : Autorisées, sous prescriptions de gestion des eaux (pas de nouveaux rejets infiltrés, réseaux étanches). Constructions existantes : Prescriptions identiques : maîtrise des rejets, étanchéité en cas de mise en charge des réseaux.","etudeGeotechniqueG2":false,"diagnostic":"Non concerné (hors zone inondable).","zoneRefuge":"Non applicable (zone hors risque inondation).","refugeCategorie":"Non applicable","zonesIntersectees":"GHg","etagePresent":"Oui","etageSource":"connu (BDNB Fichiers Fonciers nb_niveau=2)","typologie":"Annexe (non habitée)","eligibiliteFprnm":"Non déterminé - typologie non qualifiée en l'état, à vérifier sur site.","nbLogements":0,"hauteurM":5.2,"isErp":false}},{"type":"Feature","geometry":{"coordinates":[[[1.22459,43.29548],[1.224587,43.295409],[1.224536,43.295398],[1.224535,43.29548],[1.22459,43.29548]]],"type":"Polygon"},"properties":{"id":"BATIMENT0000000343239855","zoneCode":"GHg","zoneLabel":"Grise hachurée (aggravation glissement)","zoneColor":"#6E6E6E","concerne":true,"regime":"Constructions nouvelles : Autorisées, sous prescriptions de gestion des eaux (pas de nouveaux rejets infiltrés, réseaux étanches). Constructions existantes : Prescriptions identiques : maîtrise des rejets, étanchéité en cas de mise en charge des réseaux.","etudeGeotechniqueG2":false,"diagnostic":"Non concerné (hors zone inondable).","zoneRefuge":"Non applicable (zone hors risque inondation).","refugeCategorie":"Non applicable","zonesIntersectees":"GHg","etagePresent":"Oui","etageSource":"étage retenu par prudence (1 niveau(x) déclaré(s), incohérent avec la hauteur mesurée 6.9 m > seuil 5.30 m)","typologie":"Maison individuelle","typologieSource":"BDNB (Fichiers Fonciers)","eligibiliteFprnm":"Éligible - habitation : Fonds Barnier (FPRNM) à 80 % des travaux de prévention prescrits par le PPRN, plafond légal national, sous réserve d'un bien existant avant le 21/06/2022.","hauteurM":6.9,"isErp":false}},{"type":"Feature","geometry":{"coordinates":[[[1.224746,43.295512],[1.224752,43.295502],[1.224804,43.295503],[1.224818,43.295451],[1.224725,43.295437],[1.224741,43.295513],[1.224746,43.295512]]],"type":"Polygon"},"properties":{"id":"BATIMENT0000000343239856","zoneCode":"GHg","zoneLabel":"Grise hachurée (aggravation glissement)","zoneColor":"#6E6E6E","concerne":true,"regime":"Constructions nouvelles : Autorisées, sous prescriptions de gestion des eaux (pas de nouveaux rejets infiltrés, réseaux étanches). Constructions existantes : Prescriptions identiques : maîtrise des rejets, étanchéité en cas de mise en charge des réseaux.","etudeGeotechniqueG2":false,"diagnostic":"Non concerné (hors zone inondable).","zoneRefuge":"Non applicable (zone hors risque inondation).","refugeCategorie":"Non applicable","zonesIntersectees":"GHg","etagePresent":"Oui","etageSource":"étage retenu par prudence (1 niveau(x) déclaré(s), incohérent avec la hauteur mesurée 5.8 m > seuil 5.30 m)","typologie":"Annexe (non habitée)","eligibiliteFprnm":"Non déterminé - typologie non qualifiée en l'état, à vérifier sur site.","nbLogements":0,"hauteurM":5.8,"isErp":false}},{"type":"Feature","geometry":{"coordinates":[[[1.224535,43.295429],[1.224432,43.295412],[1.224418,43.295433],[1.22437,43.295419],[1.22437,43.295416],[1.224406,43.295369],[1.224536,43.295398],[1.224535,43.295429]]],"type":"Polygon"},"properties":{"id":"BATIMENT0000000343239857","zoneCode":"GHg","zoneLabel":"Grise hachurée (aggravation glissement)","zoneColor":"#6E6E6E","concerne":true,"regime":"Constructions nouvelles : Autorisées, sous prescriptions de gestion des eaux (pas de nouveaux rejets infiltrés, réseaux étanches). Constructions existantes : Prescriptions identiques : maîtrise des rejets, étanchéité en cas de mise en charge des réseaux.","etudeGeotechniqueG2":false,"diagnostic":"Non concerné (hors zone inondable).","zoneRefuge":"Non applicable (zone hors risque inondation).","refugeCategorie":"Non applicable","zonesIntersectees":"GHg","etagePresent":"Oui","etageSource":"étage retenu par prudence (1 niveau(x) déclaré(s), incohérent avec la hauteur mesurée 7.2 m > seuil 5.30 m)","typologie":"Maison individuelle","eligibiliteFprnm":"Éligible - habitation : Fonds Barnier (FPRNM) à 80 % des travaux de prévention prescrits par le PPRN, plafond légal national, sous réserve d'un bien existant avant le 21/06/2022.","nbLogements":1,"hauteurM":7.2,"isErp":false}},{"type":"Feature","geometry":{"coordinates":[[[1.22437,43.295438],[1.22437,43.295416],[1.224406,43.295369],[1.224344,43.295354],[1.224295,43.295328],[1.224269,43.295373],[1.224267,43.295418],[1.22437,43.295438]]],"type":"Polygon"},"properties":{"id":"BATIMENT0000000343239858","zoneCode":"GHg","zoneLabel":"Grise hachurée (aggravation glissement)","zoneColor":"#6E6E6E","concerne":true,"regime":"Constructions nouvelles : Autorisées, sous prescriptions de gestion des eaux (pas de nouveaux rejets infiltrés, réseaux étanches). Constructions existantes : Prescriptions identiques : maîtrise des rejets, étanchéité en cas de mise en charge des réseaux.","etudeGeotechniqueG2":false,"diagnostic":"Non concerné (hors zone inondable).","zoneRefuge":"Non applicable (zone hors risque inondation).","refugeCategorie":"Non applicable","zonesIntersectees":"GHg","etagePresent":"Oui","etageSource":"connu (BDNB Fichiers Fonciers nb_niveau=2)","typologie":"Maison individuelle","eligibiliteFprnm":"Éligible - habitation : Fonds Barnier (FPRNM) à 80 % des travaux de prévention prescrits par le PPRN, plafond légal national, sous réserve d'un bien existant avant le 21/06/2022.","nbLogements":1,"hauteurM":6.2,"isErp":false}},{"type":"Feature","geometry":{"coordinates":[[[1.224269,43.295373],[1.224144,43.295317],[1.224196,43.295263],[1.224295,43.295328],[1.224269,43.295373]]],"type":"Polygon"},"properties":{"id":"BATIMENT0000000343239859","zoneCode":"GHg","zoneLabel":"Grise hachurée (aggravation glissement)","zoneColor":"#6E6E6E","concerne":true,"regime":"Constructions nouvelles : Autorisées, sous prescriptions de gestion des eaux (pas de nouveaux rejets infiltrés, réseaux étanches). Constructions existantes : Prescriptions identiques : maîtrise des rejets, étanchéité en cas de mise en charge des réseaux.","etudeGeotechniqueG2":false,"diagnostic":"Non concerné (hors zone inondable).","zoneRefuge":"Non applicable (zone hors risque inondation).","refugeCategorie":"Non applicable","zonesIntersectees":"GHg","etagePresent":"Oui","etageSource":"connu (BDNB Fichiers Fonciers nb_niveau=2)","typologie":"Maison individuelle","eligibiliteFprnm":"Éligible - habitation : Fonds Barnier (FPRNM) à 80 % des travaux de prévention prescrits par le PPRN, plafond légal national, sous réserve d'un bien existant avant le 21/06/2022.","nbLogements":1,"hauteurM":6.5,"isErp":false}},{"type":"Feature","geometry":{"coordinates":[[[1.224147,43.29523],[1.224196,43.295263],[1.224144,43.295317],[1.224085,43.29529],[1.224147,43.29523]]],"type":"Polygon"},"properties":{"id":"BATIMENT0000000343239860","zoneCode":"GHg","zoneLabel":"Grise hachurée (aggravation glissement)","zoneColor":"#6E6E6E","concerne":true,"regime":"Constructions nouvelles : Autorisées, sous prescriptions de gestion des eaux (pas de nouveaux rejets infiltrés, réseaux étanches). Constructions existantes : Prescriptions identiques : maîtrise des rejets, étanchéité en cas de mise en charge des réseaux.","etudeGeotechniqueG2":false,"diagnostic":"Non concerné (hors zone inondable).","zoneRefuge":"Non applicable (zone hors risque inondation).","refugeCategorie":"Non applicable","zonesIntersectees":"GHg","etagePresent":"Oui","etageSource":"étage retenu par prudence (1 niveau(x) déclaré(s), incohérent avec la hauteur mesurée 7.1 m > seuil 5.30 m)","typologie":"Maison individuelle","eligibiliteFprnm":"Éligible - habitation : Fonds Barnier (FPRNM) à 80 % des travaux de prévention prescrits par le PPRN, plafond légal national, sous réserve d'un bien existant avant le 21/06/2022.","nbLogements":1,"hauteurM":7.1,"isErp":false}},{"type":"Feature","geometry":{"coordinates":[[[1.224081,43.2952],[1.224131,43.29522],[1.224147,43.29523],[1.224101,43.295274],[1.224041,43.29524],[1.224081,43.2952]]],"type":"Polygon"},"properties":{"id":"BATIMENT0000000343239861","zoneCode":"BFg","zoneLabel":"Bleue foncée mouvement de terrain","zoneColor":"#0033A0","concerne":true,"regime":"Constructions nouvelles : Interdites (seules les adaptations de l'existant sont possibles). Constructions existantes : Extension RDC <50 m² une fois depuis le 06/02/2018, changement de destination/aménagement sans augmenter la capacité d'accueil. Étude géotechnique G2 (norme NF P 94-500) obligatoire avant travaux, sauf exceptions ponctuelles prévues par le règlement.","etudeGeotechniqueG2":true,"diagnostic":"Non concerné (hors zone inondable).","zoneRefuge":"Non applicable (zone hors risque inondation).","refugeCategorie":"Non applicable","zonesIntersectees":"BFg;GHg","etagePresent":"Non","etageSource":"estimé par la hauteur du bâti (3.5 m), fiabilité modérée","typologie":"Typologie indéterminée (donnée absente ou non exploitable)","eligibiliteFprnm":"Non déterminé - typologie non qualifiée en l'état, à vérifier sur site.","hauteurM":3.5,"isErp":false}},{"type":"Feature","geometry":{"coordinates":[[[1.224188,43.295351],[1.2242,43.295352],[1.2242,43.295342],[1.224189,43.295337],[1.224188,43.295351]]],"type":"Polygon"},"properties":{"id":"BATIMENT0000000343239862","zoneCode":"GHg","zoneLabel":"Grise hachurée (aggravation glissement)","zoneColor":"#6E6E6E","concerne":true,"regime":"Constructions nouvelles : Autorisées, sous prescriptions de gestion des eaux (pas de nouveaux rejets infiltrés, réseaux étanches). Constructions existantes : Prescriptions identiques : maîtrise des rejets, étanchéité en cas de mise en charge des réseaux.","etudeGeotechniqueG2":false,"diagnostic":"Non concerné (hors zone inondable).","zoneRefuge":"Non applicable (zone hors risque inondation).","refugeCategorie":"Non applicable","zonesIntersectees":"GHg","etagePresent":"Non","etageSource":"estimé par la hauteur du bâti (4.0 m), fiabilité modérée","typologie":"Typologie indéterminée (donnée absente ou non exploitable)","eligibiliteFprnm":"Non déterminé - typologie non qualifiée en l'état, à vérifier sur site.","hauteurM":4.0,"isErp":false}},{"type":"Feature","geometry":{"coordinates":[[[1.22406,43.29533],[1.224064,43.295296],[1.224021,43.295281],[1.224016,43.295328],[1.22406,43.29533]]],"type":"Polygon"},"properties":{"id":"BATIMENT0000000343239863","zoneCode":"GHg","zoneLabel":"Grise hachurée (aggravation glissement)","zoneColor":"#6E6E6E","concerne":true,"regime":"Constructions nouvelles : Autorisées, sous prescriptions de gestion des eaux (pas de nouveaux rejets infiltrés, réseaux étanches). Constructions existantes : Prescriptions identiques : maîtrise des rejets, étanchéité en cas de mise en charge des réseaux.","etudeGeotechniqueG2":false,"diagnostic":"Non concerné (hors zone inondable).","zoneRefuge":"Non applicable (zone hors risque inondation).","refugeCategorie":"Non applicable","zonesIntersectees":"GHg","etagePresent":"Non","etageSource":"estimé par la hauteur du bâti (3.8 m), fiabilité modérée","typologie":"Typologie indéterminée (donnée absente ou non exploitable)","eligibiliteFprnm":"Non déterminé - typologie non qualifiée en l'état, à vérifier sur site.","hauteurM":3.8,"isErp":false}},{"type":"Feature","geometry":{"coordinates":[[[1.224071,43.295331],[1.22406,43.29533],[1.224059,43.295339],[1.224071,43.29534],[1.224071,43.295331]]],"type":"Polygon"},"properties":{"id":"BATIMENT0000000343239864","zoneCode":"GHg","zoneLabel":"Grise hachurée (aggravation glissement)","zoneColor":"#6E6E6E","concerne":true,"regime":"Constructions nouvelles : Autorisées, sous prescriptions de gestion des eaux (pas de nouveaux rejets infiltrés, réseaux étanches). Constructions existantes : Prescriptions identiques : maîtrise des rejets, étanchéité en cas de mise en charge des réseaux.","etudeGeotechniqueG2":false,"diagnostic":"Non concerné (hors zone inondable).","zoneRefuge":"Non applicable (zone hors risque inondation).","refugeCategorie":"Non applicable","zonesIntersectees":"GHg","etagePresent":"Non","etageSource":"estimé par la hauteur du bâti (1.6 m), fiabilité modérée","typologie":"Typologie indéterminée (donnée absente ou non exploitable)","eligibiliteFprnm":"Non déterminé - typologie non qualifiée en l'état, à vérifier sur site.","hauteurM":1.6,"isErp":false}},{"type":"Feature","geometry":{"coordinates":[[[1.224295,43.295065],[1.224246,43.295044],[1.224229,43.295051],[1.224176,43.294999],[1.224119,43.295025],[1.224042,43.294995],[1.223961,43.295039],[1.224033,43.295088],[1.224129,43.295105],[1.224202,43.295067],[1.224217,43.295087],[1.224241,43.295091],[1.224295,43.295065]]],"type":"Polygon"},"properties":{"id":"BATIMENT0000000343239865","zoneCode":"Rig","zoneLabel":"Rouge inondation + mouvement de terrain","zoneColor":"#B0001C","concerne":true,"regime":"Constructions nouvelles : Interdites, sauf exceptions très limitées (accès de sécurité, abris légers <20 m² une fois, locaux techniques agricoles, serres tunnel...). Cumul avec le régime Rg : étude géotechnique G2 exigée en plus pour les rares travaux autorisés. Constructions existantes : Extension limitée à 20 % de l'emprise existante, une seule fois depuis le 06/02/2018, plancher au-dessus des PHEC. Cumul avec les prescriptions Rg (étude géotechnique G2, pas de terrassement >0,5 m). Étude géotechnique G2 (norme NF P 94-500) obligatoire avant travaux, sauf exceptions ponctuelles prévues par le règlement.","etudeGeotechniqueG2":true,"diagnostic":"Non obligatoire pour l'habitat ; auto-diagnostic de vulnérabilité recommandé (à la charge du propriétaire).","zoneRefuge":"Conditionnelle : si le plancher ne peut pas être calé au-dessus des PHEC (impossibilité fonctionnelle dûment justifiée), un niveau refuge adapté est exigé (20 m² minimum pour une habitation, hauteur 1,80 m minimum, un refuge par logement/local, pas de refuge \"collectif\").","refugeCategorie":"Conditionnelle (impossibilité fonctionnelle à justifier)","zonesIntersectees":"GHg;Rig","etagePresent":"Oui","etageSource":"connu (BDNB Fichiers Fonciers nb_niveau=2)","typologie":"Maison individuelle","eligibiliteFprnm":"Éligible - habitation : Fonds Barnier (FPRNM) à 80 % des travaux de prévention prescrits par le PPRN, plafond légal national, sous réserve d'un bien existant avant le 21/06/2022.","nbLogements":1,"hauteurM":7.8,"isErp":false}},{"type":"Feature","geometry":{"coordinates":[[[1.223646,43.295346],[1.22364,43.295414],[1.223587,43.295412],[1.223594,43.295337],[1.223619,43.295338],[1.223617,43.295344],[1.223646,43.295346]]],"type":"Polygon"},"properties":{"id":"BATIMENT0000000343239866","zoneCode":"BFg","zoneLabel":"Bleue foncée mouvement de terrain","zoneColor":"#0033A0","concerne":true,"regime":"Constructions nouvelles : Interdites (seules les adaptations de l'existant sont possibles). Constructions existantes : Extension RDC <50 m² une fois depuis le 06/02/2018, changement de destination/aménagement sans augmenter la capacité d'accueil. Étude géotechnique G2 (norme NF P 94-500) obligatoire avant travaux, sauf exceptions ponctuelles prévues par le règlement.","etudeGeotechniqueG2":true,"diagnostic":"Non concerné (hors zone inondable).","zoneRefuge":"Non applicable (zone hors risque inondation).","refugeCategorie":"Non applicable","zonesIntersectees":"BFg;GHg","etagePresent":"Non","etageSource":"connu (BDNB Fichiers Fonciers nb_niveau=1)","typologie":"Annexe (non habitée)","typologieSource":"BDNB (Fichiers Fonciers)","eligibiliteFprnm":"Non déterminé - typologie non qualifiée en l'état, à vérifier sur site.","hauteurM":1.5,"isErp":false}},{"type":"Feature","geometry":{"coordinates":[[[1.22472,43.294789],[1.224674,43.294762],[1.224625,43.294799],[1.224666,43.294832],[1.22472,43.294789]]],"type":"Polygon"},"properties":{"id":"BATIMENT0000000343239867","zoneCode":"Rig","zoneLabel":"Rouge inondation + mouvement de terrain","zoneColor":"#B0001C","concerne":true,"regime":"Constructions nouvelles : Interdites, sauf exceptions très limitées (accès de sécurité, abris légers <20 m² une fois, locaux techniques agricoles, serres tunnel...). Cumul avec le régime Rg : étude géotechnique G2 exigée en plus pour les rares travaux autorisés. Constructions existantes : Extension limitée à 20 % de l'emprise existante, une seule fois depuis le 06/02/2018, plancher au-dessus des PHEC. Cumul avec les prescriptions Rg (étude géotechnique G2, pas de terrassement >0,5 m). Étude géotechnique G2 (norme NF P 94-500) obligatoire avant travaux, sauf exceptions ponctuelles prévues par le règlement.","etudeGeotechniqueG2":true,"diagnostic":"Non obligatoire pour l'habitat ; auto-diagnostic de vulnérabilité recommandé (à la charge du propriétaire).","zoneRefuge":"Conditionnelle : si le plancher ne peut pas être calé au-dessus des PHEC (impossibilité fonctionnelle dûment justifiée), un niveau refuge adapté est exigé (20 m² minimum pour une habitation, hauteur 1,80 m minimum, un refuge par logement/local, pas de refuge \"collectif\").","refugeCategorie":"Conditionnelle (impossibilité fonctionnelle à justifier)","zonesIntersectees":"GHg;Rig","etagePresent":"Oui","etageSource":"étage retenu par prudence (1 niveau(x) déclaré(s), incohérent avec la hauteur mesurée 6.7 m > seuil 5.30 m)","typologie":"Maison individuelle","eligibiliteFprnm":"Éligible - habitation : Fonds Barnier (FPRNM) à 80 % des travaux de prévention prescrits par le PPRN, plafond légal national, sous réserve d'un bien existant avant le 21/06/2022.","nbLogements":1,"hauteurM":6.7,"isErp":false}},{"type":"Feature","geometry":{"coordinates":[[[1.221815,43.293278],[1.221846,43.293253],[1.221874,43.293274],[1.221841,43.293297],[1.221815,43.293278]]],"type":"Polygon"},"properties":{"id":"BATIMENT0000000343239868","zoneCode":"Ri","zoneLabel":"Rouge inondation","zoneColor":"#E2001A","concerne":true,"regime":"Constructions nouvelles : Interdites, sauf exceptions très limitées (accès de sécurité, abris légers <20 m² une fois, locaux techniques agricoles, serres tunnel...). Constructions existantes : Extension limitée à 20 % de l'emprise existante, une seule fois depuis le 06/02/2018, plancher au-dessus des PHEC.","etudeGeotechniqueG2":false,"diagnostic":"Non obligatoire pour l'habitat ; auto-diagnostic de vulnérabilité recommandé (à la charge du propriétaire).","zoneRefuge":"Conditionnelle : si le plancher ne peut pas être calé au-dessus des PHEC (impossibilité fonctionnelle dûment justifiée), un niveau refuge adapté est exigé (20 m² minimum pour une habitation, hauteur 1,80 m minimum, un refuge par logement/local, pas de refuge \"collectif\").","refugeCategorie":"Conditionnelle (impossibilité fonctionnelle à justifier)","zonesIntersectees":"Ri","etagePresent":"Non","etageSource":"estimé par la hauteur du bâti (3.0 m), fiabilité modérée","typologie":"Typologie indéterminée (donnée absente ou non exploitable)","eligibiliteFprnm":"Non déterminé - typologie non qualifiée en l'état, à vérifier sur site.","hauteurM":3.0,"isErp":false}},{"type":"Feature","geometry":{"coordinates":[[[1.22304,43.293282],[1.223058,43.293261],[1.223098,43.293279],[1.223037,43.293349],[1.223021,43.293342],[1.223062,43.29329],[1.22304,43.293282]]],"type":"Polygon"},"properties":{"id":"BATIMENT0000000343239869","zoneCode":"Ri","zoneLabel":"Rouge inondation","zoneColor":"#E2001A","concerne":true,"regime":"Constructions nouvelles : Interdites, sauf exceptions très limitées (accès de sécurité, abris légers <20 m² une fois, locaux techniques agricoles, serres tunnel...). Constructions existantes : Extension limitée à 20 % de l'emprise existante, une seule fois depuis le 06/02/2018, plancher au-dessus des PHEC.","etudeGeotechniqueG2":false,"diagnostic":"Non obligatoire pour l'habitat ; auto-diagnostic de vulnérabilité recommandé (à la charge du propriétaire).","zoneRefuge":"Conditionnelle : si le plancher ne peut pas être calé au-dessus des PHEC (impossibilité fonctionnelle dûment justifiée), un niveau refuge adapté est exigé (20 m² minimum pour une habitation, hauteur 1,80 m minimum, un refuge par logement/local, pas de refuge \"collectif\").","refugeCategorie":"Conditionnelle (impossibilité fonctionnelle à justifier)","zonesIntersectees":"Ri","etagePresent":"Non","etageSource":"estimé par la hauteur du bâti (3.0 m), fiabilité modérée","typologie":"Typologie indéterminée (donnée absente ou non exploitable)","eligibiliteFprnm":"Non déterminé - typologie non qualifiée en l'état, à vérifier sur site.","hauteurM":3.0,"isErp":false}},{"type":"Feature","geometry":{"coordinates":[[[1.22304,43.293282],[1.223062,43.29329],[1.223021,43.293342],[1.222999,43.293333],[1.22304,43.293282]]],"type":"Polygon"},"properties":{"id":"BATIMENT0000000343239870","zoneCode":"Ri","zoneLabel":"Rouge inondation","zoneColor":"#E2001A","concerne":true,"regime":"Constructions nouvelles : Interdites, sauf exceptions très limitées (accès de sécurité, abris légers <20 m² une fois, locaux techniques agricoles, serres tunnel...). Constructions existantes : Extension limitée à 20 % de l'emprise existante, une seule fois depuis le 06/02/2018, plancher au-dessus des PHEC.","etudeGeotechniqueG2":false,"diagnostic":"Non obligatoire pour l'habitat ; auto-diagnostic de vulnérabilité recommandé (à la charge du propriétaire).","zoneRefuge":"Conditionnelle : si le plancher ne peut pas être calé au-dessus des PHEC (impossibilité fonctionnelle dûment justifiée), un niveau refuge adapté est exigé (20 m² minimum pour une habitation, hauteur 1,80 m minimum, un refuge par logement/local, pas de refuge \"collectif\").","refugeCategorie":"Conditionnelle (impossibilité fonctionnelle à justifier)","zonesIntersectees":"Ri","etagePresent":"Non","etageSource":"estimé par la hauteur du bâti (3.0 m), fiabilité modérée","typologie":"Typologie indéterminée (donnée absente ou non exploitable)","eligibiliteFprnm":"Non déterminé - typologie non qualifiée en l'état, à vérifier sur site.","hauteurM":3.0,"isErp":false}},{"type":"Feature","geometry":{"coordinates":[[[1.222869,43.293328],[1.222895,43.293316],[1.222917,43.293331],[1.222888,43.293345],[1.222869,43.293328]]],"type":"Polygon"},"properties":{"id":"BATIMENT0000000343239871","zoneCode":"Ri","zoneLabel":"Rouge inondation","zoneColor":"#E2001A","concerne":true,"regime":"Constructions nouvelles : Interdites, sauf exceptions très limitées (accès de sécurité, abris légers <20 m² une fois, locaux techniques agricoles, serres tunnel...). Constructions existantes : Extension limitée à 20 % de l'emprise existante, une seule fois depuis le 06/02/2018, plancher au-dessus des PHEC.","etudeGeotechniqueG2":false,"diagnostic":"Non obligatoire pour l'habitat ; auto-diagnostic de vulnérabilité recommandé (à la charge du propriétaire).","zoneRefuge":"Conditionnelle : si le plancher ne peut pas être calé au-dessus des PHEC (impossibilité fonctionnelle dûment justifiée), un niveau refuge adapté est exigé (20 m² minimum pour une habitation, hauteur 1,80 m minimum, un refuge par logement/local, pas de refuge \"collectif\").","refugeCategorie":"Conditionnelle (impossibilité fonctionnelle à justifier)","zonesIntersectees":"Ri","etagePresent":"Non","etageSource":"estimé par la hauteur du bâti (2.9 m), fiabilité modérée","typologie":"Typologie indéterminée (donnée absente ou non exploitable)","eligibiliteFprnm":"Non déterminé - typologie non qualifiée en l'état, à vérifier sur site.","hauteurM":2.9,"isErp":false}},{"type":"Feature","geometry":{"coordinates":[[[1.22121,43.293248],[1.221215,43.293269],[1.221246,43.293264],[1.221239,43.293243],[1.22121,43.293248]]],"type":"Polygon"},"properties":{"id":"BATIMENT0000000343239875","zoneCode":"Ri","zoneLabel":"Rouge inondation","zoneColor":"#E2001A","concerne":true,"regime":"Constructions nouvelles : Interdites, sauf exceptions très limitées (accès de sécurité, abris légers <20 m² une fois, locaux techniques agricoles, serres tunnel...). Constructions existantes : Extension limitée à 20 % de l'emprise existante, une seule fois depuis le 06/02/2018, plancher au-dessus des PHEC.","etudeGeotechniqueG2":false,"diagnostic":"Non obligatoire pour l'habitat ; auto-diagnostic de vulnérabilité recommandé (à la charge du propriétaire).","zoneRefuge":"Conditionnelle : si le plancher ne peut pas être calé au-dessus des PHEC (impossibilité fonctionnelle dûment justifiée), un niveau refuge adapté est exigé (20 m² minimum pour une habitation, hauteur 1,80 m minimum, un refuge par logement/local, pas de refuge \"collectif\").","refugeCategorie":"Conditionnelle (impossibilité fonctionnelle à justifier)","zonesIntersectees":"Ri","etagePresent":"Non","etageSource":"estimé par la hauteur du bâti (1.8 m), fiabilité modérée","typologie":"Typologie indéterminée (donnée absente ou non exploitable)","eligibiliteFprnm":"Non déterminé - typologie non qualifiée en l'état, à vérifier sur site.","hauteurM":1.8,"isErp":false}},{"type":"Feature","geometry":{"coordinates":[[[1.223215,43.293865],[1.223229,43.293883],[1.22325,43.293874],[1.223235,43.293857],[1.223215,43.293865]]],"type":"Polygon"},"properties":{"id":"BATIMENT0000000343239876","zoneCode":"Ri","zoneLabel":"Rouge inondation","zoneColor":"#E2001A","concerne":true,"regime":"Constructions nouvelles : Interdites, sauf exceptions très limitées (accès de sécurité, abris légers <20 m² une fois, locaux techniques agricoles, serres tunnel...). Constructions existantes : Extension limitée à 20 % de l'emprise existante, une seule fois depuis le 06/02/2018, plancher au-dessus des PHEC.","etudeGeotechniqueG2":false,"diagnostic":"Non obligatoire pour l'habitat ; auto-diagnostic de vulnérabilité recommandé (à la charge du propriétaire).","zoneRefuge":"Conditionnelle : si le plancher ne peut pas être calé au-dessus des PHEC (impossibilité fonctionnelle dûment justifiée), un niveau refuge adapté est exigé (20 m² minimum pour une habitation, hauteur 1,80 m minimum, un refuge par logement/local, pas de refuge \"collectif\").","refugeCategorie":"Conditionnelle (impossibilité fonctionnelle à justifier)","zonesIntersectees":"Ri","etagePresent":"Oui","etageSource":"estimé par la hauteur du bâti (6.8 m), fiabilité modérée","typologie":"Typologie indéterminée (donnée absente ou non exploitable)","eligibiliteFprnm":"Non déterminé - typologie non qualifiée en l'état, à vérifier sur site.","hauteurM":6.8,"isErp":false}},{"type":"Feature","geometry":{"coordinates":[[[1.223565,43.293514],[1.223586,43.293522],[1.223598,43.293507],[1.223578,43.2935],[1.223565,43.293514]]],"type":"Polygon"},"properties":{"id":"BATIMENT0000000343239877","zoneCode":"Ri","zoneLabel":"Rouge inondation","zoneColor":"#E2001A","concerne":true,"regime":"Constructions nouvelles : Interdites, sauf exceptions très limitées (accès de sécurité, abris légers <20 m² une fois, locaux techniques agricoles, serres tunnel...). Constructions existantes : Extension limitée à 20 % de l'emprise existante, une seule fois depuis le 06/02/2018, plancher au-dessus des PHEC.","etudeGeotechniqueG2":false,"diagnostic":"Non obligatoire pour l'habitat ; auto-diagnostic de vulnérabilité recommandé (à la charge du propriétaire).","zoneRefuge":"Conditionnelle : si le plancher ne peut pas être calé au-dessus des PHEC (impossibilité fonctionnelle dûment justifiée), un niveau refuge adapté est exigé (20 m² minimum pour une habitation, hauteur 1,80 m minimum, un refuge par logement/local, pas de refuge \"collectif\").","refugeCategorie":"Conditionnelle (impossibilité fonctionnelle à justifier)","zonesIntersectees":"Ri","etagePresent":"Non","etageSource":"estimé par la hauteur du bâti (1.6 m), fiabilité modérée","typologie":"Typologie indéterminée (donnée absente ou non exploitable)","eligibiliteFprnm":"Non déterminé - typologie non qualifiée en l'état, à vérifier sur site.","hauteurM":1.6,"isErp":false}},{"type":"Feature","geometry":{"coordinates":[[[1.224133,43.293526],[1.224161,43.293537],[1.224174,43.29352],[1.224145,43.29351],[1.224133,43.293526]]],"type":"Polygon"},"properties":{"id":"BATIMENT0000000343239878","zoneCode":"Ri","zoneLabel":"Rouge inondation","zoneColor":"#E2001A","concerne":true,"regime":"Constructions nouvelles : Interdites, sauf exceptions très limitées (accès de sécurité, abris légers <20 m² une fois, locaux techniques agricoles, serres tunnel...). Constructions existantes : Extension limitée à 20 % de l'emprise existante, une seule fois depuis le 06/02/2018, plancher au-dessus des PHEC.","etudeGeotechniqueG2":false,"diagnostic":"Non obligatoire pour l'habitat ; auto-diagnostic de vulnérabilité recommandé (à la charge du propriétaire).","zoneRefuge":"Conditionnelle : si le plancher ne peut pas être calé au-dessus des PHEC (impossibilité fonctionnelle dûment justifiée), un niveau refuge adapté est exigé (20 m² minimum pour une habitation, hauteur 1,80 m minimum, un refuge par logement/local, pas de refuge \"collectif\").","refugeCategorie":"Conditionnelle (impossibilité fonctionnelle à justifier)","zonesIntersectees":"Ri","etagePresent":"Non","etageSource":"estimé par la hauteur du bâti (2.6 m), fiabilité modérée","typologie":"Typologie indéterminée (donnée absente ou non exploitable)","eligibiliteFprnm":"Non déterminé - typologie non qualifiée en l'état, à vérifier sur site.","hauteurM":2.6,"isErp":false}},{"type":"Feature","geometry":{"coordinates":[[[1.223124,43.29353],[1.223136,43.293545],[1.223158,43.293536],[1.223146,43.29352],[1.223124,43.29353]]],"type":"Polygon"},"properties":{"id":"BATIMENT0000000343239880","zoneCode":"Ri","zoneLabel":"Rouge inondation","zoneColor":"#E2001A","concerne":true,"regime":"Constructions nouvelles : Interdites, sauf exceptions très limitées (accès de sécurité, abris légers <20 m² une fois, locaux techniques agricoles, serres tunnel...). Constructions existantes : Extension limitée à 20 % de l'emprise existante, une seule fois depuis le 06/02/2018, plancher au-dessus des PHEC.","etudeGeotechniqueG2":false,"diagnostic":"Non obligatoire pour l'habitat ; auto-diagnostic de vulnérabilité recommandé (à la charge du propriétaire).","zoneRefuge":"Conditionnelle : si le plancher ne peut pas être calé au-dessus des PHEC (impossibilité fonctionnelle dûment justifiée), un niveau refuge adapté est exigé (20 m² minimum pour une habitation, hauteur 1,80 m minimum, un refuge par logement/local, pas de refuge \"collectif\").","refugeCategorie":"Conditionnelle (impossibilité fonctionnelle à justifier)","zonesIntersectees":"Ri","etagePresent":"Non","etageSource":"estimé par la hauteur du bâti (2.2 m), fiabilité modérée","typologie":"Typologie indéterminée (donnée absente ou non exploitable)","eligibiliteFprnm":"Non déterminé - typologie non qualifiée en l'état, à vérifier sur site.","hauteurM":2.2,"isErp":false}},{"type":"Feature","geometry":{"coordinates":[[[1.2225,43.294115],[1.222514,43.294125],[1.222528,43.294113],[1.222515,43.294104],[1.2225,43.294115]]],"type":"Polygon"},"properties":{"id":"BATIMENT0000000343239881","zoneCode":"Ri","zoneLabel":"Rouge inondation","zoneColor":"#E2001A","concerne":true,"regime":"Constructions nouvelles : Interdites, sauf exceptions très limitées (accès de sécurité, abris légers <20 m² une fois, locaux techniques agricoles, serres tunnel...). Constructions existantes : Extension limitée à 20 % de l'emprise existante, une seule fois depuis le 06/02/2018, plancher au-dessus des PHEC.","etudeGeotechniqueG2":false,"diagnostic":"Non obligatoire pour l'habitat ; auto-diagnostic de vulnérabilité recommandé (à la charge du propriétaire).","zoneRefuge":"Conditionnelle : si le plancher ne peut pas être calé au-dessus des PHEC (impossibilité fonctionnelle dûment justifiée), un niveau refuge adapté est exigé (20 m² minimum pour une habitation, hauteur 1,80 m minimum, un refuge par logement/local, pas de refuge \"collectif\").","refugeCategorie":"Conditionnelle (impossibilité fonctionnelle à justifier)","zonesIntersectees":"Ri","etagePresent":"Non","etageSource":"estimé par la hauteur du bâti (2.7 m), fiabilité modérée","typologie":"Typologie indéterminée (donnée absente ou non exploitable)","eligibiliteFprnm":"Non déterminé - typologie non qualifiée en l'état, à vérifier sur site.","hauteurM":2.7,"isErp":false}},{"type":"Feature","geometry":{"coordinates":[[[1.223154,43.295469],[1.22313,43.295467],[1.223125,43.295503],[1.223149,43.295504],[1.223154,43.295469]]],"type":"Polygon"},"properties":{"id":"BATIMENT0000000343239882","zoneCode":"GHg","zoneLabel":"Grise hachurée (aggravation glissement)","zoneColor":"#6E6E6E","concerne":true,"regime":"Constructions nouvelles : Autorisées, sous prescriptions de gestion des eaux (pas de nouveaux rejets infiltrés, réseaux étanches). Constructions existantes : Prescriptions identiques : maîtrise des rejets, étanchéité en cas de mise en charge des réseaux.","etudeGeotechniqueG2":false,"diagnostic":"Non concerné (hors zone inondable).","zoneRefuge":"Non applicable (zone hors risque inondation).","refugeCategorie":"Non applicable","zonesIntersectees":"GHg","etagePresent":"Non","etageSource":"estimé par la hauteur du bâti (2.4 m), fiabilité modérée","typologie":"Typologie indéterminée (donnée absente ou non exploitable)","eligibiliteFprnm":"Non déterminé - typologie non qualifiée en l'état, à vérifier sur site.","hauteurM":2.4,"isErp":false}},{"type":"Feature","geometry":{"coordinates":[[[1.223799,43.295316],[1.223798,43.295336],[1.22382,43.295338],[1.223823,43.295312],[1.223799,43.295316]]],"type":"Polygon"},"properties":{"id":"BATIMENT0000000343239883","zoneCode":"GHg","zoneLabel":"Grise hachurée (aggravation glissement)","zoneColor":"#6E6E6E","concerne":true,"regime":"Constructions nouvelles : Autorisées, sous prescriptions de gestion des eaux (pas de nouveaux rejets infiltrés, réseaux étanches). Constructions existantes : Prescriptions identiques : maîtrise des rejets, étanchéité en cas de mise en charge des réseaux.","etudeGeotechniqueG2":false,"diagnostic":"Non concerné (hors zone inondable).","zoneRefuge":"Non applicable (zone hors risque inondation).","refugeCategorie":"Non applicable","zonesIntersectees":"GHg","etagePresent":"Non","etageSource":"estimé par la hauteur du bâti (4.1 m), fiabilité modérée","typologie":"Typologie indéterminée (donnée absente ou non exploitable)","eligibiliteFprnm":"Non déterminé - typologie non qualifiée en l'état, à vérifier sur site.","hauteurM":4.1,"isErp":false}},{"type":"Feature","geometry":{"coordinates":[[[1.223799,43.29532],[1.22378,43.29532],[1.223778,43.295335],[1.223798,43.295336],[1.223799,43.29532]]],"type":"Polygon"},"properties":{"id":"BATIMENT0000000343239884","zoneCode":"GHg","zoneLabel":"Grise hachurée (aggravation glissement)","zoneColor":"#6E6E6E","concerne":true,"regime":"Constructions nouvelles : Autorisées, sous prescriptions de gestion des eaux (pas de nouveaux rejets infiltrés, réseaux étanches). Constructions existantes : Prescriptions identiques : maîtrise des rejets, étanchéité en cas de mise en charge des réseaux.","etudeGeotechniqueG2":false,"diagnostic":"Non concerné (hors zone inondable).","zoneRefuge":"Non applicable (zone hors risque inondation).","refugeCategorie":"Non applicable","zonesIntersectees":"GHg","etagePresent":"Non","etageSource":"estimé par la hauteur du bâti (4.7 m), fiabilité modérée","typologie":"Typologie indéterminée (donnée absente ou non exploitable)","eligibiliteFprnm":"Non déterminé - typologie non qualifiée en l'état, à vérifier sur site.","hauteurM":4.7,"isErp":false}},{"type":"Feature","geometry":{"coordinates":[[[1.223719,43.295337],[1.223736,43.295338],[1.223737,43.295327],[1.223719,43.295327],[1.223719,43.295337]]],"type":"Polygon"},"properties":{"id":"BATIMENT0000000343239885","zoneCode":"BFg","zoneLabel":"Bleue foncée mouvement de terrain","zoneColor":"#0033A0","concerne":true,"regime":"Constructions nouvelles : Interdites (seules les adaptations de l'existant sont possibles). Constructions existantes : Extension RDC <50 m² une fois depuis le 06/02/2018, changement de destination/aménagement sans augmenter la capacité d'accueil. Étude géotechnique G2 (norme NF P 94-500) obligatoire avant travaux, sauf exceptions ponctuelles prévues par le règlement.","etudeGeotechniqueG2":true,"diagnostic":"Non concerné (hors zone inondable).","zoneRefuge":"Non applicable (zone hors risque inondation).","refugeCategorie":"Non applicable","zonesIntersectees":"BFg;GHg","etagePresent":"Oui","etageSource":"estimé par la hauteur du bâti (5.5 m), fiabilité modérée","typologie":"Typologie indéterminée (donnée absente ou non exploitable)","eligibiliteFprnm":"Non déterminé - typologie non qualifiée en l'état, à vérifier sur site.","hauteurM":5.5,"isErp":false}},{"type":"Feature","geometry":{"coordinates":[[[1.223154,43.295469],[1.223156,43.295448],[1.223133,43.295447],[1.22313,43.295467],[1.223154,43.295469]]],"type":"Polygon"},"properties":{"id":"BATIMENT0000000343239886","zoneCode":"GHg","zoneLabel":"Grise hachurée (aggravation glissement)","zoneColor":"#6E6E6E","concerne":true,"regime":"Constructions nouvelles : Autorisées, sous prescriptions de gestion des eaux (pas de nouveaux rejets infiltrés, réseaux étanches). Constructions existantes : Prescriptions identiques : maîtrise des rejets, étanchéité en cas de mise en charge des réseaux.","etudeGeotechniqueG2":false,"diagnostic":"Non concerné (hors zone inondable).","zoneRefuge":"Non applicable (zone hors risque inondation).","refugeCategorie":"Non applicable","zonesIntersectees":"GHg","etagePresent":"Non","etageSource":"connu (BD TOPO nombre_d_etages)","typologie":"Annexe (non habitée)","eligibiliteFprnm":"Non déterminé - typologie non qualifiée en l'état, à vérifier sur site.","nbLogements":0,"hauteurM":1.7,"isErp":false}},{"type":"Feature","geometry":{"coordinates":[[[1.224709,43.294447],[1.224695,43.294464],[1.224676,43.294453],[1.224689,43.294439],[1.224709,43.294447]]],"type":"Polygon"},"properties":{"id":"BATIMENT0000000343239887","zoneCode":"Ri","zoneLabel":"Rouge inondation","zoneColor":"#E2001A","concerne":true,"regime":"Constructions nouvelles : Interdites, sauf exceptions très limitées (accès de sécurité, abris légers <20 m² une fois, locaux techniques agricoles, serres tunnel...). Constructions existantes : Extension limitée à 20 % de l'emprise existante, une seule fois depuis le 06/02/2018, plancher au-dessus des PHEC.","etudeGeotechniqueG2":false,"diagnostic":"Non obligatoire pour l'habitat ; auto-diagnostic de vulnérabilité recommandé (à la charge du propriétaire).","zoneRefuge":"Conditionnelle : si le plancher ne peut pas être calé au-dessus des PHEC (impossibilité fonctionnelle dûment justifiée), un niveau refuge adapté est exigé (20 m² minimum pour une habitation, hauteur 1,80 m minimum, un refuge par logement/local, pas de refuge \"collectif\").","refugeCategorie":"Conditionnelle (impossibilité fonctionnelle à justifier)","zonesIntersectees":"Ri","etagePresent":"Inconnu","etageSource":"aucune donnée disponible","typologie":"Typologie indéterminée (donnée absente ou non exploitable)","eligibiliteFprnm":"Non déterminé - typologie non qualifiée en l'état, à vérifier sur site.","isErp":false}},{"type":"Feature","geometry":{"coordinates":[[[1.224873,43.294698],[1.224914,43.29471],[1.224924,43.294693],[1.224887,43.294681],[1.224873,43.294698]]],"type":"Polygon"},"properties":{"id":"BATIMENT0000000343239889","zoneCode":"Rig","zoneLabel":"Rouge inondation + mouvement de terrain","zoneColor":"#B0001C","concerne":true,"regime":"Constructions nouvelles : Interdites, sauf exceptions très limitées (accès de sécurité, abris légers <20 m² une fois, locaux techniques agricoles, serres tunnel...). Cumul avec le régime Rg : étude géotechnique G2 exigée en plus pour les rares travaux autorisés. Constructions existantes : Extension limitée à 20 % de l'emprise existante, une seule fois depuis le 06/02/2018, plancher au-dessus des PHEC. Cumul avec les prescriptions Rg (étude géotechnique G2, pas de terrassement >0,5 m). Étude géotechnique G2 (norme NF P 94-500) obligatoire avant travaux, sauf exceptions ponctuelles prévues par le règlement.","etudeGeotechniqueG2":true,"diagnostic":"Non obligatoire pour l'habitat ; auto-diagnostic de vulnérabilité recommandé (à la charge du propriétaire).","zoneRefuge":"Conditionnelle : si le plancher ne peut pas être calé au-dessus des PHEC (impossibilité fonctionnelle dûment justifiée), un niveau refuge adapté est exigé (20 m² minimum pour une habitation, hauteur 1,80 m minimum, un refuge par logement/local, pas de refuge \"collectif\").","refugeCategorie":"Conditionnelle (impossibilité fonctionnelle à justifier)","zonesIntersectees":"GHg;Rig","etagePresent":"Non","etageSource":"estimé par la hauteur du bâti (1.8 m), fiabilité modérée","typologie":"Typologie indéterminée (donnée absente ou non exploitable)","eligibiliteFprnm":"Non déterminé - typologie non qualifiée en l'état, à vérifier sur site.","hauteurM":1.8,"isErp":false}},{"type":"Feature","geometry":{"coordinates":[[[1.225132,43.29443],[1.225139,43.294416],[1.225099,43.294405],[1.225091,43.29442],[1.225132,43.29443]]],"type":"Polygon"},"properties":{"id":"BATIMENT0000000343239890","zoneCode":"Rig","zoneLabel":"Rouge inondation + mouvement de terrain","zoneColor":"#B0001C","concerne":true,"regime":"Constructions nouvelles : Interdites, sauf exceptions très limitées (accès de sécurité, abris légers <20 m² une fois, locaux techniques agricoles, serres tunnel...). Cumul avec le régime Rg : étude géotechnique G2 exigée en plus pour les rares travaux autorisés. Constructions existantes : Extension limitée à 20 % de l'emprise existante, une seule fois depuis le 06/02/2018, plancher au-dessus des PHEC. Cumul avec les prescriptions Rg (étude géotechnique G2, pas de terrassement >0,5 m). Étude géotechnique G2 (norme NF P 94-500) obligatoire avant travaux, sauf exceptions ponctuelles prévues par le règlement.","etudeGeotechniqueG2":true,"diagnostic":"Non obligatoire pour l'habitat ; auto-diagnostic de vulnérabilité recommandé (à la charge du propriétaire).","zoneRefuge":"Conditionnelle : si le plancher ne peut pas être calé au-dessus des PHEC (impossibilité fonctionnelle dûment justifiée), un niveau refuge adapté est exigé (20 m² minimum pour une habitation, hauteur 1,80 m minimum, un refuge par logement/local, pas de refuge \"collectif\").","refugeCategorie":"Conditionnelle (impossibilité fonctionnelle à justifier)","zonesIntersectees":"Rig","etagePresent":"Non","etageSource":"estimé par la hauteur du bâti (3.1 m), fiabilité modérée","typologie":"Typologie indéterminée (donnée absente ou non exploitable)","eligibiliteFprnm":"Non déterminé - typologie non qualifiée en l'état, à vérifier sur site.","hauteurM":3.1,"isErp":false}},{"type":"Feature","geometry":{"coordinates":[[[1.225097,43.294337],[1.225115,43.294342],[1.225122,43.29433],[1.225104,43.294325],[1.225097,43.294337]]],"type":"Polygon"},"properties":{"id":"BATIMENT0000000343239891","zoneCode":"Rig","zoneLabel":"Rouge inondation + mouvement de terrain","zoneColor":"#B0001C","concerne":true,"regime":"Constructions nouvelles : Interdites, sauf exceptions très limitées (accès de sécurité, abris légers <20 m² une fois, locaux techniques agricoles, serres tunnel...). Cumul avec le régime Rg : étude géotechnique G2 exigée en plus pour les rares travaux autorisés. Constructions existantes : Extension limitée à 20 % de l'emprise existante, une seule fois depuis le 06/02/2018, plancher au-dessus des PHEC. Cumul avec les prescriptions Rg (étude géotechnique G2, pas de terrassement >0,5 m). Étude géotechnique G2 (norme NF P 94-500) obligatoire avant travaux, sauf exceptions ponctuelles prévues par le règlement.","etudeGeotechniqueG2":true,"diagnostic":"Non obligatoire pour l'habitat ; auto-diagnostic de vulnérabilité recommandé (à la charge du propriétaire).","zoneRefuge":"Conditionnelle : si le plancher ne peut pas être calé au-dessus des PHEC (impossibilité fonctionnelle dûment justifiée), un niveau refuge adapté est exigé (20 m² minimum pour une habitation, hauteur 1,80 m minimum, un refuge par logement/local, pas de refuge \"collectif\").","refugeCategorie":"Conditionnelle (impossibilité fonctionnelle à justifier)","zonesIntersectees":"Rig","etagePresent":"Non","etageSource":"estimé par la hauteur du bâti (2.2 m), fiabilité modérée","typologie":"Typologie indéterminée (donnée absente ou non exploitable)","eligibiliteFprnm":"Non déterminé - typologie non qualifiée en l'état, à vérifier sur site.","hauteurM":2.2,"isErp":false}},{"type":"Feature","geometry":{"coordinates":[[[1.225563,43.294544],[1.225596,43.294461],[1.225458,43.294428],[1.225442,43.294461],[1.225395,43.29445],[1.225411,43.294415],[1.225247,43.294375],[1.225236,43.294391],[1.225218,43.294388],[1.225208,43.294405],[1.225223,43.294409],[1.225197,43.294448],[1.225563,43.294544]]],"type":"Polygon"},"properties":{"id":"BATIMENT0000000343239895","zoneCode":"GHg","zoneLabel":"Grise hachurée (aggravation glissement)","zoneColor":"#6E6E6E","concerne":true,"regime":"Constructions nouvelles : Autorisées, sous prescriptions de gestion des eaux (pas de nouveaux rejets infiltrés, réseaux étanches). Constructions existantes : Prescriptions identiques : maîtrise des rejets, étanchéité en cas de mise en charge des réseaux.","etudeGeotechniqueG2":false,"diagnostic":"Non concerné (hors zone inondable).","zoneRefuge":"Non applicable (zone hors risque inondation).","refugeCategorie":"Non applicable","zonesIntersectees":"GHg","etagePresent":"Oui","etageSource":"connu (BDNB Fichiers Fonciers nb_niveau=3)","typologie":"Logement collectif (4 logements)","eligibiliteFprnm":"Éligible - habitation : Fonds Barnier (FPRNM) à 80 % des travaux de prévention prescrits par le PPRN, plafond légal national, sous réserve d'un bien existant avant le 21/06/2022.","nbLogements":4,"hauteurM":14.2,"isErp":false}},{"type":"Feature","geometry":{"coordinates":[[[1.225484,43.294372],[1.225441,43.294362],[1.225417,43.294417],[1.225458,43.294428],[1.225484,43.294372]]],"type":"Polygon"},"properties":{"id":"BATIMENT0000000343239896","zoneCode":"GHg","zoneLabel":"Grise hachurée (aggravation glissement)","zoneColor":"#6E6E6E","concerne":true,"regime":"Constructions nouvelles : Autorisées, sous prescriptions de gestion des eaux (pas de nouveaux rejets infiltrés, réseaux étanches). Constructions existantes : Prescriptions identiques : maîtrise des rejets, étanchéité en cas de mise en charge des réseaux.","etudeGeotechniqueG2":false,"diagnostic":"Non concerné (hors zone inondable).","zoneRefuge":"Non applicable (zone hors risque inondation).","refugeCategorie":"Non applicable","zonesIntersectees":"GHg","etagePresent":"Oui","etageSource":"connu (BDNB Fichiers Fonciers nb_niveau=2)","typologie":"Logement collectif (3 logements)","typologieSource":"BDNB (Fichiers Fonciers)","eligibiliteFprnm":"Éligible - habitation : Fonds Barnier (FPRNM) à 80 % des travaux de prévention prescrits par le PPRN, plafond légal national, sous réserve d'un bien existant avant le 21/06/2022.","hauteurM":8.4,"isErp":false}},{"type":"Feature","geometry":{"coordinates":[[[1.225417,43.294417],[1.225441,43.294362],[1.225484,43.294372],[1.225458,43.294428],[1.225596,43.294461],[1.225661,43.294305],[1.225353,43.294225],[1.225247,43.294375],[1.225417,43.294417]]],"type":"Polygon"},"properties":{"id":"BATIMENT0000000343239897","zoneCode":"GHg","zoneLabel":"Grise hachurée (aggravation glissement)","zoneColor":"#6E6E6E","concerne":true,"regime":"Constructions nouvelles : Autorisées, sous prescriptions de gestion des eaux (pas de nouveaux rejets infiltrés, réseaux étanches). Constructions existantes : Prescriptions identiques : maîtrise des rejets, étanchéité en cas de mise en charge des réseaux.","etudeGeotechniqueG2":false,"diagnostic":"Non concerné (hors zone inondable).","zoneRefuge":"Non applicable (zone hors risque inondation).","refugeCategorie":"Non applicable","zonesIntersectees":"GHg","etagePresent":"Oui","etageSource":"connu (BDNB Fichiers Fonciers nb_niveau=2)","typologie":"Logement collectif (3 logements)","eligibiliteFprnm":"Éligible - habitation : Fonds Barnier (FPRNM) à 80 % des travaux de prévention prescrits par le PPRN, plafond légal national, sous réserve d'un bien existant avant le 21/06/2022.","nbLogements":3,"hauteurM":14.8,"isErp":false}},{"type":"Feature","geometry":{"coordinates":[[[1.225726,43.294148],[1.225637,43.294126],[1.225615,43.294165],[1.225435,43.294119],[1.225413,43.294152],[1.225572,43.294195],[1.225543,43.294274],[1.225661,43.294305],[1.225726,43.294148]]],"type":"Polygon"},"properties":{"id":"BATIMENT0000000343239916","zoneCode":"GHg","zoneLabel":"Grise hachurée (aggravation glissement)","zoneColor":"#6E6E6E","concerne":true,"regime":"Constructions nouvelles : Autorisées, sous prescriptions de gestion des eaux (pas de nouveaux rejets infiltrés, réseaux étanches). Constructions existantes : Prescriptions identiques : maîtrise des rejets, étanchéité en cas de mise en charge des réseaux.","etudeGeotechniqueG2":false,"diagnostic":"Non concerné (hors zone inondable).","zoneRefuge":"Non applicable (zone hors risque inondation).","refugeCategorie":"Non applicable","zonesIntersectees":"GHg","etagePresent":"Oui","etageSource":"connu (BDNB Fichiers Fonciers nb_niveau=3)","typologie":"Logement collectif (3 logements)","eligibiliteFprnm":"Éligible - habitation : Fonds Barnier (FPRNM) à 80 % des travaux de prévention prescrits par le PPRN, plafond légal national, sous réserve d'un bien existant avant le 21/06/2022.","nbLogements":3,"hauteurM":14.2,"isErp":false}},{"type":"Feature","geometry":{"coordinates":[[[1.225655,43.294061],[1.225642,43.294078],[1.225591,43.294063],[1.225668,43.293921],[1.225723,43.293934],[1.225715,43.293956],[1.225797,43.29398],[1.22583,43.293889],[1.225624,43.293829],[1.225594,43.293875],[1.225489,43.293845],[1.225483,43.293857],[1.225581,43.29389],[1.225465,43.294073],[1.225533,43.294095],[1.225521,43.294121],[1.225447,43.294103],[1.225461,43.294078],[1.225427,43.29407],[1.225398,43.29408],[1.225384,43.294106],[1.225615,43.294165],[1.225637,43.294126],[1.225726,43.294148],[1.225754,43.294083],[1.225655,43.294061]]],"type":"Polygon"},"properties":{"id":"BATIMENT0000000343239917","zoneCode":"GHg","zoneLabel":"Grise hachurée (aggravation glissement)","zoneColor":"#6E6E6E","concerne":true,"regime":"Constructions nouvelles : Autorisées, sous prescriptions de gestion des eaux (pas de nouveaux rejets infiltrés, réseaux étanches). Constructions existantes : Prescriptions identiques : maîtrise des rejets, étanchéité en cas de mise en charge des réseaux.","etudeGeotechniqueG2":false,"diagnostic":"Non concerné (hors zone inondable).","zoneRefuge":"Non applicable (zone hors risque inondation).","refugeCategorie":"Non applicable","zonesIntersectees":"GHg","etagePresent":"Oui","etageSource":"connu (BDNB Fichiers Fonciers nb_niveau=3)","typologie":"Logement collectif (3 logements)","eligibiliteFprnm":"Éligible - habitation : Fonds Barnier (FPRNM) à 80 % des travaux de prévention prescrits par le PPRN, plafond légal national, sous réserve d'un bien existant avant le 21/06/2022.","nbLogements":3,"hauteurM":15.4,"isErp":false}},{"type":"Feature","geometry":{"coordinates":[[[1.225401,43.294238],[1.225411,43.29422],[1.225371,43.294208],[1.225353,43.294225],[1.225401,43.294238]]],"type":"Polygon"},"properties":{"id":"BATIMENT0000000343239918","zoneCode":"GHg","zoneLabel":"Grise hachurée (aggravation glissement)","zoneColor":"#6E6E6E","concerne":true,"regime":"Constructions nouvelles : Autorisées, sous prescriptions de gestion des eaux (pas de nouveaux rejets infiltrés, réseaux étanches). Constructions existantes : Prescriptions identiques : maîtrise des rejets, étanchéité en cas de mise en charge des réseaux.","etudeGeotechniqueG2":false,"diagnostic":"Non concerné (hors zone inondable).","zoneRefuge":"Non applicable (zone hors risque inondation).","refugeCategorie":"Non applicable","zonesIntersectees":"GHg","etagePresent":"Oui","etageSource":"estimé par la hauteur du bâti (8.3 m), fiabilité modérée","typologie":"Typologie indéterminée (donnée absente ou non exploitable)","eligibiliteFprnm":"Non déterminé - typologie non qualifiée en l'état, à vérifier sur site.","hauteurM":8.3,"isErp":false}},{"type":"Feature","geometry":{"coordinates":[[[1.226083,43.293336],[1.225936,43.293311],[1.225957,43.293256],[1.226102,43.29328],[1.226083,43.293336]]],"type":"Polygon"},"properties":{"id":"BATIMENT0000000343239919","zoneCode":"GHg","zoneLabel":"Grise hachurée (aggravation glissement)","zoneColor":"#6E6E6E","concerne":true,"regime":"Constructions nouvelles : Autorisées, sous prescriptions de gestion des eaux (pas de nouveaux rejets infiltrés, réseaux étanches). Constructions existantes : Prescriptions identiques : maîtrise des rejets, étanchéité en cas de mise en charge des réseaux.","etudeGeotechniqueG2":false,"diagnostic":"Non concerné (hors zone inondable).","zoneRefuge":"Non applicable (zone hors risque inondation).","refugeCategorie":"Non applicable","zonesIntersectees":"GHg","etagePresent":"Oui","etageSource":"connu (BDNB Fichiers Fonciers nb_niveau=2)","typologie":"Maison individuelle","eligibiliteFprnm":"Éligible - habitation : Fonds Barnier (FPRNM) à 80 % des travaux de prévention prescrits par le PPRN, plafond légal national, sous réserve d'un bien existant avant le 21/06/2022.","nbLogements":1,"hauteurM":12.1,"isErp":false}},{"type":"Feature","geometry":{"coordinates":[[[1.225975,43.293318],[1.226083,43.293336],[1.226057,43.293416],[1.225933,43.293392],[1.225944,43.293353],[1.225963,43.293356],[1.22596,43.293367],[1.225979,43.293371],[1.225993,43.293334],[1.225972,43.293329],[1.225975,43.293318]]],"type":"Polygon"},"properties":{"id":"BATIMENT0000000343239920","zoneCode":"GHg","zoneLabel":"Grise hachurée (aggravation glissement)","zoneColor":"#6E6E6E","concerne":true,"regime":"Constructions nouvelles : Autorisées, sous prescriptions de gestion des eaux (pas de nouveaux rejets infiltrés, réseaux étanches). Constructions existantes : Prescriptions identiques : maîtrise des rejets, étanchéité en cas de mise en charge des réseaux.","etudeGeotechniqueG2":false,"diagnostic":"Non concerné (hors zone inondable).","zoneRefuge":"Non applicable (zone hors risque inondation).","refugeCategorie":"Non applicable","zonesIntersectees":"GHg","etagePresent":"Oui","etageSource":"connu (BDNB Fichiers Fonciers nb_niveau=2)","typologie":"Maison individuelle","eligibiliteFprnm":"Éligible - habitation : Fonds Barnier (FPRNM) à 80 % des travaux de prévention prescrits par le PPRN, plafond légal national, sous réserve d'un bien existant avant le 21/06/2022.","nbLogements":1,"hauteurM":12.5,"isErp":false}},{"type":"Feature","geometry":{"coordinates":[[[1.225933,43.293392],[1.226057,43.293416],[1.226034,43.293489],[1.225877,43.293458],[1.225889,43.293425],[1.225957,43.29344],[1.225962,43.293428],[1.225925,43.29342],[1.225933,43.293392]]],"type":"Polygon"},"properties":{"id":"BATIMENT0000000343239921","zoneCode":"GHg","zoneLabel":"Grise hachurée (aggravation glissement)","zoneColor":"#6E6E6E","concerne":true,"regime":"Constructions nouvelles : Autorisées, sous prescriptions de gestion des eaux (pas de nouveaux rejets infiltrés, réseaux étanches). Constructions existantes : Prescriptions identiques : maîtrise des rejets, étanchéité en cas de mise en charge des réseaux.","etudeGeotechniqueG2":false,"diagnostic":"Non concerné (hors zone inondable).","zoneRefuge":"Non applicable (zone hors risque inondation).","refugeCategorie":"Non applicable","zonesIntersectees":"GHg","etagePresent":"Oui","etageSource":"connu (BDNB Fichiers Fonciers nb_niveau=2)","typologie":"Maison individuelle","eligibiliteFprnm":"Éligible - habitation : Fonds Barnier (FPRNM) à 80 % des travaux de prévention prescrits par le PPRN, plafond légal national, sous réserve d'un bien existant avant le 21/06/2022.","nbLogements":1,"hauteurM":12.7,"isErp":false}},{"type":"Feature","geometry":{"coordinates":[[[1.225863,43.293494],[1.225877,43.293458],[1.226034,43.293489],[1.22602,43.293526],[1.225863,43.293494]]],"type":"Polygon"},"properties":{"id":"BATIMENT0000000343239922","zoneCode":"GHg","zoneLabel":"Grise hachurée (aggravation glissement)","zoneColor":"#6E6E6E","concerne":true,"regime":"Constructions nouvelles : Autorisées, sous prescriptions de gestion des eaux (pas de nouveaux rejets infiltrés, réseaux étanches). Constructions existantes : Prescriptions identiques : maîtrise des rejets, étanchéité en cas de mise en charge des réseaux.","etudeGeotechniqueG2":false,"diagnostic":"Non concerné (hors zone inondable).","zoneRefuge":"Non applicable (zone hors risque inondation).","refugeCategorie":"Non applicable","zonesIntersectees":"GHg","etagePresent":"Oui","etageSource":"connu (BDNB Fichiers Fonciers nb_niveau=2)","typologie":"Maison individuelle","eligibiliteFprnm":"Éligible - habitation : Fonds Barnier (FPRNM) à 80 % des travaux de prévention prescrits par le PPRN, plafond légal national, sous réserve d'un bien existant avant le 21/06/2022.","nbLogements":1,"hauteurM":14.0,"isErp":false}},{"type":"Feature","geometry":{"coordinates":[[[1.225863,43.293494],[1.225845,43.293548],[1.226001,43.29358],[1.22602,43.293526],[1.225863,43.293494]]],"type":"Polygon"},"properties":{"id":"BATIMENT0000000343239923","zoneCode":"GHg","zoneLabel":"Grise hachurée (aggravation glissement)","zoneColor":"#6E6E6E","concerne":true,"regime":"Constructions nouvelles : Autorisées, sous prescriptions de gestion des eaux (pas de nouveaux rejets infiltrés, réseaux étanches). Constructions existantes : Prescriptions identiques : maîtrise des rejets, étanchéité en cas de mise en charge des réseaux.","etudeGeotechniqueG2":false,"diagnostic":"Non concerné (hors zone inondable).","zoneRefuge":"Non applicable (zone hors risque inondation).","refugeCategorie":"Non applicable","zonesIntersectees":"GHg","etagePresent":"Oui","etageSource":"connu (BDNB Fichiers Fonciers nb_niveau=3)","typologie":"Maison individuelle","eligibiliteFprnm":"Éligible - habitation : Fonds Barnier (FPRNM) à 80 % des travaux de prévention prescrits par le PPRN, plafond légal national, sous réserve d'un bien existant avant le 21/06/2022.","nbLogements":1,"hauteurM":14.3,"isErp":false}},{"type":"Feature","geometry":{"coordinates":[[[1.225933,43.293392],[1.225944,43.293353],[1.225917,43.293348],[1.225904,43.293386],[1.225933,43.293392]]],"type":"Polygon"},"properties":{"id":"BATIMENT0000000343239924","zoneCode":"GHg","zoneLabel":"Grise hachurée (aggravation glissement)","zoneColor":"#6E6E6E","concerne":true,"regime":"Constructions nouvelles : Autorisées, sous prescriptions de gestion des eaux (pas de nouveaux rejets infiltrés, réseaux étanches). Constructions existantes : Prescriptions identiques : maîtrise des rejets, étanchéité en cas de mise en charge des réseaux.","etudeGeotechniqueG2":false,"diagnostic":"Non concerné (hors zone inondable).","zoneRefuge":"Non applicable (zone hors risque inondation).","refugeCategorie":"Non applicable","zonesIntersectees":"GHg","etagePresent":"Oui","etageSource":"estimé par la hauteur du bâti (6.2 m), fiabilité modérée","typologie":"Typologie indéterminée (donnée absente ou non exploitable)","eligibiliteFprnm":"Non déterminé - typologie non qualifiée en l'état, à vérifier sur site.","hauteurM":6.2,"isErp":false}},{"type":"Feature","geometry":{"coordinates":[[[1.225845,43.293548],[1.225812,43.293647],[1.225785,43.293642],[1.225769,43.29369],[1.225793,43.293695],[1.225798,43.293685],[1.225953,43.293716],[1.226001,43.29358],[1.225845,43.293548]]],"type":"Polygon"},"properties":{"id":"BATIMENT0000000343239925","zoneCode":"Bg","zoneLabel":"Bleue mouvement de terrain","zoneColor":"#7EC8E3","concerne":true,"regime":"Constructions nouvelles : Autorisées (aucune interdiction d'occupation du sol). Constructions existantes : Autorisées, sous réserve de l'étude géotechnique G2. Étude géotechnique G2 (norme NF P 94-500) obligatoire avant travaux, sauf exceptions ponctuelles prévues par le règlement.","etudeGeotechniqueG2":true,"diagnostic":"Non concerné (hors zone inondable).","zoneRefuge":"Non applicable (zone hors risque inondation).","refugeCategorie":"Non applicable","zonesIntersectees":"Bg;GHg","etagePresent":"Oui","etageSource":"estimé par la hauteur du bâti (11.5 m), fiabilité modérée","typologie":"Typologie indéterminée (donnée absente ou non exploitable)","eligibiliteFprnm":"Non déterminé - typologie non qualifiée en l'état, à vérifier sur site.","hauteurM":11.5,"isErp":false}},{"type":"Feature","geometry":{"coordinates":[[[1.225785,43.293642],[1.225812,43.293647],[1.225828,43.293596],[1.225801,43.293591],[1.225785,43.293642]]],"type":"Polygon"},"properties":{"id":"BATIMENT0000000343239926","zoneCode":"GHg","zoneLabel":"Grise hachurée (aggravation glissement)","zoneColor":"#6E6E6E","concerne":true,"regime":"Constructions nouvelles : Autorisées, sous prescriptions de gestion des eaux (pas de nouveaux rejets infiltrés, réseaux étanches). Constructions existantes : Prescriptions identiques : maîtrise des rejets, étanchéité en cas de mise en charge des réseaux.","etudeGeotechniqueG2":false,"diagnostic":"Non concerné (hors zone inondable).","zoneRefuge":"Non applicable (zone hors risque inondation).","refugeCategorie":"Non applicable","zonesIntersectees":"GHg","etagePresent":"Oui","etageSource":"estimé par la hauteur du bâti (10.3 m), fiabilité modérée","typologie":"Typologie indéterminée (donnée absente ou non exploitable)","eligibiliteFprnm":"Non déterminé - typologie non qualifiée en l'état, à vérifier sur site.","hauteurM":10.3,"isErp":false}},{"type":"Feature","geometry":{"coordinates":[[[1.225462,43.293498],[1.225618,43.293529],[1.225602,43.293572],[1.225528,43.293557],[1.225494,43.293569],[1.225471,43.293622],[1.225413,43.293606],[1.225462,43.293498]]],"type":"Polygon"},"properties":{"id":"BATIMENT0000000343239938","zoneCode":"Rig","zoneLabel":"Rouge inondation + mouvement de terrain","zoneColor":"#B0001C","concerne":true,"regime":"Constructions nouvelles : Interdites, sauf exceptions très limitées (accès de sécurité, abris légers <20 m² une fois, locaux techniques agricoles, serres tunnel...). Cumul avec le régime Rg : étude géotechnique G2 exigée en plus pour les rares travaux autorisés. Constructions existantes : Extension limitée à 20 % de l'emprise existante, une seule fois depuis le 06/02/2018, plancher au-dessus des PHEC. Cumul avec les prescriptions Rg (étude géotechnique G2, pas de terrassement >0,5 m). Étude géotechnique G2 (norme NF P 94-500) obligatoire avant travaux, sauf exceptions ponctuelles prévues par le règlement.","etudeGeotechniqueG2":true,"diagnostic":"Non obligatoire pour l'habitat ; auto-diagnostic de vulnérabilité recommandé (à la charge du propriétaire).","zoneRefuge":"Conditionnelle : si le plancher ne peut pas être calé au-dessus des PHEC (impossibilité fonctionnelle dûment justifiée), un niveau refuge adapté est exigé (20 m² minimum pour une habitation, hauteur 1,80 m minimum, un refuge par logement/local, pas de refuge \"collectif\").","refugeCategorie":"Conditionnelle (impossibilité fonctionnelle à justifier)","zonesIntersectees":"GHi;Ri;Rig","etagePresent":"Oui","etageSource":"estimé par la hauteur du bâti (10.1 m), fiabilité modérée","typologie":"Typologie indéterminée (donnée absente ou non exploitable)","eligibiliteFprnm":"Non déterminé - typologie non qualifiée en l'état, à vérifier sur site.","hauteurM":10.1,"isErp":false}},{"type":"Feature","geometry":{"coordinates":[[[1.225453,43.293466],[1.22546,43.293447],[1.225431,43.293442],[1.225425,43.293461],[1.225453,43.293466]]],"type":"Polygon"},"properties":{"id":"BATIMENT0000000343239944","zoneCode":"Ri","zoneLabel":"Rouge inondation","zoneColor":"#E2001A","concerne":true,"regime":"Constructions nouvelles : Interdites, sauf exceptions très limitées (accès de sécurité, abris légers <20 m² une fois, locaux techniques agricoles, serres tunnel...). Constructions existantes : Extension limitée à 20 % de l'emprise existante, une seule fois depuis le 06/02/2018, plancher au-dessus des PHEC.","etudeGeotechniqueG2":false,"diagnostic":"Non obligatoire pour l'habitat ; auto-diagnostic de vulnérabilité recommandé (à la charge du propriétaire).","zoneRefuge":"Conditionnelle : si le plancher ne peut pas être calé au-dessus des PHEC (impossibilité fonctionnelle dûment justifiée), un niveau refuge adapté est exigé (20 m² minimum pour une habitation, hauteur 1,80 m minimum, un refuge par logement/local, pas de refuge \"collectif\").","refugeCategorie":"Conditionnelle (impossibilité fonctionnelle à justifier)","zonesIntersectees":"Ri","etagePresent":"Oui","etageSource":"estimé par la hauteur du bâti (6.4 m), fiabilité modérée","typologie":"Typologie indéterminée (donnée absente ou non exploitable)","eligibiliteFprnm":"Non déterminé - typologie non qualifiée en l'état, à vérifier sur site.","hauteurM":6.4,"isErp":false}},{"type":"Feature","geometry":{"coordinates":[[[1.225638,43.293502],[1.225644,43.293484],[1.225606,43.293477],[1.225601,43.293494],[1.225638,43.293502]]],"type":"Polygon"},"properties":{"id":"BATIMENT0000000343239945","zoneCode":"Rig","zoneLabel":"Rouge inondation + mouvement de terrain","zoneColor":"#B0001C","concerne":true,"regime":"Constructions nouvelles : Interdites, sauf exceptions très limitées (accès de sécurité, abris légers <20 m² une fois, locaux techniques agricoles, serres tunnel...). Cumul avec le régime Rg : étude géotechnique G2 exigée en plus pour les rares travaux autorisés. Constructions existantes : Extension limitée à 20 % de l'emprise existante, une seule fois depuis le 06/02/2018, plancher au-dessus des PHEC. Cumul avec les prescriptions Rg (étude géotechnique G2, pas de terrassement >0,5 m). Étude géotechnique G2 (norme NF P 94-500) obligatoire avant travaux, sauf exceptions ponctuelles prévues par le règlement.","etudeGeotechniqueG2":true,"diagnostic":"Non obligatoire pour l'habitat ; auto-diagnostic de vulnérabilité recommandé (à la charge du propriétaire).","zoneRefuge":"Conditionnelle : si le plancher ne peut pas être calé au-dessus des PHEC (impossibilité fonctionnelle dûment justifiée), un niveau refuge adapté est exigé (20 m² minimum pour une habitation, hauteur 1,80 m minimum, un refuge par logement/local, pas de refuge \"collectif\").","refugeCategorie":"Conditionnelle (impossibilité fonctionnelle à justifier)","zonesIntersectees":"Rig","etagePresent":"Non","etageSource":"estimé par la hauteur du bâti (3.2 m), fiabilité modérée","typologie":"Typologie indéterminée (donnée absente ou non exploitable)","eligibiliteFprnm":"Non déterminé - typologie non qualifiée en l'état, à vérifier sur site.","hauteurM":3.2,"isErp":false}},{"type":"Feature","geometry":{"coordinates":[[[1.22522,43.294242],[1.225255,43.294251],[1.225264,43.294234],[1.225228,43.294223],[1.22522,43.294242]]],"type":"Polygon"},"properties":{"id":"BATIMENT0000000343239946","zoneCode":"Rig","zoneLabel":"Rouge inondation + mouvement de terrain","zoneColor":"#B0001C","concerne":true,"regime":"Constructions nouvelles : Interdites, sauf exceptions très limitées (accès de sécurité, abris légers <20 m² une fois, locaux techniques agricoles, serres tunnel...). Cumul avec le régime Rg : étude géotechnique G2 exigée en plus pour les rares travaux autorisés. Constructions existantes : Extension limitée à 20 % de l'emprise existante, une seule fois depuis le 06/02/2018, plancher au-dessus des PHEC. Cumul avec les prescriptions Rg (étude géotechnique G2, pas de terrassement >0,5 m). Étude géotechnique G2 (norme NF P 94-500) obligatoire avant travaux, sauf exceptions ponctuelles prévues par le règlement.","etudeGeotechniqueG2":true,"diagnostic":"Non obligatoire pour l'habitat ; auto-diagnostic de vulnérabilité recommandé (à la charge du propriétaire).","zoneRefuge":"Conditionnelle : si le plancher ne peut pas être calé au-dessus des PHEC (impossibilité fonctionnelle dûment justifiée), un niveau refuge adapté est exigé (20 m² minimum pour une habitation, hauteur 1,80 m minimum, un refuge par logement/local, pas de refuge \"collectif\").","refugeCategorie":"Conditionnelle (impossibilité fonctionnelle à justifier)","zonesIntersectees":"Rig","etagePresent":"Non","etageSource":"estimé par la hauteur du bâti (1.7 m), fiabilité modérée","typologie":"Typologie indéterminée (donnée absente ou non exploitable)","eligibiliteFprnm":"Non déterminé - typologie non qualifiée en l'état, à vérifier sur site.","hauteurM":1.7,"isErp":false}},{"type":"Feature","geometry":{"coordinates":[[[1.225225,43.294192],[1.225186,43.294182],[1.225169,43.294211],[1.225187,43.294213],[1.225206,43.294209],[1.22522,43.2942],[1.225225,43.294192]]],"type":"Polygon"},"properties":{"id":"BATIMENT0000000343239947","zoneCode":"Rig","zoneLabel":"Rouge inondation + mouvement de terrain","zoneColor":"#B0001C","concerne":true,"regime":"Constructions nouvelles : Interdites, sauf exceptions très limitées (accès de sécurité, abris légers <20 m² une fois, locaux techniques agricoles, serres tunnel...). Cumul avec le régime Rg : étude géotechnique G2 exigée en plus pour les rares travaux autorisés. Constructions existantes : Extension limitée à 20 % de l'emprise existante, une seule fois depuis le 06/02/2018, plancher au-dessus des PHEC. Cumul avec les prescriptions Rg (étude géotechnique G2, pas de terrassement >0,5 m). Étude géotechnique G2 (norme NF P 94-500) obligatoire avant travaux, sauf exceptions ponctuelles prévues par le règlement.","etudeGeotechniqueG2":true,"diagnostic":"Non obligatoire pour l'habitat ; auto-diagnostic de vulnérabilité recommandé (à la charge du propriétaire).","zoneRefuge":"Conditionnelle : si le plancher ne peut pas être calé au-dessus des PHEC (impossibilité fonctionnelle dûment justifiée), un niveau refuge adapté est exigé (20 m² minimum pour une habitation, hauteur 1,80 m minimum, un refuge par logement/local, pas de refuge \"collectif\").","refugeCategorie":"Conditionnelle (impossibilité fonctionnelle à justifier)","zonesIntersectees":"Rig","etagePresent":"Non","etageSource":"estimé par la hauteur du bâti (2.3 m), fiabilité modérée","typologie":"Typologie indéterminée (donnée absente ou non exploitable)","eligibiliteFprnm":"Non déterminé - typologie non qualifiée en l'état, à vérifier sur site.","hauteurM":2.3,"isErp":false}},{"type":"Feature","geometry":{"coordinates":[[[1.225197,43.294448],[1.225169,43.294488],[1.225262,43.294512],[1.225283,43.294471],[1.225197,43.294448]]],"type":"Polygon"},"properties":{"id":"BATIMENT0000000343240007","zoneCode":"GHg","zoneLabel":"Grise hachurée (aggravation glissement)","zoneColor":"#6E6E6E","concerne":true,"regime":"Constructions nouvelles : Autorisées, sous prescriptions de gestion des eaux (pas de nouveaux rejets infiltrés, réseaux étanches). Constructions existantes : Prescriptions identiques : maîtrise des rejets, étanchéité en cas de mise en charge des réseaux.","etudeGeotechniqueG2":false,"diagnostic":"Non concerné (hors zone inondable).","zoneRefuge":"Non applicable (zone hors risque inondation).","refugeCategorie":"Non applicable","zonesIntersectees":"GHg","etagePresent":"Oui","etageSource":"connu (BDNB Fichiers Fonciers nb_niveau=2)","typologie":"Maison individuelle","typologieSource":"BDNB (Fichiers Fonciers)","eligibiliteFprnm":"Éligible - habitation : Fonds Barnier (FPRNM) à 80 % des travaux de prévention prescrits par le PPRN, plafond légal national, sous réserve d'un bien existant avant le 21/06/2022.","hauteurM":10.2,"isErp":false}},{"type":"Feature","geometry":{"coordinates":[[[1.225346,43.294621],[1.225378,43.294543],[1.225262,43.294512],[1.225283,43.294471],[1.225563,43.294544],[1.225512,43.294663],[1.225346,43.294621]]],"type":"Polygon"},"properties":{"id":"BATIMENT0000000343240008","zoneCode":"GHg","zoneLabel":"Grise hachurée (aggravation glissement)","zoneColor":"#6E6E6E","concerne":true,"regime":"Constructions nouvelles : Autorisées, sous prescriptions de gestion des eaux (pas de nouveaux rejets infiltrés, réseaux étanches). Constructions existantes : Prescriptions identiques : maîtrise des rejets, étanchéité en cas de mise en charge des réseaux.","etudeGeotechniqueG2":false,"diagnostic":"Non concerné (hors zone inondable).","zoneRefuge":"Non applicable (zone hors risque inondation).","refugeCategorie":"Non applicable","zonesIntersectees":"GHg","etagePresent":"Oui","etageSource":"connu (BDNB Fichiers Fonciers nb_niveau=2)","typologie":"Maison individuelle","eligibiliteFprnm":"Éligible - habitation : Fonds Barnier (FPRNM) à 80 % des travaux de prévention prescrits par le PPRN, plafond légal national, sous réserve d'un bien existant avant le 21/06/2022.","nbLogements":1,"hauteurM":9.9,"isErp":true}},{"type":"Feature","geometry":{"coordinates":[[[1.225279,43.294604],[1.225512,43.294663],[1.225481,43.294739],[1.225244,43.294682],[1.225279,43.294604]]],"type":"Polygon"},"properties":{"id":"BATIMENT0000000343240009","zoneCode":"GHg","zoneLabel":"Grise hachurée (aggravation glissement)","zoneColor":"#6E6E6E","concerne":true,"regime":"Constructions nouvelles : Autorisées, sous prescriptions de gestion des eaux (pas de nouveaux rejets infiltrés, réseaux étanches). Constructions existantes : Prescriptions identiques : maîtrise des rejets, étanchéité en cas de mise en charge des réseaux.","etudeGeotechniqueG2":false,"diagnostic":"Non concerné (hors zone inondable).","zoneRefuge":"Non applicable (zone hors risque inondation).","refugeCategorie":"Non applicable","zonesIntersectees":"GHg","etagePresent":"Oui","etageSource":"connu (BDNB Fichiers Fonciers nb_niveau=2)","typologie":"Maison individuelle","eligibiliteFprnm":"Éligible - habitation : Fonds Barnier (FPRNM) à 80 % des travaux de prévention prescrits par le PPRN, plafond légal national, sous réserve d'un bien existant avant le 21/06/2022.","nbLogements":1,"hauteurM":9.8,"isErp":false}},{"type":"Feature","geometry":{"coordinates":[[[1.225464,43.294778],[1.2252,43.294717],[1.225215,43.294675],[1.225481,43.294739],[1.225464,43.294778]]],"type":"Polygon"},"properties":{"id":"BATIMENT0000000343240010","zoneCode":"GHg","zoneLabel":"Grise hachurée (aggravation glissement)","zoneColor":"#6E6E6E","concerne":true,"regime":"Constructions nouvelles : Autorisées, sous prescriptions de gestion des eaux (pas de nouveaux rejets infiltrés, réseaux étanches). Constructions existantes : Prescriptions identiques : maîtrise des rejets, étanchéité en cas de mise en charge des réseaux.","etudeGeotechniqueG2":false,"diagnostic":"Non concerné (hors zone inondable).","zoneRefuge":"Non applicable (zone hors risque inondation).","refugeCategorie":"Non applicable","zonesIntersectees":"GHg","etagePresent":"Oui","etageSource":"connu (BDNB Fichiers Fonciers nb_niveau=3)","typologie":"Logement collectif (4 logements)","eligibiliteFprnm":"Éligible - habitation : Fonds Barnier (FPRNM) à 80 % des travaux de prévention prescrits par le PPRN, plafond légal national, sous réserve d'un bien existant avant le 21/06/2022.","nbLogements":4,"hauteurM":9.3,"isErp":false}},{"type":"Feature","geometry":{"coordinates":[[[1.22545,43.294813],[1.225187,43.294754],[1.2252,43.294717],[1.225464,43.294778],[1.22545,43.294813]]],"type":"Polygon"},"properties":{"id":"BATIMENT0000000343240011","zoneCode":"GHg","zoneLabel":"Grise hachurée (aggravation glissement)","zoneColor":"#6E6E6E","concerne":true,"regime":"Constructions nouvelles : Autorisées, sous prescriptions de gestion des eaux (pas de nouveaux rejets infiltrés, réseaux étanches). Constructions existantes : Prescriptions identiques : maîtrise des rejets, étanchéité en cas de mise en charge des réseaux.","etudeGeotechniqueG2":false,"diagnostic":"Non concerné (hors zone inondable).","zoneRefuge":"Non applicable (zone hors risque inondation).","refugeCategorie":"Non applicable","zonesIntersectees":"GHg","etagePresent":"Oui","etageSource":"connu (BDNB Fichiers Fonciers nb_niveau=3)","typologie":"Activité économique","eligibiliteFprnm":"Potentiellement éligible - activité : Fonds Barnier (FPRNM) à 20 % des travaux prescrits si moins de 20 salariés (effectif non déductible des données géographiques, à vérifier), sous réserve d'un bien existant avant le 21/06/2022.","nbLogements":0,"hauteurM":9.4,"isErp":false}},{"type":"Feature","geometry":{"coordinates":[[[1.22545,43.294813],[1.225434,43.294853],[1.225173,43.294794],[1.225187,43.294754],[1.22545,43.294813]]],"type":"Polygon"},"properties":{"id":"BATIMENT0000000343240012","zoneCode":"GHg","zoneLabel":"Grise hachurée (aggravation glissement)","zoneColor":"#6E6E6E","concerne":true,"regime":"Constructions nouvelles : Autorisées, sous prescriptions de gestion des eaux (pas de nouveaux rejets infiltrés, réseaux étanches). Constructions existantes : Prescriptions identiques : maîtrise des rejets, étanchéité en cas de mise en charge des réseaux.","etudeGeotechniqueG2":false,"diagnostic":"Non concerné (hors zone inondable).","zoneRefuge":"Non applicable (zone hors risque inondation).","refugeCategorie":"Non applicable","zonesIntersectees":"GHg","etagePresent":"Oui","etageSource":"connu (BDNB Fichiers Fonciers nb_niveau=2)","typologie":"Maison individuelle","eligibiliteFprnm":"Éligible - habitation : Fonds Barnier (FPRNM) à 80 % des travaux de prévention prescrits par le PPRN, plafond légal national, sous réserve d'un bien existant avant le 21/06/2022.","nbLogements":1,"hauteurM":9.6,"isErp":false}},{"type":"Feature","geometry":{"coordinates":[[[1.225415,43.294896],[1.225399,43.294934],[1.225284,43.294907],[1.225299,43.294869],[1.225415,43.294896]]],"type":"Polygon"},"properties":{"id":"BATIMENT0000000343240013","zoneCode":"GHg","zoneLabel":"Grise hachurée (aggravation glissement)","zoneColor":"#6E6E6E","concerne":true,"regime":"Constructions nouvelles : Autorisées, sous prescriptions de gestion des eaux (pas de nouveaux rejets infiltrés, réseaux étanches). Constructions existantes : Prescriptions identiques : maîtrise des rejets, étanchéité en cas de mise en charge des réseaux.","etudeGeotechniqueG2":false,"diagnostic":"Non concerné (hors zone inondable).","zoneRefuge":"Non applicable (zone hors risque inondation).","refugeCategorie":"Non applicable","zonesIntersectees":"GHg","etagePresent":"Oui","etageSource":"connu (BDNB Fichiers Fonciers nb_niveau=3)","typologie":"Maison individuelle","eligibiliteFprnm":"Éligible - habitation : Fonds Barnier (FPRNM) à 80 % des travaux de prévention prescrits par le PPRN, plafond légal national, sous réserve d'un bien existant avant le 21/06/2022.","nbLogements":1,"hauteurM":10.4,"isErp":false}},{"type":"Feature","geometry":{"coordinates":[[[1.224361,43.295762],[1.224287,43.295765],[1.22429,43.295709],[1.224274,43.295708],[1.224274,43.295675],[1.224365,43.295676],[1.224361,43.295762]]],"type":"Polygon"},"properties":{"id":"BATIMENT0000000343240208","zoneCode":"GHg","zoneLabel":"Grise hachurée (aggravation glissement)","zoneColor":"#6E6E6E","concerne":true,"regime":"Constructions nouvelles : Autorisées, sous prescriptions de gestion des eaux (pas de nouveaux rejets infiltrés, réseaux étanches). Constructions existantes : Prescriptions identiques : maîtrise des rejets, étanchéité en cas de mise en charge des réseaux.","etudeGeotechniqueG2":false,"diagnostic":"Non concerné (hors zone inondable).","zoneRefuge":"Non applicable (zone hors risque inondation).","refugeCategorie":"Non applicable","zonesIntersectees":"GHg","etagePresent":"Oui","etageSource":"connu (BDNB Fichiers Fonciers nb_niveau=2)","typologie":"Maison individuelle","eligibiliteFprnm":"Éligible - habitation : Fonds Barnier (FPRNM) à 80 % des travaux de prévention prescrits par le PPRN, plafond légal national, sous réserve d'un bien existant avant le 21/06/2022.","nbLogements":1,"hauteurM":7.3,"isErp":false}},{"type":"Feature","geometry":{"coordinates":[[[1.221298,43.295625],[1.221352,43.295665],[1.221374,43.295686],[1.221392,43.295682],[1.22147,43.295756],[1.221503,43.295752],[1.2215,43.295729],[1.221713,43.295703],[1.221682,43.295582],[1.221338,43.295627],[1.221328,43.295616],[1.221298,43.295625]]],"type":"Polygon"},"properties":{"id":"BATIMENT0000000343240219","zoneCode":"GHg","zoneLabel":"Grise hachurée (aggravation glissement)","zoneColor":"#6E6E6E","concerne":true,"regime":"Constructions nouvelles : Autorisées, sous prescriptions de gestion des eaux (pas de nouveaux rejets infiltrés, réseaux étanches). Constructions existantes : Prescriptions identiques : maîtrise des rejets, étanchéité en cas de mise en charge des réseaux.","etudeGeotechniqueG2":false,"diagnostic":"Non concerné (hors zone inondable).","zoneRefuge":"Non applicable (zone hors risque inondation).","refugeCategorie":"Non applicable","zonesIntersectees":"GHg","etagePresent":"Oui","etageSource":"connu (BDNB Fichiers Fonciers nb_niveau=2)","typologie":"Logement collectif (7 logements)","eligibiliteFprnm":"Éligible - habitation : Fonds Barnier (FPRNM) à 80 % des travaux de prévention prescrits par le PPRN, plafond légal national, sous réserve d'un bien existant avant le 21/06/2022.","nbLogements":7,"hauteurM":10.7,"isErp":false}},{"type":"Feature","geometry":{"coordinates":[[[1.221314,43.29562],[1.221293,43.295591],[1.221264,43.2956],[1.221298,43.295625],[1.221314,43.29562]]],"type":"Polygon"},"properties":{"id":"BATIMENT0000000343240279","zoneCode":"GHg","zoneLabel":"Grise hachurée (aggravation glissement)","zoneColor":"#6E6E6E","concerne":true,"regime":"Constructions nouvelles : Autorisées, sous prescriptions de gestion des eaux (pas de nouveaux rejets infiltrés, réseaux étanches). Constructions existantes : Prescriptions identiques : maîtrise des rejets, étanchéité en cas de mise en charge des réseaux.","etudeGeotechniqueG2":false,"diagnostic":"Non concerné (hors zone inondable).","zoneRefuge":"Non applicable (zone hors risque inondation).","refugeCategorie":"Non applicable","zonesIntersectees":"GHg","etagePresent":"Oui","etageSource":"estimé par la hauteur du bâti (6.8 m), fiabilité modérée","typologie":"Typologie indéterminée (donnée absente ou non exploitable)","eligibiliteFprnm":"Non déterminé - typologie non qualifiée en l'état, à vérifier sur site.","hauteurM":6.8,"isErp":false}},{"type":"Feature","geometry":{"coordinates":[[[1.220117,43.296058],[1.220103,43.296017],[1.22014,43.296011],[1.220153,43.29605],[1.220117,43.296058]]],"type":"Polygon"},"properties":{"id":"BATIMENT0000000343240281","zoneCode":"Bg","zoneLabel":"Bleue mouvement de terrain","zoneColor":"#7EC8E3","concerne":true,"regime":"Constructions nouvelles : Autorisées (aucune interdiction d'occupation du sol). Constructions existantes : Autorisées, sous réserve de l'étude géotechnique G2. Étude géotechnique G2 (norme NF P 94-500) obligatoire avant travaux, sauf exceptions ponctuelles prévues par le règlement.","etudeGeotechniqueG2":true,"diagnostic":"Non concerné (hors zone inondable).","zoneRefuge":"Non applicable (zone hors risque inondation).","refugeCategorie":"Non applicable","zonesIntersectees":"Bg","etagePresent":"Non","etageSource":"estimé par la hauteur du bâti (4.1 m), fiabilité modérée","typologie":"Typologie indéterminée (donnée absente ou non exploitable)","eligibiliteFprnm":"Non déterminé - typologie non qualifiée en l'état, à vérifier sur site.","hauteurM":4.1,"isErp":false}},{"type":"Feature","geometry":{"coordinates":[[[1.22287,43.295723],[1.222975,43.295724],[1.222983,43.295623],[1.222876,43.295622],[1.22287,43.295723]]],"type":"Polygon"},"properties":{"id":"BATIMENT0000000343240355","zoneCode":"GHg","zoneLabel":"Grise hachurée (aggravation glissement)","zoneColor":"#6E6E6E","concerne":true,"regime":"Constructions nouvelles : Autorisées, sous prescriptions de gestion des eaux (pas de nouveaux rejets infiltrés, réseaux étanches). Constructions existantes : Prescriptions identiques : maîtrise des rejets, étanchéité en cas de mise en charge des réseaux.","etudeGeotechniqueG2":false,"diagnostic":"Non concerné (hors zone inondable).","zoneRefuge":"Non applicable (zone hors risque inondation).","refugeCategorie":"Non applicable","zonesIntersectees":"GHg","etagePresent":"Oui","etageSource":"connu (BDNB Fichiers Fonciers nb_niveau=2)","typologie":"Maison individuelle","eligibiliteFprnm":"Éligible - habitation : Fonds Barnier (FPRNM) à 80 % des travaux de prévention prescrits par le PPRN, plafond légal national, sous réserve d'un bien existant avant le 21/06/2022.","nbLogements":1,"hauteurM":8.3,"isErp":false}},{"type":"Feature","geometry":{"coordinates":[[[1.222954,43.295623],[1.222954,43.295606],[1.222984,43.295606],[1.222983,43.295623],[1.222954,43.295623]]],"type":"Polygon"},"properties":{"id":"BATIMENT0000000343240356","zoneCode":"GHg","zoneLabel":"Grise hachurée (aggravation glissement)","zoneColor":"#6E6E6E","concerne":true,"regime":"Constructions nouvelles : Autorisées, sous prescriptions de gestion des eaux (pas de nouveaux rejets infiltrés, réseaux étanches). Constructions existantes : Prescriptions identiques : maîtrise des rejets, étanchéité en cas de mise en charge des réseaux.","etudeGeotechniqueG2":false,"diagnostic":"Non concerné (hors zone inondable).","zoneRefuge":"Non applicable (zone hors risque inondation).","refugeCategorie":"Non applicable","zonesIntersectees":"GHg","etagePresent":"Non","etageSource":"estimé par la hauteur du bâti (4.4 m), fiabilité modérée","typologie":"Typologie indéterminée (donnée absente ou non exploitable)","eligibiliteFprnm":"Non déterminé - typologie non qualifiée en l'état, à vérifier sur site.","hauteurM":4.4,"isErp":false}},{"type":"Feature","geometry":{"coordinates":[[[1.222877,43.295591],[1.22287,43.295723],[1.222789,43.295725],[1.222797,43.295586],[1.222877,43.295591]]],"type":"Polygon"},"properties":{"id":"BATIMENT0000000343240379","zoneCode":"GHg","zoneLabel":"Grise hachurée (aggravation glissement)","zoneColor":"#6E6E6E","concerne":true,"regime":"Constructions nouvelles : Autorisées, sous prescriptions de gestion des eaux (pas de nouveaux rejets infiltrés, réseaux étanches). Constructions existantes : Prescriptions identiques : maîtrise des rejets, étanchéité en cas de mise en charge des réseaux.","etudeGeotechniqueG2":false,"diagnostic":"Non concerné (hors zone inondable).","zoneRefuge":"Non applicable (zone hors risque inondation).","refugeCategorie":"Non applicable","zonesIntersectees":"GHg","etagePresent":"Oui","etageSource":"connu (BDNB Fichiers Fonciers nb_niveau=2)","typologie":"Logement collectif (2 logements)","typologieSource":"BDNB (Fichiers Fonciers)","eligibiliteFprnm":"Éligible - habitation : Fonds Barnier (FPRNM) à 80 % des travaux de prévention prescrits par le PPRN, plafond légal national, sous réserve d'un bien existant avant le 21/06/2022.","hauteurM":4.1,"isErp":false}},{"type":"Feature","geometry":{"coordinates":[[[1.222034,43.295631],[1.222069,43.295628],[1.222073,43.295647],[1.22204,43.29565],[1.222034,43.295631]]],"type":"Polygon"},"properties":{"id":"BATIMENT0000000343240405","zoneCode":"GHg","zoneLabel":"Grise hachurée (aggravation glissement)","zoneColor":"#6E6E6E","concerne":true,"regime":"Constructions nouvelles : Autorisées, sous prescriptions de gestion des eaux (pas de nouveaux rejets infiltrés, réseaux étanches). Constructions existantes : Prescriptions identiques : maîtrise des rejets, étanchéité en cas de mise en charge des réseaux.","etudeGeotechniqueG2":false,"diagnostic":"Non concerné (hors zone inondable).","zoneRefuge":"Non applicable (zone hors risque inondation).","refugeCategorie":"Non applicable","zonesIntersectees":"GHg","etagePresent":"Non","etageSource":"estimé par la hauteur du bâti (4.7 m), fiabilité modérée","typologie":"Typologie indéterminée (donnée absente ou non exploitable)","eligibiliteFprnm":"Non déterminé - typologie non qualifiée en l'état, à vérifier sur site.","hauteurM":4.7,"isErp":false}},{"type":"Feature","geometry":{"coordinates":[[[1.222154,43.295638],[1.222107,43.295642],[1.222101,43.295621],[1.222098,43.295617],[1.222087,43.295613],[1.222075,43.295615],[1.222068,43.295622],[1.222073,43.295647],[1.22204,43.29565],[1.222024,43.295596],[1.221961,43.295604],[1.222,43.295752],[1.222176,43.295743],[1.222154,43.295638]]],"type":"Polygon"},"properties":{"id":"BATIMENT0000000343240406","zoneCode":"GHg","zoneLabel":"Grise hachurée (aggravation glissement)","zoneColor":"#6E6E6E","concerne":true,"regime":"Constructions nouvelles : Autorisées, sous prescriptions de gestion des eaux (pas de nouveaux rejets infiltrés, réseaux étanches). Constructions existantes : Prescriptions identiques : maîtrise des rejets, étanchéité en cas de mise en charge des réseaux.","etudeGeotechniqueG2":false,"diagnostic":"Non concerné (hors zone inondable).","zoneRefuge":"Non applicable (zone hors risque inondation).","refugeCategorie":"Non applicable","zonesIntersectees":"GHg","etagePresent":"Oui","etageSource":"connu (BDNB Fichiers Fonciers nb_niveau=2)","typologie":"Maison individuelle","eligibiliteFprnm":"Éligible - habitation : Fonds Barnier (FPRNM) à 80 % des travaux de prévention prescrits par le PPRN, plafond légal national, sous réserve d'un bien existant avant le 21/06/2022.","nbLogements":1,"hauteurM":8.6,"isErp":false}},{"type":"Feature","geometry":{"coordinates":[[[1.22224,43.295741],[1.222219,43.295632],[1.222154,43.295638],[1.222176,43.295743],[1.22224,43.295741]]],"type":"Polygon"},"properties":{"id":"BATIMENT0000000343240407","zoneCode":"GHg","zoneLabel":"Grise hachurée (aggravation glissement)","zoneColor":"#6E6E6E","concerne":true,"regime":"Constructions nouvelles : Autorisées, sous prescriptions de gestion des eaux (pas de nouveaux rejets infiltrés, réseaux étanches). Constructions existantes : Prescriptions identiques : maîtrise des rejets, étanchéité en cas de mise en charge des réseaux.","etudeGeotechniqueG2":false,"diagnostic":"Non concerné (hors zone inondable).","zoneRefuge":"Non applicable (zone hors risque inondation).","refugeCategorie":"Non applicable","zonesIntersectees":"GHg","etagePresent":"Oui","etageSource":"connu (BDNB Fichiers Fonciers nb_niveau=2)","typologie":"Maison individuelle","eligibiliteFprnm":"Éligible - habitation : Fonds Barnier (FPRNM) à 80 % des travaux de prévention prescrits par le PPRN, plafond légal national, sous réserve d'un bien existant avant le 21/06/2022.","nbLogements":1,"hauteurM":8.7,"isErp":false}},{"type":"Feature","geometry":{"coordinates":[[[1.222435,43.295652],[1.222341,43.295661],[1.222331,43.29561],[1.222424,43.2956],[1.222435,43.295652]]],"type":"Polygon"},"properties":{"id":"BATIMENT0000000343240408","zoneCode":"GHg","zoneLabel":"Grise hachurée (aggravation glissement)","zoneColor":"#6E6E6E","concerne":true,"regime":"Constructions nouvelles : Autorisées, sous prescriptions de gestion des eaux (pas de nouveaux rejets infiltrés, réseaux étanches). Constructions existantes : Prescriptions identiques : maîtrise des rejets, étanchéité en cas de mise en charge des réseaux.","etudeGeotechniqueG2":false,"diagnostic":"Non concerné (hors zone inondable).","zoneRefuge":"Non applicable (zone hors risque inondation).","refugeCategorie":"Non applicable","zonesIntersectees":"GHg","etagePresent":"Oui","etageSource":"connu (BDNB Fichiers Fonciers nb_niveau=2)","typologie":"Logement collectif (2 logements)","typologieSource":"BDNB (Fichiers Fonciers)","eligibiliteFprnm":"Éligible - habitation : Fonds Barnier (FPRNM) à 80 % des travaux de prévention prescrits par le PPRN, plafond légal national, sous réserve d'un bien existant avant le 21/06/2022.","hauteurM":4.3,"isErp":false}},{"type":"Feature","geometry":{"coordinates":[[[1.222357,43.295738],[1.222341,43.295661],[1.222435,43.295652],[1.222449,43.29573],[1.222357,43.295738]]],"type":"Polygon"},"properties":{"id":"BATIMENT0000000343240413","zoneCode":"GHg","zoneLabel":"Grise hachurée (aggravation glissement)","zoneColor":"#6E6E6E","concerne":true,"regime":"Constructions nouvelles : Autorisées, sous prescriptions de gestion des eaux (pas de nouveaux rejets infiltrés, réseaux étanches). Constructions existantes : Prescriptions identiques : maîtrise des rejets, étanchéité en cas de mise en charge des réseaux.","etudeGeotechniqueG2":false,"diagnostic":"Non concerné (hors zone inondable).","zoneRefuge":"Non applicable (zone hors risque inondation).","refugeCategorie":"Non applicable","zonesIntersectees":"GHg","etagePresent":"Oui","etageSource":"connu (BDNB Fichiers Fonciers nb_niveau=2)","typologie":"Logement collectif (2 logements)","eligibiliteFprnm":"Éligible - habitation : Fonds Barnier (FPRNM) à 80 % des travaux de prévention prescrits par le PPRN, plafond légal national, sous réserve d'un bien existant avant le 21/06/2022.","nbLogements":2,"hauteurM":4.3,"isErp":false}},{"type":"Feature","geometry":{"coordinates":[[[1.223968,43.29575],[1.223984,43.295594],[1.224036,43.295596],[1.22402,43.295753],[1.223968,43.29575]]],"type":"Polygon"},"properties":{"id":"BATIMENT0000000343240446","zoneCode":"GHg","zoneLabel":"Grise hachurée (aggravation glissement)","zoneColor":"#6E6E6E","concerne":true,"regime":"Constructions nouvelles : Autorisées, sous prescriptions de gestion des eaux (pas de nouveaux rejets infiltrés, réseaux étanches). Constructions existantes : Prescriptions identiques : maîtrise des rejets, étanchéité en cas de mise en charge des réseaux.","etudeGeotechniqueG2":false,"diagnostic":"Non concerné (hors zone inondable).","zoneRefuge":"Non applicable (zone hors risque inondation).","refugeCategorie":"Non applicable","zonesIntersectees":"GHg","etagePresent":"Oui","etageSource":"connu (BDNB Fichiers Fonciers nb_niveau=3)","typologie":"Maison individuelle","typologieSource":"BDNB (Fichiers Fonciers)","eligibiliteFprnm":"Éligible - habitation : Fonds Barnier (FPRNM) à 80 % des travaux de prévention prescrits par le PPRN, plafond légal national, sous réserve d'un bien existant avant le 21/06/2022.","hauteurM":7.0,"isErp":false}},{"type":"Feature","geometry":{"coordinates":[[[1.224037,43.295586],[1.224036,43.295596],[1.223984,43.295594],[1.223985,43.295584],[1.224037,43.295586]]],"type":"Polygon"},"properties":{"id":"BATIMENT0000000343240447","zoneCode":"GHg","zoneLabel":"Grise hachurée (aggravation glissement)","zoneColor":"#6E6E6E","concerne":true,"regime":"Constructions nouvelles : Autorisées, sous prescriptions de gestion des eaux (pas de nouveaux rejets infiltrés, réseaux étanches). Constructions existantes : Prescriptions identiques : maîtrise des rejets, étanchéité en cas de mise en charge des réseaux.","etudeGeotechniqueG2":false,"diagnostic":"Non concerné (hors zone inondable).","zoneRefuge":"Non applicable (zone hors risque inondation).","refugeCategorie":"Non applicable","zonesIntersectees":"GHg","etagePresent":"Oui","etageSource":"estimé par la hauteur du bâti (5.6 m), fiabilité modérée","typologie":"Typologie indéterminée (donnée absente ou non exploitable)","eligibiliteFprnm":"Non déterminé - typologie non qualifiée en l'état, à vérifier sur site.","hauteurM":5.6,"isErp":false}},{"type":"Feature","geometry":{"coordinates":[[[1.223968,43.29575],[1.223913,43.295747],[1.223924,43.29564],[1.223979,43.295642],[1.223968,43.29575]]],"type":"Polygon"},"properties":{"id":"BATIMENT0000000343240448","zoneCode":"GHg","zoneLabel":"Grise hachurée (aggravation glissement)","zoneColor":"#6E6E6E","concerne":true,"regime":"Constructions nouvelles : Autorisées, sous prescriptions de gestion des eaux (pas de nouveaux rejets infiltrés, réseaux étanches). Constructions existantes : Prescriptions identiques : maîtrise des rejets, étanchéité en cas de mise en charge des réseaux.","etudeGeotechniqueG2":false,"diagnostic":"Non concerné (hors zone inondable).","zoneRefuge":"Non applicable (zone hors risque inondation).","refugeCategorie":"Non applicable","zonesIntersectees":"GHg","etagePresent":"Oui","etageSource":"connu (BD TOPO nombre_d_etages)","typologie":"Maison individuelle","eligibiliteFprnm":"Éligible - habitation : Fonds Barnier (FPRNM) à 80 % des travaux de prévention prescrits par le PPRN, plafond légal national, sous réserve d'un bien existant avant le 21/06/2022.","nbLogements":1,"hauteurM":6.2,"isErp":false}},{"type":"Feature","geometry":{"coordinates":[[[1.223665,43.295588],[1.223615,43.295585],[1.223599,43.295732],[1.223651,43.295735],[1.223665,43.295588]]],"type":"Polygon"},"properties":{"id":"BATIMENT0000000343240449","zoneCode":"GHg","zoneLabel":"Grise hachurée (aggravation glissement)","zoneColor":"#6E6E6E","concerne":true,"regime":"Constructions nouvelles : Autorisées, sous prescriptions de gestion des eaux (pas de nouveaux rejets infiltrés, réseaux étanches). Constructions existantes : Prescriptions identiques : maîtrise des rejets, étanchéité en cas de mise en charge des réseaux.","etudeGeotechniqueG2":false,"diagnostic":"Non concerné (hors zone inondable).","zoneRefuge":"Non applicable (zone hors risque inondation).","refugeCategorie":"Non applicable","zonesIntersectees":"GHg","etagePresent":"Oui","etageSource":"connu (BDNB Fichiers Fonciers nb_niveau=3)","typologie":"Maison individuelle","typologieSource":"BDNB (Fichiers Fonciers)","eligibiliteFprnm":"Éligible - habitation : Fonds Barnier (FPRNM) à 80 % des travaux de prévention prescrits par le PPRN, plafond légal national, sous réserve d'un bien existant avant le 21/06/2022.","hauteurM":8.6,"isErp":false}},{"type":"Feature","geometry":{"coordinates":[[[1.223599,43.295732],[1.223611,43.295623],[1.223558,43.29562],[1.223549,43.29573],[1.223599,43.295732]]],"type":"Polygon"},"properties":{"id":"BATIMENT0000000343240450","zoneCode":"GHg","zoneLabel":"Grise hachurée (aggravation glissement)","zoneColor":"#6E6E6E","concerne":true,"regime":"Constructions nouvelles : Autorisées, sous prescriptions de gestion des eaux (pas de nouveaux rejets infiltrés, réseaux étanches). Constructions existantes : Prescriptions identiques : maîtrise des rejets, étanchéité en cas de mise en charge des réseaux.","etudeGeotechniqueG2":false,"diagnostic":"Non concerné (hors zone inondable).","zoneRefuge":"Non applicable (zone hors risque inondation).","refugeCategorie":"Non applicable","zonesIntersectees":"GHg","etagePresent":"Oui","etageSource":"étage retenu par prudence (1 niveau(x) déclaré(s), incohérent avec la hauteur mesurée 9.3 m > seuil 5.30 m)","typologie":"Annexe (non habitée)","eligibiliteFprnm":"Non déterminé - typologie non qualifiée en l'état, à vérifier sur site.","nbLogements":0,"hauteurM":9.3,"isErp":false}},{"type":"Feature","geometry":{"coordinates":[[[1.223264,43.295619],[1.22309,43.295605],[1.223074,43.295725],[1.223251,43.295726],[1.223264,43.295619]]],"type":"Polygon"},"properties":{"id":"BATIMENT0000000343240452","zoneCode":"GHg","zoneLabel":"Grise hachurée (aggravation glissement)","zoneColor":"#6E6E6E","concerne":true,"regime":"Constructions nouvelles : Autorisées, sous prescriptions de gestion des eaux (pas de nouveaux rejets infiltrés, réseaux étanches). Constructions existantes : Prescriptions identiques : maîtrise des rejets, étanchéité en cas de mise en charge des réseaux.","etudeGeotechniqueG2":false,"diagnostic":"Non concerné (hors zone inondable).","zoneRefuge":"Non applicable (zone hors risque inondation).","refugeCategorie":"Non applicable","zonesIntersectees":"GHg","etagePresent":"Oui","etageSource":"connu (BDNB Fichiers Fonciers nb_niveau=2)","typologie":"Maison individuelle","eligibiliteFprnm":"Éligible - habitation : Fonds Barnier (FPRNM) à 80 % des travaux de prévention prescrits par le PPRN, plafond légal national, sous réserve d'un bien existant avant le 21/06/2022.","nbLogements":1,"hauteurM":9.9,"isErp":false}},{"type":"Feature","geometry":{"coordinates":[[[1.223039,43.295645],[1.223041,43.295616],[1.223061,43.295616],[1.22306,43.295645],[1.223039,43.295645]]],"type":"Polygon"},"properties":{"id":"BATIMENT0000000343240453","zoneCode":"GHg","zoneLabel":"Grise hachurée (aggravation glissement)","zoneColor":"#6E6E6E","concerne":true,"regime":"Constructions nouvelles : Autorisées, sous prescriptions de gestion des eaux (pas de nouveaux rejets infiltrés, réseaux étanches). Constructions existantes : Prescriptions identiques : maîtrise des rejets, étanchéité en cas de mise en charge des réseaux.","etudeGeotechniqueG2":false,"diagnostic":"Non concerné (hors zone inondable).","zoneRefuge":"Non applicable (zone hors risque inondation).","refugeCategorie":"Non applicable","zonesIntersectees":"GHg","etagePresent":"Non","etageSource":"estimé par la hauteur du bâti (4.7 m), fiabilité modérée","typologie":"Typologie indéterminée (donnée absente ou non exploitable)","eligibiliteFprnm":"Non déterminé - typologie non qualifiée en l'état, à vérifier sur site.","hauteurM":4.7,"isErp":false}},{"type":"Feature","geometry":{"coordinates":[[[1.226283,43.298403],[1.226534,43.298358],[1.226473,43.298264],[1.226329,43.29829],[1.226345,43.298326],[1.226319,43.298331],[1.226326,43.298354],[1.226272,43.298364],[1.226283,43.298403]]],"type":"Polygon"},"properties":{"id":"BATIMENT0000000343240772","zoneCode":"Re","zoneLabel":"Rouge mouvement de terrain (recul de berge)","zoneColor":"#D62839","concerne":true,"regime":"Constructions nouvelles : Interdites, sauf travaux d'infrastructure publique et exceptions mesurées (extension RDC <20 m² une fois, structures garage/annexe <20 m²). Constructions existantes : Extension <20 m² une fois depuis le 06/02/2018, pas de terrassement créant un dénivelé >0,5 m. Étude géotechnique G2 (norme NF P 94-500) obligatoire avant travaux, sauf exceptions ponctuelles prévues par le règlement.","etudeGeotechniqueG2":true,"diagnostic":"Non concerné (hors zone inondable).","zoneRefuge":"Non applicable (zone hors risque inondation).","refugeCategorie":"Non applicable","zonesIntersectees":"BFe;Re","etagePresent":"Oui","etageSource":"connu (BDNB Fichiers Fonciers nb_niveau=2)","typologie":"Annexe (non habitée)","eligibiliteFprnm":"Non déterminé - typologie non qualifiée en l'état, à vérifier sur site.","nbLogements":2,"hauteurM":6.9,"isErp":false}},{"type":"Feature","geometry":{"coordinates":[[[1.244542,43.281477],[1.244129,43.28136],[1.24416,43.28131],[1.24457,43.28143],[1.244542,43.281477]]],"type":"Polygon"},"properties":{"id":"BATIMENT0000000343241497","zoneCode":"RHg","zoneLabel":"Rouge hachurée mouvement de terrain","zoneColor":"#E2001A","concerne":true,"regime":"Constructions nouvelles : Construction de bâtiments nouveaux à usage d'habitation interdite. Constructions existantes : Extension RDC <50 m² une fois depuis le 06/02/2018 sans étude si dénivelé <0,5 m ; au-delà, étude géotechnique G2 requise. Étude géotechnique G2 (norme NF P 94-500) obligatoire avant travaux, sauf exceptions ponctuelles prévues par le règlement.","etudeGeotechniqueG2":true,"diagnostic":"Non concerné (hors zone inondable).","zoneRefuge":"Non applicable (zone hors risque inondation).","refugeCategorie":"Non applicable","zonesIntersectees":"RHg","etagePresent":"Oui","etageSource":"estimé par la hauteur du bâti (5.7 m), fiabilité modérée","typologie":"Typologie indéterminée (donnée absente ou non exploitable)","eligibiliteFprnm":"Non déterminé - typologie non qualifiée en l'état, à vérifier sur site.","hauteurM":5.7,"isErp":false}},{"type":"Feature","geometry":{"coordinates":[[[1.243259,43.281176],[1.243303,43.281191],[1.243301,43.281217],[1.243251,43.281216],[1.243248,43.281248],[1.243298,43.281248],[1.243295,43.281291],[1.242438,43.281243],[1.242452,43.281131],[1.243259,43.281176]]],"type":"Polygon"},"properties":{"id":"BATIMENT0000000343241498","zoneCode":"RHg","zoneLabel":"Rouge hachurée mouvement de terrain","zoneColor":"#E2001A","concerne":true,"regime":"Constructions nouvelles : Construction de bâtiments nouveaux à usage d'habitation interdite. Constructions existantes : Extension RDC <50 m² une fois depuis le 06/02/2018 sans étude si dénivelé <0,5 m ; au-delà, étude géotechnique G2 requise. Étude géotechnique G2 (norme NF P 94-500) obligatoire avant travaux, sauf exceptions ponctuelles prévues par le règlement.","etudeGeotechniqueG2":true,"diagnostic":"Non concerné (hors zone inondable).","zoneRefuge":"Non applicable (zone hors risque inondation).","refugeCategorie":"Non applicable","zonesIntersectees":"RHg","etagePresent":"Non","etageSource":"estimé par la hauteur du bâti (3.6 m), fiabilité modérée","typologie":"Typologie indéterminée (donnée absente ou non exploitable)","eligibiliteFprnm":"Non déterminé - typologie non qualifiée en l'état, à vérifier sur site.","hauteurM":3.6,"isErp":false}},{"type":"Feature","geometry":{"coordinates":[[[1.241451,43.288888],[1.241454,43.288833],[1.241542,43.288836],[1.241541,43.288889],[1.241451,43.288888]]],"type":"Polygon"},"properties":{"id":"BATIMENT0000000343241545","zoneCode":"RHg","zoneLabel":"Rouge hachurée mouvement de terrain","zoneColor":"#E2001A","concerne":true,"regime":"Constructions nouvelles : Construction de bâtiments nouveaux à usage d'habitation interdite. Constructions existantes : Extension RDC <50 m² une fois depuis le 06/02/2018 sans étude si dénivelé <0,5 m ; au-delà, étude géotechnique G2 requise. Étude géotechnique G2 (norme NF P 94-500) obligatoire avant travaux, sauf exceptions ponctuelles prévues par le règlement.","etudeGeotechniqueG2":true,"diagnostic":"Non concerné (hors zone inondable).","zoneRefuge":"Non applicable (zone hors risque inondation).","refugeCategorie":"Non applicable","zonesIntersectees":"RHg","etagePresent":"Oui","etageSource":"étage retenu par prudence (1 niveau(x) déclaré(s), incohérent avec la hauteur mesurée 5.4 m > seuil 5.30 m)","typologie":"Annexe (non habitée)","eligibiliteFprnm":"Non déterminé - typologie non qualifiée en l'état, à vérifier sur site.","nbLogements":0,"hauteurM":5.4,"isErp":false}},{"type":"Feature","geometry":{"coordinates":[[[1.241041,43.288769],[1.241181,43.288776],[1.241178,43.288837],[1.241225,43.288837],[1.241223,43.288877],[1.2412,43.288877],[1.2412,43.288862],[1.241139,43.28886],[1.241137,43.288886],[1.241109,43.288885],[1.241108,43.28886],[1.241029,43.288859],[1.241031,43.28882],[1.241043,43.28882],[1.241041,43.288769]]],"type":"Polygon"},"properties":{"id":"BATIMENT0000000343241546","zoneCode":"RHg","zoneLabel":"Rouge hachurée mouvement de terrain","zoneColor":"#E2001A","concerne":true,"regime":"Constructions nouvelles : Construction de bâtiments nouveaux à usage d'habitation interdite. Constructions existantes : Extension RDC <50 m² une fois depuis le 06/02/2018 sans étude si dénivelé <0,5 m ; au-delà, étude géotechnique G2 requise. Étude géotechnique G2 (norme NF P 94-500) obligatoire avant travaux, sauf exceptions ponctuelles prévues par le règlement.","etudeGeotechniqueG2":true,"diagnostic":"Non concerné (hors zone inondable).","zoneRefuge":"Non applicable (zone hors risque inondation).","refugeCategorie":"Non applicable","zonesIntersectees":"RHg","etagePresent":"Oui","etageSource":"connu (BDNB Fichiers Fonciers nb_niveau=2)","typologie":"Maison individuelle","eligibiliteFprnm":"Éligible - habitation : Fonds Barnier (FPRNM) à 80 % des travaux de prévention prescrits par le PPRN, plafond légal national, sous réserve d'un bien existant avant le 21/06/2022.","nbLogements":1,"hauteurM":5.2,"isErp":false}},{"type":"Feature","geometry":{"coordinates":[[[1.257048,43.284574],[1.257115,43.284576],[1.257137,43.284542],[1.257074,43.284535],[1.257104,43.284429],[1.256826,43.284382],[1.256778,43.284532],[1.257048,43.284574]]],"type":"Polygon"},"properties":{"id":"BATIMENT0000000343241564","zoneCode":"RHg","zoneLabel":"Rouge hachurée mouvement de terrain","zoneColor":"#E2001A","concerne":true,"regime":"Constructions nouvelles : Construction de bâtiments nouveaux à usage d'habitation interdite. Constructions existantes : Extension RDC <50 m² une fois depuis le 06/02/2018 sans étude si dénivelé <0,5 m ; au-delà, étude géotechnique G2 requise. Étude géotechnique G2 (norme NF P 94-500) obligatoire avant travaux, sauf exceptions ponctuelles prévues par le règlement.","etudeGeotechniqueG2":true,"diagnostic":"Non concerné (hors zone inondable).","zoneRefuge":"Non applicable (zone hors risque inondation).","refugeCategorie":"Non applicable","zonesIntersectees":"RHg","etagePresent":"Non","etageSource":"connu (BDNB Fichiers Fonciers nb_niveau=1)","typologie":"Maison individuelle","eligibiliteFprnm":"Éligible - habitation : Fonds Barnier (FPRNM) à 80 % des travaux de prévention prescrits par le PPRN, plafond légal national, sous réserve d'un bien existant avant le 21/06/2022.","nbLogements":1,"hauteurM":4.7,"isErp":false}},{"type":"Feature","geometry":{"coordinates":[[[1.258052,43.285593],[1.257988,43.285588],[1.257982,43.285619],[1.258042,43.285623],[1.258052,43.285593]]],"type":"Polygon"},"properties":{"id":"BATIMENT0000000343241582","zoneCode":"Rg","zoneLabel":"Rouge mouvement de terrain (glissement)","zoneColor":"#E2001A","concerne":true,"regime":"Constructions nouvelles : Interdites, sauf travaux d'infrastructure publique et exceptions mesurées (extension RDC <20 m² une fois, structures garage/annexe <20 m²). Constructions existantes : Extension <20 m² une fois depuis le 06/02/2018, pas de terrassement créant un dénivelé >0,5 m. Étude géotechnique G2 (norme NF P 94-500) obligatoire avant travaux, sauf exceptions ponctuelles prévues par le règlement.","etudeGeotechniqueG2":true,"diagnostic":"Non concerné (hors zone inondable).","zoneRefuge":"Non applicable (zone hors risque inondation).","refugeCategorie":"Non applicable","zonesIntersectees":"Rg","etagePresent":"Non","etageSource":"estimé par la hauteur du bâti (4.3 m), fiabilité modérée","typologie":"Typologie indéterminée (donnée absente ou non exploitable)","eligibiliteFprnm":"Non déterminé - typologie non qualifiée en l'état, à vérifier sur site.","hauteurM":4.3,"isErp":false}},{"type":"Feature","geometry":{"coordinates":[[[1.22712,43.289731],[1.227067,43.289724],[1.227057,43.289758],[1.227111,43.289766],[1.22712,43.289731]]],"type":"Polygon"},"properties":{"id":"BATIMENT0000000343241711","zoneCode":"Ri","zoneLabel":"Rouge inondation","zoneColor":"#E2001A","concerne":true,"regime":"Constructions nouvelles : Interdites, sauf exceptions très limitées (accès de sécurité, abris légers <20 m² une fois, locaux techniques agricoles, serres tunnel...). Constructions existantes : Extension limitée à 20 % de l'emprise existante, une seule fois depuis le 06/02/2018, plancher au-dessus des PHEC.","etudeGeotechniqueG2":false,"diagnostic":"Non obligatoire pour l'habitat ; auto-diagnostic de vulnérabilité recommandé (à la charge du propriétaire).","zoneRefuge":"Conditionnelle : si le plancher ne peut pas être calé au-dessus des PHEC (impossibilité fonctionnelle dûment justifiée), un niveau refuge adapté est exigé (20 m² minimum pour une habitation, hauteur 1,80 m minimum, un refuge par logement/local, pas de refuge \"collectif\").","refugeCategorie":"Conditionnelle (impossibilité fonctionnelle à justifier)","zonesIntersectees":"Ri","etagePresent":"Oui","etageSource":"estimé par la hauteur du bâti (6.9 m), fiabilité modérée","typologie":"Typologie indéterminée (donnée absente ou non exploitable)","eligibiliteFprnm":"Non déterminé - typologie non qualifiée en l'état, à vérifier sur site.","hauteurM":6.9,"isErp":false}},{"type":"Feature","geometry":{"coordinates":[[[1.227175,43.289925],[1.227194,43.28987],[1.227123,43.289857],[1.227133,43.289831],[1.227142,43.289833],[1.227153,43.289803],[1.227214,43.289816],[1.227227,43.289785],[1.227078,43.289761],[1.22707,43.289794],[1.227055,43.289792],[1.227023,43.289904],[1.227175,43.289925]]],"type":"Polygon"},"properties":{"id":"BATIMENT0000000343241713","zoneCode":"Ri","zoneLabel":"Rouge inondation","zoneColor":"#E2001A","concerne":true,"regime":"Constructions nouvelles : Interdites, sauf exceptions très limitées (accès de sécurité, abris légers <20 m² une fois, locaux techniques agricoles, serres tunnel...). Constructions existantes : Extension limitée à 20 % de l'emprise existante, une seule fois depuis le 06/02/2018, plancher au-dessus des PHEC.","etudeGeotechniqueG2":false,"diagnostic":"Non obligatoire pour l'habitat ; auto-diagnostic de vulnérabilité recommandé (à la charge du propriétaire).","zoneRefuge":"Conditionnelle : si le plancher ne peut pas être calé au-dessus des PHEC (impossibilité fonctionnelle dûment justifiée), un niveau refuge adapté est exigé (20 m² minimum pour une habitation, hauteur 1,80 m minimum, un refuge par logement/local, pas de refuge \"collectif\").","refugeCategorie":"Conditionnelle (impossibilité fonctionnelle à justifier)","zonesIntersectees":"Bg;Ri","etagePresent":"Oui","etageSource":"connu (BDNB Fichiers Fonciers nb_niveau=2)","typologie":"Logement collectif (2 logements)","eligibiliteFprnm":"Éligible - habitation : Fonds Barnier (FPRNM) à 80 % des travaux de prévention prescrits par le PPRN, plafond légal national, sous réserve d'un bien existant avant le 21/06/2022.","nbLogements":2,"hauteurM":6.7,"isErp":false}},{"type":"Feature","geometry":{"coordinates":[[[1.230321,43.291373],[1.230318,43.291396],[1.230362,43.291399],[1.230368,43.291346],[1.230423,43.29135],[1.230418,43.291389],[1.230466,43.291393],[1.230457,43.291458],[1.230311,43.291449],[1.230307,43.291487],[1.230218,43.291481],[1.230233,43.291367],[1.230321,43.291373]]],"type":"Polygon"},"properties":{"id":"BATIMENT0000000343241773","zoneCode":"Ri","zoneLabel":"Rouge inondation","zoneColor":"#E2001A","concerne":true,"regime":"Constructions nouvelles : Interdites, sauf exceptions très limitées (accès de sécurité, abris légers <20 m² une fois, locaux techniques agricoles, serres tunnel...). Constructions existantes : Extension limitée à 20 % de l'emprise existante, une seule fois depuis le 06/02/2018, plancher au-dessus des PHEC.","etudeGeotechniqueG2":false,"diagnostic":"Non obligatoire pour l'habitat ; auto-diagnostic de vulnérabilité recommandé (à la charge du propriétaire).","zoneRefuge":"Conditionnelle : si le plancher ne peut pas être calé au-dessus des PHEC (impossibilité fonctionnelle dûment justifiée), un niveau refuge adapté est exigé (20 m² minimum pour une habitation, hauteur 1,80 m minimum, un refuge par logement/local, pas de refuge \"collectif\").","refugeCategorie":"Conditionnelle (impossibilité fonctionnelle à justifier)","zonesIntersectees":"Ri","etagePresent":"Oui","etageSource":"connu (BDNB Fichiers Fonciers nb_niveau=2)","typologie":"Maison individuelle","eligibiliteFprnm":"Éligible - habitation : Fonds Barnier (FPRNM) à 80 % des travaux de prévention prescrits par le PPRN, plafond légal national, sous réserve d'un bien existant avant le 21/06/2022.","nbLogements":1,"hauteurM":3.4,"isErp":false}},{"type":"Feature","geometry":{"coordinates":[[[1.230233,43.291367],[1.230237,43.291331],[1.230325,43.291337],[1.230321,43.291373],[1.230233,43.291367]]],"type":"Polygon"},"properties":{"id":"BATIMENT0000000343241774","zoneCode":"Ri","zoneLabel":"Rouge inondation","zoneColor":"#E2001A","concerne":true,"regime":"Constructions nouvelles : Interdites, sauf exceptions très limitées (accès de sécurité, abris légers <20 m² une fois, locaux techniques agricoles, serres tunnel...). Constructions existantes : Extension limitée à 20 % de l'emprise existante, une seule fois depuis le 06/02/2018, plancher au-dessus des PHEC.","etudeGeotechniqueG2":false,"diagnostic":"Non obligatoire pour l'habitat ; auto-diagnostic de vulnérabilité recommandé (à la charge du propriétaire).","zoneRefuge":"Conditionnelle : si le plancher ne peut pas être calé au-dessus des PHEC (impossibilité fonctionnelle dûment justifiée), un niveau refuge adapté est exigé (20 m² minimum pour une habitation, hauteur 1,80 m minimum, un refuge par logement/local, pas de refuge \"collectif\").","refugeCategorie":"Conditionnelle (impossibilité fonctionnelle à justifier)","zonesIntersectees":"Ri","etagePresent":"Non","etageSource":"estimé par la hauteur du bâti (3.4 m), fiabilité modérée","typologie":"Typologie indéterminée (donnée absente ou non exploitable)","eligibiliteFprnm":"Non déterminé - typologie non qualifiée en l'état, à vérifier sur site.","hauteurM":3.4,"isErp":false}},{"type":"Feature","geometry":{"coordinates":[[[1.230321,43.291373],[1.230318,43.291396],[1.230362,43.291399],[1.230364,43.291376],[1.230321,43.291373]]],"type":"Polygon"},"properties":{"id":"BATIMENT0000000343241775","zoneCode":"Ri","zoneLabel":"Rouge inondation","zoneColor":"#E2001A","concerne":true,"regime":"Constructions nouvelles : Interdites, sauf exceptions très limitées (accès de sécurité, abris légers <20 m² une fois, locaux techniques agricoles, serres tunnel...). Constructions existantes : Extension limitée à 20 % de l'emprise existante, une seule fois depuis le 06/02/2018, plancher au-dessus des PHEC.","etudeGeotechniqueG2":false,"diagnostic":"Non obligatoire pour l'habitat ; auto-diagnostic de vulnérabilité recommandé (à la charge du propriétaire).","zoneRefuge":"Conditionnelle : si le plancher ne peut pas être calé au-dessus des PHEC (impossibilité fonctionnelle dûment justifiée), un niveau refuge adapté est exigé (20 m² minimum pour une habitation, hauteur 1,80 m minimum, un refuge par logement/local, pas de refuge \"collectif\").","refugeCategorie":"Conditionnelle (impossibilité fonctionnelle à justifier)","zonesIntersectees":"Ri","etagePresent":"Oui","etageSource":"estimé par la hauteur du bâti (5.5 m), fiabilité modérée","typologie":"Typologie indéterminée (donnée absente ou non exploitable)","eligibiliteFprnm":"Non déterminé - typologie non qualifiée en l'état, à vérifier sur site.","hauteurM":5.5,"isErp":false}},{"type":"Feature","geometry":{"coordinates":[[[1.229093,43.291883],[1.229017,43.291876],[1.229022,43.291846],[1.229098,43.291853],[1.229093,43.291883]]],"type":"Polygon"},"properties":{"id":"BATIMENT0000000343241812","zoneCode":"Bi","zoneLabel":"Bleue inondation","zoneColor":"#4FA8E0","concerne":true,"regime":"Constructions nouvelles : Autorisées sous prescriptions (plancher au-dessus des PHEC, transparence hydraulique, matériaux les moins vulnérables). Constructions existantes : Extension jusqu'à 30 % de l'emprise existante, une seule fois depuis le 06/02/2018.","etudeGeotechniqueG2":false,"diagnostic":"Non obligatoire pour l'habitat ; auto-diagnostic de vulnérabilité recommandé (à la charge du propriétaire).","zoneRefuge":"Conditionnelle : si le plancher ne peut pas être calé au-dessus des PHEC (impossibilité fonctionnelle dûment justifiée), un niveau refuge adapté est exigé (20 m² minimum pour une habitation, hauteur 1,80 m minimum, un refuge par logement/local, pas de refuge \"collectif\").","refugeCategorie":"Conditionnelle (impossibilité fonctionnelle à justifier)","zonesIntersectees":"Bi","etagePresent":"Non","etageSource":"estimé par la hauteur du bâti (3.1 m), fiabilité modérée","typologie":"Typologie indéterminée (donnée absente ou non exploitable)","eligibiliteFprnm":"Non déterminé - typologie non qualifiée en l'état, à vérifier sur site.","hauteurM":3.1,"isErp":false}},{"type":"Feature","geometry":{"coordinates":[[[1.229819,43.291648],[1.229832,43.291566],[1.230013,43.291583],[1.230002,43.291661],[1.229819,43.291648]]],"type":"Polygon"},"properties":{"id":"BATIMENT0000000343241794","zoneCode":"Ri","zoneLabel":"Rouge inondation","zoneColor":"#E2001A","concerne":true,"regime":"Constructions nouvelles : Interdites, sauf exceptions très limitées (accès de sécurité, abris légers <20 m² une fois, locaux techniques agricoles, serres tunnel...). Constructions existantes : Extension limitée à 20 % de l'emprise existante, une seule fois depuis le 06/02/2018, plancher au-dessus des PHEC.","etudeGeotechniqueG2":false,"diagnostic":"Non obligatoire pour l'habitat ; auto-diagnostic de vulnérabilité recommandé (à la charge du propriétaire).","zoneRefuge":"Conditionnelle : si le plancher ne peut pas être calé au-dessus des PHEC (impossibilité fonctionnelle dûment justifiée), un niveau refuge adapté est exigé (20 m² minimum pour une habitation, hauteur 1,80 m minimum, un refuge par logement/local, pas de refuge \"collectif\").","refugeCategorie":"Conditionnelle (impossibilité fonctionnelle à justifier)","zonesIntersectees":"Ri","etagePresent":"Non","etageSource":"connu (BDNB Fichiers Fonciers nb_niveau=1)","typologie":"Maison individuelle","eligibiliteFprnm":"Éligible - habitation : Fonds Barnier (FPRNM) à 80 % des travaux de prévention prescrits par le PPRN, plafond légal national, sous réserve d'un bien existant avant le 21/06/2022.","nbLogements":1,"hauteurM":3.4,"isErp":false}},{"type":"Feature","geometry":{"coordinates":[[[1.229831,43.291576],[1.22982,43.291638],[1.229776,43.291633],[1.229787,43.291571],[1.229831,43.291576]]],"type":"Polygon"},"properties":{"id":"BATIMENT0000000343241795","zoneCode":"Ri","zoneLabel":"Rouge inondation","zoneColor":"#E2001A","concerne":true,"regime":"Constructions nouvelles : Interdites, sauf exceptions très limitées (accès de sécurité, abris légers <20 m² une fois, locaux techniques agricoles, serres tunnel...). Constructions existantes : Extension limitée à 20 % de l'emprise existante, une seule fois depuis le 06/02/2018, plancher au-dessus des PHEC.","etudeGeotechniqueG2":false,"diagnostic":"Non obligatoire pour l'habitat ; auto-diagnostic de vulnérabilité recommandé (à la charge du propriétaire).","zoneRefuge":"Conditionnelle : si le plancher ne peut pas être calé au-dessus des PHEC (impossibilité fonctionnelle dûment justifiée), un niveau refuge adapté est exigé (20 m² minimum pour une habitation, hauteur 1,80 m minimum, un refuge par logement/local, pas de refuge \"collectif\").","refugeCategorie":"Conditionnelle (impossibilité fonctionnelle à justifier)","zonesIntersectees":"Ri","etagePresent":"Non","etageSource":"estimé par la hauteur du bâti (3.2 m), fiabilité modérée","typologie":"Typologie indéterminée (donnée absente ou non exploitable)","eligibiliteFprnm":"Non déterminé - typologie non qualifiée en l'état, à vérifier sur site.","hauteurM":3.2,"isErp":false}},{"type":"Feature","geometry":{"coordinates":[[[1.229924,43.291306],[1.230047,43.291314],[1.230049,43.2913],[1.230113,43.291304],[1.230103,43.291388],[1.229977,43.291378],[1.229979,43.29136],[1.229919,43.291355],[1.229924,43.291306]]],"type":"Polygon"},"properties":{"id":"BATIMENT0000000343241796","zoneCode":"Ri","zoneLabel":"Rouge inondation","zoneColor":"#E2001A","concerne":true,"regime":"Constructions nouvelles : Interdites, sauf exceptions très limitées (accès de sécurité, abris légers <20 m² une fois, locaux techniques agricoles, serres tunnel...). Constructions existantes : Extension limitée à 20 % de l'emprise existante, une seule fois depuis le 06/02/2018, plancher au-dessus des PHEC.","etudeGeotechniqueG2":false,"diagnostic":"Non obligatoire pour l'habitat ; auto-diagnostic de vulnérabilité recommandé (à la charge du propriétaire).","zoneRefuge":"Conditionnelle : si le plancher ne peut pas être calé au-dessus des PHEC (impossibilité fonctionnelle dûment justifiée), un niveau refuge adapté est exigé (20 m² minimum pour une habitation, hauteur 1,80 m minimum, un refuge par logement/local, pas de refuge \"collectif\").","refugeCategorie":"Conditionnelle (impossibilité fonctionnelle à justifier)","zonesIntersectees":"Ri","etagePresent":"Oui","etageSource":"connu (BDNB Fichiers Fonciers nb_niveau=2)","typologie":"Maison individuelle","eligibiliteFprnm":"Éligible - habitation : Fonds Barnier (FPRNM) à 80 % des travaux de prévention prescrits par le PPRN, plafond légal national, sous réserve d'un bien existant avant le 21/06/2022.","nbLogements":1,"hauteurM":5.6,"isErp":false}},{"type":"Feature","geometry":{"coordinates":[[[1.230017,43.291299],[1.230049,43.2913],[1.230047,43.291314],[1.230014,43.291312],[1.230017,43.291299]]],"type":"Polygon"},"properties":{"id":"BATIMENT0000000343241797","zoneCode":"Ri","zoneLabel":"Rouge inondation","zoneColor":"#E2001A","concerne":true,"regime":"Constructions nouvelles : Interdites, sauf exceptions très limitées (accès de sécurité, abris légers <20 m² une fois, locaux techniques agricoles, serres tunnel...). Constructions existantes : Extension limitée à 20 % de l'emprise existante, une seule fois depuis le 06/02/2018, plancher au-dessus des PHEC.","etudeGeotechniqueG2":false,"diagnostic":"Non obligatoire pour l'habitat ; auto-diagnostic de vulnérabilité recommandé (à la charge du propriétaire).","zoneRefuge":"Conditionnelle : si le plancher ne peut pas être calé au-dessus des PHEC (impossibilité fonctionnelle dûment justifiée), un niveau refuge adapté est exigé (20 m² minimum pour une habitation, hauteur 1,80 m minimum, un refuge par logement/local, pas de refuge \"collectif\").","refugeCategorie":"Conditionnelle (impossibilité fonctionnelle à justifier)","zonesIntersectees":"Ri","etagePresent":"Oui","etageSource":"estimé par la hauteur du bâti (5.4 m), fiabilité modérée","typologie":"Typologie indéterminée (donnée absente ou non exploitable)","eligibiliteFprnm":"Non déterminé - typologie non qualifiée en l'état, à vérifier sur site.","hauteurM":5.4,"isErp":false}},{"type":"Feature","geometry":{"coordinates":[[[1.228847,43.293025],[1.228775,43.293001],[1.228803,43.292954],[1.228875,43.292977],[1.228847,43.293025]]],"type":"Polygon"},"properties":{"id":"BATIMENT0000000343241798","zoneCode":"Ri","zoneLabel":"Rouge inondation","zoneColor":"#E2001A","concerne":true,"regime":"Constructions nouvelles : Interdites, sauf exceptions très limitées (accès de sécurité, abris légers <20 m² une fois, locaux techniques agricoles, serres tunnel...). Constructions existantes : Extension limitée à 20 % de l'emprise existante, une seule fois depuis le 06/02/2018, plancher au-dessus des PHEC.","etudeGeotechniqueG2":false,"diagnostic":"Non obligatoire pour l'habitat ; auto-diagnostic de vulnérabilité recommandé (à la charge du propriétaire).","zoneRefuge":"Conditionnelle : si le plancher ne peut pas être calé au-dessus des PHEC (impossibilité fonctionnelle dûment justifiée), un niveau refuge adapté est exigé (20 m² minimum pour une habitation, hauteur 1,80 m minimum, un refuge par logement/local, pas de refuge \"collectif\").","refugeCategorie":"Conditionnelle (impossibilité fonctionnelle à justifier)","zonesIntersectees":"Ri","etagePresent":"Non","etageSource":"connu (BD TOPO nombre_d_etages)","typologie":"Annexe (non habitée)","eligibiliteFprnm":"Non déterminé - typologie non qualifiée en l'état, à vérifier sur site.","nbLogements":0,"hauteurM":3.2,"isErp":false}},{"type":"Feature","geometry":{"coordinates":[[[1.229022,43.291846],[1.229036,43.291757],[1.229172,43.29177],[1.229156,43.29189],[1.229093,43.291883],[1.229098,43.291853],[1.229022,43.291846]]],"type":"Polygon"},"properties":{"id":"BATIMENT0000000343241813","zoneCode":"Bi","zoneLabel":"Bleue inondation","zoneColor":"#4FA8E0","concerne":true,"regime":"Constructions nouvelles : Autorisées sous prescriptions (plancher au-dessus des PHEC, transparence hydraulique, matériaux les moins vulnérables). Constructions existantes : Extension jusqu'à 30 % de l'emprise existante, une seule fois depuis le 06/02/2018.","etudeGeotechniqueG2":false,"diagnostic":"Non obligatoire pour l'habitat ; auto-diagnostic de vulnérabilité recommandé (à la charge du propriétaire).","zoneRefuge":"Conditionnelle : si le plancher ne peut pas être calé au-dessus des PHEC (impossibilité fonctionnelle dûment justifiée), un niveau refuge adapté est exigé (20 m² minimum pour une habitation, hauteur 1,80 m minimum, un refuge par logement/local, pas de refuge \"collectif\").","refugeCategorie":"Conditionnelle (impossibilité fonctionnelle à justifier)","zonesIntersectees":"Bi","etagePresent":"Non","etageSource":"connu (BDNB Fichiers Fonciers nb_niveau=1)","typologie":"Maison individuelle","eligibiliteFprnm":"Éligible - habitation : Fonds Barnier (FPRNM) à 80 % des travaux de prévention prescrits par le PPRN, plafond légal national, sous réserve d'un bien existant avant le 21/06/2022.","nbLogements":1,"hauteurM":3.2,"isErp":false}},{"type":"Feature","geometry":{"coordinates":[[[1.23053,43.290683],[1.230028,43.290678],[1.230028,43.290725],[1.230529,43.290731],[1.23053,43.290683]]],"type":"Polygon"},"properties":{"id":"BATIMENT0000000343241826","zoneCode":"Ri","zoneLabel":"Rouge inondation","zoneColor":"#E2001A","concerne":true,"regime":"Constructions nouvelles : Interdites, sauf exceptions très limitées (accès de sécurité, abris légers <20 m² une fois, locaux techniques agricoles, serres tunnel...). Constructions existantes : Extension limitée à 20 % de l'emprise existante, une seule fois depuis le 06/02/2018, plancher au-dessus des PHEC.","etudeGeotechniqueG2":false,"diagnostic":"Non obligatoire pour l'habitat ; auto-diagnostic de vulnérabilité recommandé (à la charge du propriétaire).","zoneRefuge":"Conditionnelle : si le plancher ne peut pas être calé au-dessus des PHEC (impossibilité fonctionnelle dûment justifiée), un niveau refuge adapté est exigé (20 m² minimum pour une habitation, hauteur 1,80 m minimum, un refuge par logement/local, pas de refuge \"collectif\").","refugeCategorie":"Conditionnelle (impossibilité fonctionnelle à justifier)","zonesIntersectees":"Ri","etagePresent":"Non","etageSource":"estimé par la hauteur du bâti (4.9 m), fiabilité modérée","typologie":"Activité économique","eligibiliteFprnm":"Potentiellement éligible - activité : Fonds Barnier (FPRNM) à 20 % des travaux prescrits si moins de 20 salariés (effectif non déductible des données géographiques, à vérifier), sous réserve d'un bien existant avant le 21/06/2022.","hauteurM":4.9,"isErp":false}},{"type":"Feature","geometry":{"coordinates":[[[1.229204,43.292068],[1.229113,43.292061],[1.229118,43.292022],[1.228961,43.292011],[1.22897,43.291934],[1.229216,43.291953],[1.229204,43.292068]]],"type":"Polygon"},"properties":{"id":"BATIMENT0000000343241836","zoneCode":"Bi","zoneLabel":"Bleue inondation","zoneColor":"#4FA8E0","concerne":true,"regime":"Constructions nouvelles : Autorisées sous prescriptions (plancher au-dessus des PHEC, transparence hydraulique, matériaux les moins vulnérables). Constructions existantes : Extension jusqu'à 30 % de l'emprise existante, une seule fois depuis le 06/02/2018.","etudeGeotechniqueG2":false,"diagnostic":"Non obligatoire pour l'habitat ; auto-diagnostic de vulnérabilité recommandé (à la charge du propriétaire).","zoneRefuge":"Conditionnelle : si le plancher ne peut pas être calé au-dessus des PHEC (impossibilité fonctionnelle dûment justifiée), un niveau refuge adapté est exigé (20 m² minimum pour une habitation, hauteur 1,80 m minimum, un refuge par logement/local, pas de refuge \"collectif\").","refugeCategorie":"Conditionnelle (impossibilité fonctionnelle à justifier)","zonesIntersectees":"Bi","etagePresent":"Non","etageSource":"connu (BDNB Fichiers Fonciers nb_niveau=1)","typologie":"Maison individuelle","eligibiliteFprnm":"Éligible - habitation : Fonds Barnier (FPRNM) à 80 % des travaux de prévention prescrits par le PPRN, plafond légal national, sous réserve d'un bien existant avant le 21/06/2022.","nbLogements":1,"hauteurM":4.3,"isErp":false}},{"type":"Feature","geometry":{"coordinates":[[[1.229061,43.292203],[1.229059,43.292237],[1.228919,43.292229],[1.228932,43.292141],[1.229053,43.292151],[1.229045,43.292202],[1.229061,43.292203]]],"type":"Polygon"},"properties":{"id":"BATIMENT0000000343241837","zoneCode":"Bi","zoneLabel":"Bleue inondation","zoneColor":"#4FA8E0","concerne":true,"regime":"Constructions nouvelles : Autorisées sous prescriptions (plancher au-dessus des PHEC, transparence hydraulique, matériaux les moins vulnérables). Constructions existantes : Extension jusqu'à 30 % de l'emprise existante, une seule fois depuis le 06/02/2018.","etudeGeotechniqueG2":false,"diagnostic":"Non obligatoire pour l'habitat ; auto-diagnostic de vulnérabilité recommandé (à la charge du propriétaire).","zoneRefuge":"Conditionnelle : si le plancher ne peut pas être calé au-dessus des PHEC (impossibilité fonctionnelle dûment justifiée), un niveau refuge adapté est exigé (20 m² minimum pour une habitation, hauteur 1,80 m minimum, un refuge par logement/local, pas de refuge \"collectif\").","refugeCategorie":"Conditionnelle (impossibilité fonctionnelle à justifier)","zonesIntersectees":"Bi","etagePresent":"Oui","etageSource":"étage retenu par prudence (1 niveau(x) déclaré(s), incohérent avec la hauteur mesurée 5.7 m > seuil 5.30 m)","typologie":"Maison individuelle","eligibiliteFprnm":"Éligible - habitation : Fonds Barnier (FPRNM) à 80 % des travaux de prévention prescrits par le PPRN, plafond légal national, sous réserve d'un bien existant avant le 21/06/2022.","nbLogements":1,"hauteurM":5.7,"isErp":false}},{"type":"Feature","geometry":{"coordinates":[[[1.22938,43.291545],[1.229365,43.291638],[1.229188,43.291624],[1.229202,43.29153],[1.22938,43.291545]]],"type":"Polygon"},"properties":{"id":"BATIMENT0000000343241838","zoneCode":"Ri","zoneLabel":"Rouge inondation","zoneColor":"#E2001A","concerne":true,"regime":"Constructions nouvelles : Interdites, sauf exceptions très limitées (accès de sécurité, abris légers <20 m² une fois, locaux techniques agricoles, serres tunnel...). Constructions existantes : Extension limitée à 20 % de l'emprise existante, une seule fois depuis le 06/02/2018, plancher au-dessus des PHEC.","etudeGeotechniqueG2":false,"diagnostic":"Non obligatoire pour l'habitat ; auto-diagnostic de vulnérabilité recommandé (à la charge du propriétaire).","zoneRefuge":"Conditionnelle : si le plancher ne peut pas être calé au-dessus des PHEC (impossibilité fonctionnelle dûment justifiée), un niveau refuge adapté est exigé (20 m² minimum pour une habitation, hauteur 1,80 m minimum, un refuge par logement/local, pas de refuge \"collectif\").","refugeCategorie":"Conditionnelle (impossibilité fonctionnelle à justifier)","zonesIntersectees":"Bi;Ri","etagePresent":"Non","etageSource":"connu (BDNB Fichiers Fonciers nb_niveau=1)","typologie":"Maison individuelle","eligibiliteFprnm":"Éligible - habitation : Fonds Barnier (FPRNM) à 80 % des travaux de prévention prescrits par le PPRN, plafond légal national, sous réserve d'un bien existant avant le 21/06/2022.","nbLogements":1,"hauteurM":4.3,"isErp":false}},{"type":"Feature","geometry":{"coordinates":[[[1.228693,43.292885],[1.228649,43.292955],[1.22847,43.292895],[1.228514,43.292824],[1.228693,43.292885]]],"type":"Polygon"},"properties":{"id":"BATIMENT0000000343241840","zoneCode":"Ri","zoneLabel":"Rouge inondation","zoneColor":"#E2001A","concerne":true,"regime":"Constructions nouvelles : Interdites, sauf exceptions très limitées (accès de sécurité, abris légers <20 m² une fois, locaux techniques agricoles, serres tunnel...). Constructions existantes : Extension limitée à 20 % de l'emprise existante, une seule fois depuis le 06/02/2018, plancher au-dessus des PHEC.","etudeGeotechniqueG2":false,"diagnostic":"Non obligatoire pour l'habitat ; auto-diagnostic de vulnérabilité recommandé (à la charge du propriétaire).","zoneRefuge":"Conditionnelle : si le plancher ne peut pas être calé au-dessus des PHEC (impossibilité fonctionnelle dûment justifiée), un niveau refuge adapté est exigé (20 m² minimum pour une habitation, hauteur 1,80 m minimum, un refuge par logement/local, pas de refuge \"collectif\").","refugeCategorie":"Conditionnelle (impossibilité fonctionnelle à justifier)","zonesIntersectees":"Bi;Ri","etagePresent":"Non","etageSource":"connu (BDNB Fichiers Fonciers nb_niveau=1)","typologie":"Maison individuelle","eligibiliteFprnm":"Éligible - habitation : Fonds Barnier (FPRNM) à 80 % des travaux de prévention prescrits par le PPRN, plafond légal national, sous réserve d'un bien existant avant le 21/06/2022.","nbLogements":1,"hauteurM":4.2,"isErp":false}},{"type":"Feature","geometry":{"coordinates":[[[1.230457,43.291458],[1.230466,43.291393],[1.230524,43.291397],[1.230516,43.291461],[1.230457,43.291458]]],"type":"Polygon"},"properties":{"id":"BATIMENT0000000343241874","zoneCode":"Ri","zoneLabel":"Rouge inondation","zoneColor":"#E2001A","concerne":true,"regime":"Constructions nouvelles : Interdites, sauf exceptions très limitées (accès de sécurité, abris légers <20 m² une fois, locaux techniques agricoles, serres tunnel...). Constructions existantes : Extension limitée à 20 % de l'emprise existante, une seule fois depuis le 06/02/2018, plancher au-dessus des PHEC.","etudeGeotechniqueG2":false,"diagnostic":"Non obligatoire pour l'habitat ; auto-diagnostic de vulnérabilité recommandé (à la charge du propriétaire).","zoneRefuge":"Conditionnelle : si le plancher ne peut pas être calé au-dessus des PHEC (impossibilité fonctionnelle dûment justifiée), un niveau refuge adapté est exigé (20 m² minimum pour une habitation, hauteur 1,80 m minimum, un refuge par logement/local, pas de refuge \"collectif\").","refugeCategorie":"Conditionnelle (impossibilité fonctionnelle à justifier)","zonesIntersectees":"Ri","etagePresent":"Oui","etageSource":"connu (BDNB Fichiers Fonciers nb_niveau=2)","typologie":"Annexe (non habitée)","eligibiliteFprnm":"Non déterminé - typologie non qualifiée en l'état, à vérifier sur site.","nbLogements":0,"hauteurM":2.5,"isErp":false}},{"type":"Feature","geometry":{"coordinates":[[[1.227743,43.294425],[1.227784,43.294421],[1.227893,43.294474],[1.227844,43.294531],[1.227716,43.294468],[1.227706,43.294461],[1.227743,43.294425]]],"type":"Polygon"},"properties":{"id":"BATIMENT0000000343241880","zoneCode":"Ri","zoneLabel":"Rouge inondation","zoneColor":"#E2001A","concerne":true,"regime":"Constructions nouvelles : Interdites, sauf exceptions très limitées (accès de sécurité, abris légers <20 m² une fois, locaux techniques agricoles, serres tunnel...). Constructions existantes : Extension limitée à 20 % de l'emprise existante, une seule fois depuis le 06/02/2018, plancher au-dessus des PHEC.","etudeGeotechniqueG2":false,"diagnostic":"Non obligatoire pour l'habitat ; auto-diagnostic de vulnérabilité recommandé (à la charge du propriétaire).","zoneRefuge":"Conditionnelle : si le plancher ne peut pas être calé au-dessus des PHEC (impossibilité fonctionnelle dûment justifiée), un niveau refuge adapté est exigé (20 m² minimum pour une habitation, hauteur 1,80 m minimum, un refuge par logement/local, pas de refuge \"collectif\").","refugeCategorie":"Conditionnelle (impossibilité fonctionnelle à justifier)","zonesIntersectees":"Ri","etagePresent":"Oui","etageSource":"connu (BDNB Fichiers Fonciers nb_niveau=2)","typologie":"Activité économique","eligibiliteFprnm":"Potentiellement éligible - activité : Fonds Barnier (FPRNM) à 20 % des travaux prescrits si moins de 20 salariés (effectif non déductible des données géographiques, à vérifier), sous réserve d'un bien existant avant le 21/06/2022.","nbLogements":0,"hauteurM":14.7,"isErp":false}},{"type":"Feature","geometry":{"coordinates":[[[1.227447,43.293908],[1.22748,43.293853],[1.227444,43.293843],[1.227413,43.293896],[1.227447,43.293908]]],"type":"Polygon"},"properties":{"id":"BATIMENT0000000343241898","zoneCode":"Bi","zoneLabel":"Bleue inondation","zoneColor":"#4FA8E0","concerne":true,"regime":"Constructions nouvelles : Autorisées sous prescriptions (plancher au-dessus des PHEC, transparence hydraulique, matériaux les moins vulnérables). Constructions existantes : Extension jusqu'à 30 % de l'emprise existante, une seule fois depuis le 06/02/2018.","etudeGeotechniqueG2":false,"diagnostic":"Non obligatoire pour l'habitat ; auto-diagnostic de vulnérabilité recommandé (à la charge du propriétaire).","zoneRefuge":"Conditionnelle : si le plancher ne peut pas être calé au-dessus des PHEC (impossibilité fonctionnelle dûment justifiée), un niveau refuge adapté est exigé (20 m² minimum pour une habitation, hauteur 1,80 m minimum, un refuge par logement/local, pas de refuge \"collectif\").","refugeCategorie":"Conditionnelle (impossibilité fonctionnelle à justifier)","zonesIntersectees":"Bi","etagePresent":"Non","etageSource":"estimé par la hauteur du bâti (2.9 m), fiabilité modérée","typologie":"Typologie indéterminée (donnée absente ou non exploitable)","eligibiliteFprnm":"Non déterminé - typologie non qualifiée en l'état, à vérifier sur site.","hauteurM":2.9,"isErp":false}},{"type":"Feature","geometry":{"coordinates":[[[1.227572,43.294168],[1.227621,43.294073],[1.227864,43.294138],[1.227813,43.294233],[1.227572,43.294168]]],"type":"Polygon"},"properties":{"id":"BATIMENT0000000343241893","zoneCode":"Ri","zoneLabel":"Rouge inondation","zoneColor":"#E2001A","concerne":true,"regime":"Constructions nouvelles : Interdites, sauf exceptions très limitées (accès de sécurité, abris légers <20 m² une fois, locaux techniques agricoles, serres tunnel...). Constructions existantes : Extension limitée à 20 % de l'emprise existante, une seule fois depuis le 06/02/2018, plancher au-dessus des PHEC.","etudeGeotechniqueG2":false,"diagnostic":"Non obligatoire pour l'habitat ; auto-diagnostic de vulnérabilité recommandé (à la charge du propriétaire).","zoneRefuge":"Conditionnelle : si le plancher ne peut pas être calé au-dessus des PHEC (impossibilité fonctionnelle dûment justifiée), un niveau refuge adapté est exigé (20 m² minimum pour une habitation, hauteur 1,80 m minimum, un refuge par logement/local, pas de refuge \"collectif\").","refugeCategorie":"Conditionnelle (impossibilité fonctionnelle à justifier)","zonesIntersectees":"Bi;Ri","etagePresent":"Oui","etageSource":"estimé par la hauteur du bâti (7.8 m), fiabilité modérée","typologie":"Typologie indéterminée (donnée absente ou non exploitable)","eligibiliteFprnm":"Non déterminé - typologie non qualifiée en l'état, à vérifier sur site.","hauteurM":7.8,"isErp":false}},{"type":"Feature","geometry":{"coordinates":[[[1.230793,43.29427],[1.230709,43.294184],[1.230767,43.294158],[1.23085,43.294242],[1.230793,43.29427]]],"type":"Polygon"},"properties":{"id":"BATIMENT0000000343241894","zoneCode":"Re","zoneLabel":"Rouge mouvement de terrain (recul de berge)","zoneColor":"#D62839","concerne":true,"regime":"Constructions nouvelles : Interdites, sauf travaux d'infrastructure publique et exceptions mesurées (extension RDC <20 m² une fois, structures garage/annexe <20 m²). Constructions existantes : Extension <20 m² une fois depuis le 06/02/2018, pas de terrassement créant un dénivelé >0,5 m. Étude géotechnique G2 (norme NF P 94-500) obligatoire avant travaux, sauf exceptions ponctuelles prévues par le règlement.","etudeGeotechniqueG2":true,"diagnostic":"Non concerné (hors zone inondable).","zoneRefuge":"Non applicable (zone hors risque inondation).","refugeCategorie":"Non applicable","zonesIntersectees":"Re","etagePresent":"Non","etageSource":"estimé par la hauteur du bâti (3.6 m), fiabilité modérée","typologie":"Typologie indéterminée (donnée absente ou non exploitable)","eligibiliteFprnm":"Non déterminé - typologie non qualifiée en l'état, à vérifier sur site.","hauteurM":3.6,"isErp":false}},{"type":"Feature","geometry":{"coordinates":[[[1.231807,43.293695],[1.231772,43.293698],[1.23177,43.293685],[1.231717,43.293688],[1.231714,43.293671],[1.231696,43.293671],[1.231689,43.293606],[1.231789,43.293597],[1.231807,43.293695]]],"type":"Polygon"},"properties":{"id":"BATIMENT0000000343241896","zoneCode":"Re","zoneLabel":"Rouge mouvement de terrain (recul de berge)","zoneColor":"#D62839","concerne":true,"regime":"Constructions nouvelles : Interdites, sauf travaux d'infrastructure publique et exceptions mesurées (extension RDC <20 m² une fois, structures garage/annexe <20 m²). Constructions existantes : Extension <20 m² une fois depuis le 06/02/2018, pas de terrassement créant un dénivelé >0,5 m. Étude géotechnique G2 (norme NF P 94-500) obligatoire avant travaux, sauf exceptions ponctuelles prévues par le règlement.","etudeGeotechniqueG2":true,"diagnostic":"Non concerné (hors zone inondable).","zoneRefuge":"Non applicable (zone hors risque inondation).","refugeCategorie":"Non applicable","zonesIntersectees":"Re","etagePresent":"Oui","etageSource":"estimé par la hauteur du bâti (7.5 m), fiabilité modérée","typologie":"Typologie indéterminée (donnée absente ou non exploitable)","eligibiliteFprnm":"Non déterminé - typologie non qualifiée en l'état, à vérifier sur site.","hauteurM":7.5,"isErp":false}},{"type":"Feature","geometry":{"coordinates":[[[1.22764,43.29382],[1.227569,43.293938],[1.227447,43.293908],[1.227521,43.293783],[1.22764,43.29382]]],"type":"Polygon"},"properties":{"id":"BATIMENT0000000343241897","zoneCode":"Bi","zoneLabel":"Bleue inondation","zoneColor":"#4FA8E0","concerne":true,"regime":"Constructions nouvelles : Autorisées sous prescriptions (plancher au-dessus des PHEC, transparence hydraulique, matériaux les moins vulnérables). Constructions existantes : Extension jusqu'à 30 % de l'emprise existante, une seule fois depuis le 06/02/2018.","etudeGeotechniqueG2":false,"diagnostic":"Non obligatoire pour l'habitat ; auto-diagnostic de vulnérabilité recommandé (à la charge du propriétaire).","zoneRefuge":"Conditionnelle : si le plancher ne peut pas être calé au-dessus des PHEC (impossibilité fonctionnelle dûment justifiée), un niveau refuge adapté est exigé (20 m² minimum pour une habitation, hauteur 1,80 m minimum, un refuge par logement/local, pas de refuge \"collectif\").","refugeCategorie":"Conditionnelle (impossibilité fonctionnelle à justifier)","zonesIntersectees":"Bi","etagePresent":"Non","etageSource":"connu (BDNB Fichiers Fonciers nb_niveau=1)","typologie":"Maison individuelle","eligibiliteFprnm":"Éligible - habitation : Fonds Barnier (FPRNM) à 80 % des travaux de prévention prescrits par le PPRN, plafond légal national, sous réserve d'un bien existant avant le 21/06/2022.","nbLogements":1,"hauteurM":3.7,"isErp":false}},{"type":"Feature","geometry":{"coordinates":[[[1.227525,43.293784],[1.227472,43.293768],[1.227484,43.293745],[1.227538,43.293762],[1.227525,43.293784]]],"type":"Polygon"},"properties":{"id":"BATIMENT0000000343241899","zoneCode":"Bi","zoneLabel":"Bleue inondation","zoneColor":"#4FA8E0","concerne":true,"regime":"Constructions nouvelles : Autorisées sous prescriptions (plancher au-dessus des PHEC, transparence hydraulique, matériaux les moins vulnérables). Constructions existantes : Extension jusqu'à 30 % de l'emprise existante, une seule fois depuis le 06/02/2018.","etudeGeotechniqueG2":false,"diagnostic":"Non obligatoire pour l'habitat ; auto-diagnostic de vulnérabilité recommandé (à la charge du propriétaire).","zoneRefuge":"Conditionnelle : si le plancher ne peut pas être calé au-dessus des PHEC (impossibilité fonctionnelle dûment justifiée), un niveau refuge adapté est exigé (20 m² minimum pour une habitation, hauteur 1,80 m minimum, un refuge par logement/local, pas de refuge \"collectif\").","refugeCategorie":"Conditionnelle (impossibilité fonctionnelle à justifier)","zonesIntersectees":"Bi","etagePresent":"Non","etageSource":"estimé par la hauteur du bâti (4.2 m), fiabilité modérée","typologie":"Typologie indéterminée (donnée absente ou non exploitable)","eligibiliteFprnm":"Non déterminé - typologie non qualifiée en l'état, à vérifier sur site.","hauteurM":4.2,"isErp":false}},{"type":"Feature","geometry":{"coordinates":[[[1.227472,43.293768],[1.227392,43.293742],[1.227402,43.293719],[1.227482,43.293744],[1.227501,43.293709],[1.227468,43.293698],[1.227524,43.293605],[1.227677,43.293655],[1.227621,43.293747],[1.227606,43.293742],[1.227585,43.293778],[1.227651,43.293799],[1.22764,43.29382],[1.227525,43.293784],[1.227538,43.293762],[1.227484,43.293745],[1.227472,43.293768]]],"type":"Polygon"},"properties":{"id":"BATIMENT0000000343241900","zoneCode":"Bi","zoneLabel":"Bleue inondation","zoneColor":"#4FA8E0","concerne":true,"regime":"Constructions nouvelles : Autorisées sous prescriptions (plancher au-dessus des PHEC, transparence hydraulique, matériaux les moins vulnérables). Constructions existantes : Extension jusqu'à 30 % de l'emprise existante, une seule fois depuis le 06/02/2018.","etudeGeotechniqueG2":false,"diagnostic":"Non obligatoire pour l'habitat ; auto-diagnostic de vulnérabilité recommandé (à la charge du propriétaire).","zoneRefuge":"Conditionnelle : si le plancher ne peut pas être calé au-dessus des PHEC (impossibilité fonctionnelle dûment justifiée), un niveau refuge adapté est exigé (20 m² minimum pour une habitation, hauteur 1,80 m minimum, un refuge par logement/local, pas de refuge \"collectif\").","refugeCategorie":"Conditionnelle (impossibilité fonctionnelle à justifier)","zonesIntersectees":"Bi","etagePresent":"Non","etageSource":"connu (BDNB Fichiers Fonciers nb_niveau=1)","typologie":"Maison individuelle","eligibiliteFprnm":"Éligible - habitation : Fonds Barnier (FPRNM) à 80 % des travaux de prévention prescrits par le PPRN, plafond légal national, sous réserve d'un bien existant avant le 21/06/2022.","nbLogements":1,"hauteurM":4.9,"isErp":false}},{"type":"Feature","geometry":{"coordinates":[[[1.227929,43.29393],[1.227948,43.293892],[1.227962,43.293905],[1.227946,43.293936],[1.227929,43.29393]]],"type":"Polygon"},"properties":{"id":"BATIMENT0000000343241901","zoneCode":"Ri","zoneLabel":"Rouge inondation","zoneColor":"#E2001A","concerne":true,"regime":"Constructions nouvelles : Interdites, sauf exceptions très limitées (accès de sécurité, abris légers <20 m² une fois, locaux techniques agricoles, serres tunnel...). Constructions existantes : Extension limitée à 20 % de l'emprise existante, une seule fois depuis le 06/02/2018, plancher au-dessus des PHEC.","etudeGeotechniqueG2":false,"diagnostic":"Non obligatoire pour l'habitat ; auto-diagnostic de vulnérabilité recommandé (à la charge du propriétaire).","zoneRefuge":"Conditionnelle : si le plancher ne peut pas être calé au-dessus des PHEC (impossibilité fonctionnelle dûment justifiée), un niveau refuge adapté est exigé (20 m² minimum pour une habitation, hauteur 1,80 m minimum, un refuge par logement/local, pas de refuge \"collectif\").","refugeCategorie":"Conditionnelle (impossibilité fonctionnelle à justifier)","zonesIntersectees":"Ri","etagePresent":"Non","etageSource":"estimé par la hauteur du bâti (4.9 m), fiabilité modérée","typologie":"Typologie indéterminée (donnée absente ou non exploitable)","eligibiliteFprnm":"Non déterminé - typologie non qualifiée en l'état, à vérifier sur site.","hauteurM":4.9,"isErp":false}},{"type":"Feature","geometry":{"coordinates":[[[1.227909,43.293923],[1.227946,43.293936],[1.227962,43.293905],[1.227948,43.293892],[1.228046,43.293861],[1.228092,43.293933],[1.228048,43.293947],[1.228018,43.294007],[1.227885,43.293971],[1.227909,43.293923]]],"type":"Polygon"},"properties":{"id":"BATIMENT0000000343241902","zoneCode":"Ri","zoneLabel":"Rouge inondation","zoneColor":"#E2001A","concerne":true,"regime":"Constructions nouvelles : Interdites, sauf exceptions très limitées (accès de sécurité, abris légers <20 m² une fois, locaux techniques agricoles, serres tunnel...). Constructions existantes : Extension limitée à 20 % de l'emprise existante, une seule fois depuis le 06/02/2018, plancher au-dessus des PHEC.","etudeGeotechniqueG2":false,"diagnostic":"Non obligatoire pour l'habitat ; auto-diagnostic de vulnérabilité recommandé (à la charge du propriétaire).","zoneRefuge":"Conditionnelle : si le plancher ne peut pas être calé au-dessus des PHEC (impossibilité fonctionnelle dûment justifiée), un niveau refuge adapté est exigé (20 m² minimum pour une habitation, hauteur 1,80 m minimum, un refuge par logement/local, pas de refuge \"collectif\").","refugeCategorie":"Conditionnelle (impossibilité fonctionnelle à justifier)","zonesIntersectees":"Ri","etagePresent":"Non","etageSource":"connu (BDNB Fichiers Fonciers nb_niveau=1)","typologie":"Maison individuelle","eligibiliteFprnm":"Éligible - habitation : Fonds Barnier (FPRNM) à 80 % des travaux de prévention prescrits par le PPRN, plafond légal national, sous réserve d'un bien existant avant le 21/06/2022.","nbLogements":1,"hauteurM":5.0,"isErp":false}},{"type":"Feature","geometry":{"coordinates":[[[1.228123,43.29352],[1.227961,43.293473],[1.228021,43.293367],[1.228049,43.293376],[1.228029,43.293412],[1.22816,43.29345],[1.228123,43.29352]]],"type":"Polygon"},"properties":{"id":"BATIMENT0000000343241905","zoneCode":"Ri","zoneLabel":"Rouge inondation","zoneColor":"#E2001A","concerne":true,"regime":"Constructions nouvelles : Interdites, sauf exceptions très limitées (accès de sécurité, abris légers <20 m² une fois, locaux techniques agricoles, serres tunnel...). Constructions existantes : Extension limitée à 20 % de l'emprise existante, une seule fois depuis le 06/02/2018, plancher au-dessus des PHEC.","etudeGeotechniqueG2":false,"diagnostic":"Non obligatoire pour l'habitat ; auto-diagnostic de vulnérabilité recommandé (à la charge du propriétaire).","zoneRefuge":"Conditionnelle : si le plancher ne peut pas être calé au-dessus des PHEC (impossibilité fonctionnelle dûment justifiée), un niveau refuge adapté est exigé (20 m² minimum pour une habitation, hauteur 1,80 m minimum, un refuge par logement/local, pas de refuge \"collectif\").","refugeCategorie":"Conditionnelle (impossibilité fonctionnelle à justifier)","zonesIntersectees":"Bi;Ri","etagePresent":"Oui","etageSource":"étage retenu par prudence (1 niveau(x) déclaré(s), incohérent avec la hauteur mesurée 5.8 m > seuil 5.30 m)","typologie":"Logement collectif (2 logements)","eligibiliteFprnm":"Éligible - habitation : Fonds Barnier (FPRNM) à 80 % des travaux de prévention prescrits par le PPRN, plafond légal national, sous réserve d'un bien existant avant le 21/06/2022.","nbLogements":2,"hauteurM":5.8,"isErp":false}},{"type":"Feature","geometry":{"coordinates":[[[1.228021,43.293367],[1.228034,43.293344],[1.228062,43.293352],[1.228049,43.293376],[1.228021,43.293367]]],"type":"Polygon"},"properties":{"id":"BATIMENT0000000343241906","zoneCode":"Ri","zoneLabel":"Rouge inondation","zoneColor":"#E2001A","concerne":true,"regime":"Constructions nouvelles : Interdites, sauf exceptions très limitées (accès de sécurité, abris légers <20 m² une fois, locaux techniques agricoles, serres tunnel...). Constructions existantes : Extension limitée à 20 % de l'emprise existante, une seule fois depuis le 06/02/2018, plancher au-dessus des PHEC.","etudeGeotechniqueG2":false,"diagnostic":"Non obligatoire pour l'habitat ; auto-diagnostic de vulnérabilité recommandé (à la charge du propriétaire).","zoneRefuge":"Conditionnelle : si le plancher ne peut pas être calé au-dessus des PHEC (impossibilité fonctionnelle dûment justifiée), un niveau refuge adapté est exigé (20 m² minimum pour une habitation, hauteur 1,80 m minimum, un refuge par logement/local, pas de refuge \"collectif\").","refugeCategorie":"Conditionnelle (impossibilité fonctionnelle à justifier)","zonesIntersectees":"Bi;Ri","etagePresent":"Non","etageSource":"estimé par la hauteur du bâti (1.2 m), fiabilité modérée","typologie":"Typologie indéterminée (donnée absente ou non exploitable)","eligibiliteFprnm":"Non déterminé - typologie non qualifiée en l'état, à vérifier sur site.","hauteurM":1.2,"isErp":false}},{"type":"Feature","geometry":{"coordinates":[[[1.228113,43.293818],[1.228061,43.293802],[1.228047,43.293828],[1.228098,43.293843],[1.228113,43.293818]]],"type":"Polygon"},"properties":{"id":"BATIMENT0000000343241916","zoneCode":"Ri","zoneLabel":"Rouge inondation","zoneColor":"#E2001A","concerne":true,"regime":"Constructions nouvelles : Interdites, sauf exceptions très limitées (accès de sécurité, abris légers <20 m² une fois, locaux techniques agricoles, serres tunnel...). Constructions existantes : Extension limitée à 20 % de l'emprise existante, une seule fois depuis le 06/02/2018, plancher au-dessus des PHEC.","etudeGeotechniqueG2":false,"diagnostic":"Non obligatoire pour l'habitat ; auto-diagnostic de vulnérabilité recommandé (à la charge du propriétaire).","zoneRefuge":"Conditionnelle : si le plancher ne peut pas être calé au-dessus des PHEC (impossibilité fonctionnelle dûment justifiée), un niveau refuge adapté est exigé (20 m² minimum pour une habitation, hauteur 1,80 m minimum, un refuge par logement/local, pas de refuge \"collectif\").","refugeCategorie":"Conditionnelle (impossibilité fonctionnelle à justifier)","zonesIntersectees":"Ri","etagePresent":"Non","etageSource":"estimé par la hauteur du bâti (3.5 m), fiabilité modérée","typologie":"Typologie indéterminée (donnée absente ou non exploitable)","eligibiliteFprnm":"Non déterminé - typologie non qualifiée en l'état, à vérifier sur site.","hauteurM":3.5,"isErp":false}},{"type":"Feature","geometry":{"coordinates":[[[1.228465,43.293687],[1.228437,43.293722],[1.228459,43.293732],[1.228408,43.293782],[1.228436,43.293797],[1.228507,43.293731],[1.22851,43.293716],[1.228508,43.293706],[1.228465,43.293687]]],"type":"Polygon"},"properties":{"id":"BATIMENT0000000343241917","zoneCode":"Ri","zoneLabel":"Rouge inondation","zoneColor":"#E2001A","concerne":true,"regime":"Constructions nouvelles : Interdites, sauf exceptions très limitées (accès de sécurité, abris légers <20 m² une fois, locaux techniques agricoles, serres tunnel...). Constructions existantes : Extension limitée à 20 % de l'emprise existante, une seule fois depuis le 06/02/2018, plancher au-dessus des PHEC.","etudeGeotechniqueG2":false,"diagnostic":"Non obligatoire pour l'habitat ; auto-diagnostic de vulnérabilité recommandé (à la charge du propriétaire).","zoneRefuge":"Conditionnelle : si le plancher ne peut pas être calé au-dessus des PHEC (impossibilité fonctionnelle dûment justifiée), un niveau refuge adapté est exigé (20 m² minimum pour une habitation, hauteur 1,80 m minimum, un refuge par logement/local, pas de refuge \"collectif\").","refugeCategorie":"Conditionnelle (impossibilité fonctionnelle à justifier)","zonesIntersectees":"Ri","etagePresent":"Oui","etageSource":"estimé par la hauteur du bâti (9.3 m), fiabilité modérée","typologie":"Typologie indéterminée (donnée absente ou non exploitable)","eligibiliteFprnm":"Non déterminé - typologie non qualifiée en l'état, à vérifier sur site.","hauteurM":9.3,"isErp":false}},{"type":"Feature","geometry":{"coordinates":[[[1.227853,43.293638],[1.227885,43.293647],[1.227895,43.29363],[1.227864,43.293619],[1.227853,43.293638]]],"type":"Polygon"},"properties":{"id":"BATIMENT0000000343241919","zoneCode":"Ri","zoneLabel":"Rouge inondation","zoneColor":"#E2001A","concerne":true,"regime":"Constructions nouvelles : Interdites, sauf exceptions très limitées (accès de sécurité, abris légers <20 m² une fois, locaux techniques agricoles, serres tunnel...). Constructions existantes : Extension limitée à 20 % de l'emprise existante, une seule fois depuis le 06/02/2018, plancher au-dessus des PHEC.","etudeGeotechniqueG2":false,"diagnostic":"Non obligatoire pour l'habitat ; auto-diagnostic de vulnérabilité recommandé (à la charge du propriétaire).","zoneRefuge":"Conditionnelle : si le plancher ne peut pas être calé au-dessus des PHEC (impossibilité fonctionnelle dûment justifiée), un niveau refuge adapté est exigé (20 m² minimum pour une habitation, hauteur 1,80 m minimum, un refuge par logement/local, pas de refuge \"collectif\").","refugeCategorie":"Conditionnelle (impossibilité fonctionnelle à justifier)","zonesIntersectees":"Ri","etagePresent":"Non","etageSource":"estimé par la hauteur du bâti (2.2 m), fiabilité modérée","typologie":"Typologie indéterminée (donnée absente ou non exploitable)","eligibiliteFprnm":"Non déterminé - typologie non qualifiée en l'état, à vérifier sur site.","hauteurM":2.2,"isErp":false}},{"type":"Feature","geometry":{"coordinates":[[[1.22805,43.29416],[1.227996,43.294142],[1.227979,43.294167],[1.22803,43.29418],[1.22805,43.29416]]],"type":"Polygon"},"properties":{"id":"BATIMENT0000000343241921","zoneCode":"Ri","zoneLabel":"Rouge inondation","zoneColor":"#E2001A","concerne":true,"regime":"Constructions nouvelles : Interdites, sauf exceptions très limitées (accès de sécurité, abris légers <20 m² une fois, locaux techniques agricoles, serres tunnel...). Constructions existantes : Extension limitée à 20 % de l'emprise existante, une seule fois depuis le 06/02/2018, plancher au-dessus des PHEC.","etudeGeotechniqueG2":false,"diagnostic":"Non obligatoire pour l'habitat ; auto-diagnostic de vulnérabilité recommandé (à la charge du propriétaire).","zoneRefuge":"Conditionnelle : si le plancher ne peut pas être calé au-dessus des PHEC (impossibilité fonctionnelle dûment justifiée), un niveau refuge adapté est exigé (20 m² minimum pour une habitation, hauteur 1,80 m minimum, un refuge par logement/local, pas de refuge \"collectif\").","refugeCategorie":"Conditionnelle (impossibilité fonctionnelle à justifier)","zonesIntersectees":"Ri","etagePresent":"Oui","etageSource":"étage retenu par prudence (1 niveau(x) déclaré(s), incohérent avec la hauteur mesurée 5.8 m > seuil 5.30 m)","typologie":"Maison individuelle","typologieSource":"BDNB (Fichiers Fonciers)","eligibiliteFprnm":"Éligible - habitation : Fonds Barnier (FPRNM) à 80 % des travaux de prévention prescrits par le PPRN, plafond légal national, sous réserve d'un bien existant avant le 21/06/2022.","hauteurM":5.8,"isErp":false}},{"type":"Feature","geometry":{"coordinates":[[[1.234364,43.294176],[1.234349,43.29415],[1.234385,43.294139],[1.234402,43.294166],[1.234364,43.294176]]],"type":"Polygon"},"properties":{"id":"BATIMENT0000000343241923","zoneCode":"RHg","zoneLabel":"Rouge hachurée mouvement de terrain","zoneColor":"#E2001A","concerne":true,"regime":"Constructions nouvelles : Construction de bâtiments nouveaux à usage d'habitation interdite. Constructions existantes : Extension RDC <50 m² une fois depuis le 06/02/2018 sans étude si dénivelé <0,5 m ; au-delà, étude géotechnique G2 requise. Étude géotechnique G2 (norme NF P 94-500) obligatoire avant travaux, sauf exceptions ponctuelles prévues par le règlement.","etudeGeotechniqueG2":true,"diagnostic":"Non concerné (hors zone inondable).","zoneRefuge":"Non applicable (zone hors risque inondation).","refugeCategorie":"Non applicable","zonesIntersectees":"RHg","etagePresent":"Inconnu","etageSource":"aucune donnée disponible","typologie":"Typologie indéterminée (donnée absente ou non exploitable)","eligibiliteFprnm":"Non déterminé - typologie non qualifiée en l'état, à vérifier sur site.","isErp":false}},{"type":"Feature","geometry":{"coordinates":[[[1.233917,43.294823],[1.233924,43.294806],[1.23394,43.294799],[1.233962,43.2948],[1.233975,43.294812],[1.233978,43.29482],[1.233975,43.29483],[1.233968,43.294837],[1.233958,43.294841],[1.233947,43.294843],[1.233936,43.294841],[1.233926,43.294836],[1.233921,43.29483],[1.233917,43.294823]]],"type":"Polygon"},"properties":{"id":"BATIMENT0000000343241931","zoneCode":"RHg","zoneLabel":"Rouge hachurée mouvement de terrain","zoneColor":"#E2001A","concerne":true,"regime":"Constructions nouvelles : Construction de bâtiments nouveaux à usage d'habitation interdite. Constructions existantes : Extension RDC <50 m² une fois depuis le 06/02/2018 sans étude si dénivelé <0,5 m ; au-delà, étude géotechnique G2 requise. Étude géotechnique G2 (norme NF P 94-500) obligatoire avant travaux, sauf exceptions ponctuelles prévues par le règlement.","etudeGeotechniqueG2":true,"diagnostic":"Non concerné (hors zone inondable).","zoneRefuge":"Non applicable (zone hors risque inondation).","refugeCategorie":"Non applicable","zonesIntersectees":"RHg","etagePresent":"Oui","etageSource":"estimé par la hauteur du bâti (5.8 m), fiabilité modérée","typologie":"Typologie indéterminée (donnée absente ou non exploitable)","eligibiliteFprnm":"Non déterminé - typologie non qualifiée en l'état, à vérifier sur site.","hauteurM":5.8,"isErp":false}},{"type":"Feature","geometry":{"coordinates":[[[1.226513,43.298843],[1.226501,43.298801],[1.226544,43.298793],[1.226548,43.298804],[1.22667,43.298784],[1.226661,43.298758],[1.226785,43.298736],[1.226822,43.29879],[1.226513,43.298843]]],"type":"Polygon"},"properties":{"id":"BATIMENT0000000343241957","zoneCode":"Re","zoneLabel":"Rouge mouvement de terrain (recul de berge)","zoneColor":"#D62839","concerne":true,"regime":"Constructions nouvelles : Interdites, sauf travaux d'infrastructure publique et exceptions mesurées (extension RDC <20 m² une fois, structures garage/annexe <20 m²). Constructions existantes : Extension <20 m² une fois depuis le 06/02/2018, pas de terrassement créant un dénivelé >0,5 m. Étude géotechnique G2 (norme NF P 94-500) obligatoire avant travaux, sauf exceptions ponctuelles prévues par le règlement.","etudeGeotechniqueG2":true,"diagnostic":"Non concerné (hors zone inondable).","zoneRefuge":"Non applicable (zone hors risque inondation).","refugeCategorie":"Non applicable","zonesIntersectees":"BFe;Re","etagePresent":"Oui","etageSource":"connu (BDNB Fichiers Fonciers nb_niveau=2)","typologie":"Logement collectif (2 logements)","eligibiliteFprnm":"Éligible - habitation : Fonds Barnier (FPRNM) à 80 % des travaux de prévention prescrits par le PPRN, plafond légal national, sous réserve d'un bien existant avant le 21/06/2022.","nbLogements":2,"hauteurM":3.8,"isErp":false}},{"type":"Feature","geometry":{"coordinates":[[[1.226822,43.29879],[1.226679,43.298814],[1.226694,43.298859],[1.22685,43.298832],[1.226822,43.29879]]],"type":"Polygon"},"properties":{"id":"BATIMENT0000000343241959","zoneCode":"Re","zoneLabel":"Rouge mouvement de terrain (recul de berge)","zoneColor":"#D62839","concerne":true,"regime":"Constructions nouvelles : Interdites, sauf travaux d'infrastructure publique et exceptions mesurées (extension RDC <20 m² une fois, structures garage/annexe <20 m²). Constructions existantes : Extension <20 m² une fois depuis le 06/02/2018, pas de terrassement créant un dénivelé >0,5 m. Étude géotechnique G2 (norme NF P 94-500) obligatoire avant travaux, sauf exceptions ponctuelles prévues par le règlement.","etudeGeotechniqueG2":true,"diagnostic":"Non concerné (hors zone inondable).","zoneRefuge":"Non applicable (zone hors risque inondation).","refugeCategorie":"Non applicable","zonesIntersectees":"BFe;Re","etagePresent":"Oui","etageSource":"connu (BDNB Fichiers Fonciers nb_niveau=2)","typologie":"Maison individuelle","eligibiliteFprnm":"Éligible - habitation : Fonds Barnier (FPRNM) à 80 % des travaux de prévention prescrits par le PPRN, plafond légal national, sous réserve d'un bien existant avant le 21/06/2022.","nbLogements":1,"hauteurM":7.3,"isErp":false}},{"type":"Feature","geometry":{"coordinates":[[[1.23248,43.305296],[1.232444,43.305288],[1.232462,43.305247],[1.232492,43.30526],[1.23248,43.305296]]],"type":"Polygon"},"properties":{"id":"BATIMENT0000000343242367","zoneCode":"BFg","zoneLabel":"Bleue foncée mouvement de terrain","zoneColor":"#0033A0","concerne":true,"regime":"Constructions nouvelles : Interdites (seules les adaptations de l'existant sont possibles). Constructions existantes : Extension RDC <50 m² une fois depuis le 06/02/2018, changement de destination/aménagement sans augmenter la capacité d'accueil. Étude géotechnique G2 (norme NF P 94-500) obligatoire avant travaux, sauf exceptions ponctuelles prévues par le règlement.","etudeGeotechniqueG2":true,"diagnostic":"Non concerné (hors zone inondable).","zoneRefuge":"Non applicable (zone hors risque inondation).","refugeCategorie":"Non applicable","zonesIntersectees":"BFg","etagePresent":"Inconnu","etageSource":"aucune donnée disponible","typologie":"Typologie indéterminée (donnée absente ou non exploitable)","eligibiliteFprnm":"Non déterminé - typologie non qualifiée en l'état, à vérifier sur site.","isErp":false}},{"type":"Feature","geometry":{"coordinates":[[[1.229436,43.288217],[1.229496,43.288289],[1.229351,43.28835],[1.229331,43.288328],[1.22926,43.288355],[1.229209,43.288293],[1.229282,43.28826],[1.229298,43.288277],[1.229436,43.288217]]],"type":"Polygon"},"properties":{"id":"BATIMENT0000002002059422","zoneCode":"Ri","zoneLabel":"Rouge inondation","zoneColor":"#E2001A","concerne":true,"regime":"Constructions nouvelles : Interdites, sauf exceptions très limitées (accès de sécurité, abris légers <20 m² une fois, locaux techniques agricoles, serres tunnel...). Constructions existantes : Extension limitée à 20 % de l'emprise existante, une seule fois depuis le 06/02/2018, plancher au-dessus des PHEC.","etudeGeotechniqueG2":false,"diagnostic":"Non obligatoire pour l'habitat ; auto-diagnostic de vulnérabilité recommandé (à la charge du propriétaire).","zoneRefuge":"Conditionnelle : si le plancher ne peut pas être calé au-dessus des PHEC (impossibilité fonctionnelle dûment justifiée), un niveau refuge adapté est exigé (20 m² minimum pour une habitation, hauteur 1,80 m minimum, un refuge par logement/local, pas de refuge \"collectif\").","refugeCategorie":"Conditionnelle (impossibilité fonctionnelle à justifier)","zonesIntersectees":"Bi;Ri","etagePresent":"Non","etageSource":"connu (BDNB Fichiers Fonciers nb_niveau=1)","typologie":"Maison individuelle","eligibiliteFprnm":"Éligible - habitation : Fonds Barnier (FPRNM) à 80 % des travaux de prévention prescrits par le PPRN, plafond légal national, sous réserve d'un bien existant avant le 21/06/2022.","nbLogements":1,"hauteurM":4.6,"isErp":false}},{"type":"Feature","geometry":{"coordinates":[[[1.229117,43.288082],[1.229247,43.288018],[1.229356,43.288133],[1.229208,43.288205],[1.229177,43.288173],[1.229194,43.288167],[1.229117,43.288082]]],"type":"Polygon"},"properties":{"id":"BATIMENT0000002002059425","zoneCode":"Ri","zoneLabel":"Rouge inondation","zoneColor":"#E2001A","concerne":true,"regime":"Constructions nouvelles : Interdites, sauf exceptions très limitées (accès de sécurité, abris légers <20 m² une fois, locaux techniques agricoles, serres tunnel...). Constructions existantes : Extension limitée à 20 % de l'emprise existante, une seule fois depuis le 06/02/2018, plancher au-dessus des PHEC.","etudeGeotechniqueG2":false,"diagnostic":"Non obligatoire pour l'habitat ; auto-diagnostic de vulnérabilité recommandé (à la charge du propriétaire).","zoneRefuge":"Conditionnelle : si le plancher ne peut pas être calé au-dessus des PHEC (impossibilité fonctionnelle dûment justifiée), un niveau refuge adapté est exigé (20 m² minimum pour une habitation, hauteur 1,80 m minimum, un refuge par logement/local, pas de refuge \"collectif\").","refugeCategorie":"Conditionnelle (impossibilité fonctionnelle à justifier)","zonesIntersectees":"Ri","etagePresent":"Non","etageSource":"connu (BDNB Fichiers Fonciers nb_niveau=1)","typologie":"Maison individuelle","eligibiliteFprnm":"Éligible - habitation : Fonds Barnier (FPRNM) à 80 % des travaux de prévention prescrits par le PPRN, plafond légal national, sous réserve d'un bien existant avant le 21/06/2022.","nbLogements":1,"hauteurM":4.4,"isErp":false}},{"type":"Feature","geometry":{"coordinates":[[[1.266064,43.276504],[1.266405,43.276541],[1.26639,43.27661],[1.266336,43.276602],[1.266316,43.276706],[1.26622,43.276698],[1.26623,43.276656],[1.266092,43.27664],[1.266104,43.276577],[1.266049,43.27657],[1.266064,43.276504]]],"type":"Polygon"},"properties":{"id":"BATIMENT0000002002059524","zoneCode":"RHg","zoneLabel":"Rouge hachurée mouvement de terrain","zoneColor":"#E2001A","concerne":true,"regime":"Constructions nouvelles : Construction de bâtiments nouveaux à usage d'habitation interdite. Constructions existantes : Extension RDC <50 m² une fois depuis le 06/02/2018 sans étude si dénivelé <0,5 m ; au-delà, étude géotechnique G2 requise. Étude géotechnique G2 (norme NF P 94-500) obligatoire avant travaux, sauf exceptions ponctuelles prévues par le règlement.","etudeGeotechniqueG2":true,"diagnostic":"Non concerné (hors zone inondable).","zoneRefuge":"Non applicable (zone hors risque inondation).","refugeCategorie":"Non applicable","zonesIntersectees":"RHg","etagePresent":"Oui","etageSource":"étage retenu par prudence (1 niveau(x) déclaré(s), incohérent avec la hauteur mesurée 6.0 m > seuil 5.30 m)","typologie":"Maison individuelle","typologieSource":"BDNB (Fichiers Fonciers)","eligibiliteFprnm":"Éligible - habitation : Fonds Barnier (FPRNM) à 80 % des travaux de prévention prescrits par le PPRN, plafond légal national, sous réserve d'un bien existant avant le 21/06/2022.","hauteurM":6.0,"isErp":false}},{"type":"Feature","geometry":{"coordinates":[[[1.227083,43.298993],[1.227158,43.298956],[1.2272,43.299022],[1.227118,43.299048],[1.227083,43.298993]]],"type":"Polygon"},"properties":{"id":"BATIMENT0000002002059619","zoneCode":"Re","zoneLabel":"Rouge mouvement de terrain (recul de berge)","zoneColor":"#D62839","concerne":true,"regime":"Constructions nouvelles : Interdites, sauf travaux d'infrastructure publique et exceptions mesurées (extension RDC <20 m² une fois, structures garage/annexe <20 m²). Constructions existantes : Extension <20 m² une fois depuis le 06/02/2018, pas de terrassement créant un dénivelé >0,5 m. Étude géotechnique G2 (norme NF P 94-500) obligatoire avant travaux, sauf exceptions ponctuelles prévues par le règlement.","etudeGeotechniqueG2":true,"diagnostic":"Non concerné (hors zone inondable).","zoneRefuge":"Non applicable (zone hors risque inondation).","refugeCategorie":"Non applicable","zonesIntersectees":"BFe;Re","etagePresent":"Non","etageSource":"estimé par la hauteur du bâti (3.4 m), fiabilité modérée","typologie":"Typologie indéterminée (donnée absente ou non exploitable)","eligibiliteFprnm":"Non déterminé - typologie non qualifiée en l'état, à vérifier sur site.","hauteurM":3.4,"isErp":false}},{"type":"Feature","geometry":{"coordinates":[[[1.229061,43.299242],[1.229094,43.299286],[1.229143,43.299265],[1.229108,43.299222],[1.229061,43.299242]]],"type":"Polygon"},"properties":{"id":"BATIMENT0000002205665293","zoneCode":"Re","zoneLabel":"Rouge mouvement de terrain (recul de berge)","zoneColor":"#D62839","concerne":true,"regime":"Constructions nouvelles : Interdites, sauf travaux d'infrastructure publique et exceptions mesurées (extension RDC <20 m² une fois, structures garage/annexe <20 m²). Constructions existantes : Extension <20 m² une fois depuis le 06/02/2018, pas de terrassement créant un dénivelé >0,5 m. Étude géotechnique G2 (norme NF P 94-500) obligatoire avant travaux, sauf exceptions ponctuelles prévues par le règlement.","etudeGeotechniqueG2":true,"diagnostic":"Non concerné (hors zone inondable).","zoneRefuge":"Non applicable (zone hors risque inondation).","refugeCategorie":"Non applicable","zonesIntersectees":"Re","etagePresent":"Oui","etageSource":"estimé par la hauteur du bâti (10.5 m), fiabilité modérée","typologie":"Typologie indéterminée (donnée absente ou non exploitable)","eligibiliteFprnm":"Non déterminé - typologie non qualifiée en l'état, à vérifier sur site.","hauteurM":10.5,"isErp":false}},{"type":"Feature","geometry":{"coordinates":[[[1.223704,43.295103],[1.223653,43.295041],[1.223723,43.295011],[1.223772,43.295072],[1.223704,43.295103]]],"type":"Polygon"},"properties":{"id":"BATIMENT0000002223549899","zoneCode":"Rig","zoneLabel":"Rouge inondation + mouvement de terrain","zoneColor":"#B0001C","concerne":true,"regime":"Constructions nouvelles : Interdites, sauf exceptions très limitées (accès de sécurité, abris légers <20 m² une fois, locaux techniques agricoles, serres tunnel...). Cumul avec le régime Rg : étude géotechnique G2 exigée en plus pour les rares travaux autorisés. Constructions existantes : Extension limitée à 20 % de l'emprise existante, une seule fois depuis le 06/02/2018, plancher au-dessus des PHEC. Cumul avec les prescriptions Rg (étude géotechnique G2, pas de terrassement >0,5 m). Étude géotechnique G2 (norme NF P 94-500) obligatoire avant travaux, sauf exceptions ponctuelles prévues par le règlement.","etudeGeotechniqueG2":true,"diagnostic":"Non obligatoire pour l'habitat ; auto-diagnostic de vulnérabilité recommandé (à la charge du propriétaire).","zoneRefuge":"Conditionnelle : si le plancher ne peut pas être calé au-dessus des PHEC (impossibilité fonctionnelle dûment justifiée), un niveau refuge adapté est exigé (20 m² minimum pour une habitation, hauteur 1,80 m minimum, un refuge par logement/local, pas de refuge \"collectif\").","refugeCategorie":"Conditionnelle (impossibilité fonctionnelle à justifier)","zonesIntersectees":"Rig","etagePresent":"Oui","etageSource":"connu (BDNB Fichiers Fonciers nb_niveau=2)","typologie":"Logement collectif (2 logements)","typologieSource":"BDNB (Fichiers Fonciers)","eligibiliteFprnm":"Éligible - habitation : Fonds Barnier (FPRNM) à 80 % des travaux de prévention prescrits par le PPRN, plafond légal national, sous réserve d'un bien existant avant le 21/06/2022.","hauteurM":3.4,"isErp":false}},{"type":"Feature","geometry":{"coordinates":[[[1.228905,43.291734],[1.228917,43.291684],[1.22899,43.291692],[1.228976,43.291744],[1.228905,43.291734]]],"type":"Polygon"},"properties":{"id":"BATIMENT0000002223549911","zoneCode":"Bi","zoneLabel":"Bleue inondation","zoneColor":"#4FA8E0","concerne":true,"regime":"Constructions nouvelles : Autorisées sous prescriptions (plancher au-dessus des PHEC, transparence hydraulique, matériaux les moins vulnérables). Constructions existantes : Extension jusqu'à 30 % de l'emprise existante, une seule fois depuis le 06/02/2018.","etudeGeotechniqueG2":false,"diagnostic":"Non obligatoire pour l'habitat ; auto-diagnostic de vulnérabilité recommandé (à la charge du propriétaire).","zoneRefuge":"Conditionnelle : si le plancher ne peut pas être calé au-dessus des PHEC (impossibilité fonctionnelle dûment justifiée), un niveau refuge adapté est exigé (20 m² minimum pour une habitation, hauteur 1,80 m minimum, un refuge par logement/local, pas de refuge \"collectif\").","refugeCategorie":"Conditionnelle (impossibilité fonctionnelle à justifier)","zonesIntersectees":"Bi","etagePresent":"Non","etageSource":"estimé par la hauteur du bâti (3.1 m), fiabilité modérée","typologie":"Typologie indéterminée (donnée absente ou non exploitable)","eligibiliteFprnm":"Non déterminé - typologie non qualifiée en l'état, à vérifier sur site.","hauteurM":3.1,"isErp":false}},{"type":"Feature","geometry":{"coordinates":[[[1.229823,43.287705],[1.229859,43.287688],[1.229895,43.287731],[1.229858,43.287747],[1.229823,43.287705]]],"type":"Polygon"},"properties":{"id":"BATIMENT0000002330930398","zoneCode":"Ri","zoneLabel":"Rouge inondation","zoneColor":"#E2001A","concerne":true,"regime":"Constructions nouvelles : Interdites, sauf exceptions très limitées (accès de sécurité, abris légers <20 m² une fois, locaux techniques agricoles, serres tunnel...). Constructions existantes : Extension limitée à 20 % de l'emprise existante, une seule fois depuis le 06/02/2018, plancher au-dessus des PHEC.","etudeGeotechniqueG2":false,"diagnostic":"Non obligatoire pour l'habitat ; auto-diagnostic de vulnérabilité recommandé (à la charge du propriétaire).","zoneRefuge":"Conditionnelle : si le plancher ne peut pas être calé au-dessus des PHEC (impossibilité fonctionnelle dûment justifiée), un niveau refuge adapté est exigé (20 m² minimum pour une habitation, hauteur 1,80 m minimum, un refuge par logement/local, pas de refuge \"collectif\").","refugeCategorie":"Conditionnelle (impossibilité fonctionnelle à justifier)","zonesIntersectees":"Ri","etagePresent":"Non","etageSource":"estimé par la hauteur du bâti (4.6 m), fiabilité modérée","typologie":"Maison individuelle","eligibiliteFprnm":"Éligible - habitation : Fonds Barnier (FPRNM) à 80 % des travaux de prévention prescrits par le PPRN, plafond légal national, sous réserve d'un bien existant avant le 21/06/2022.","hauteurM":4.6,"isErp":false}},{"type":"Feature","geometry":{"coordinates":[[[1.250612,43.285408],[1.250506,43.285427],[1.25049,43.285376],[1.250595,43.285357],[1.250612,43.285408]]],"type":"Polygon"},"properties":{"id":"BATIMENT0000002340112176","zoneCode":"Rg","zoneLabel":"Rouge mouvement de terrain (glissement)","zoneColor":"#E2001A","concerne":true,"regime":"Constructions nouvelles : Interdites, sauf travaux d'infrastructure publique et exceptions mesurées (extension RDC <20 m² une fois, structures garage/annexe <20 m²). Constructions existantes : Extension <20 m² une fois depuis le 06/02/2018, pas de terrassement créant un dénivelé >0,5 m. Étude géotechnique G2 (norme NF P 94-500) obligatoire avant travaux, sauf exceptions ponctuelles prévues par le règlement.","etudeGeotechniqueG2":true,"diagnostic":"Non concerné (hors zone inondable).","zoneRefuge":"Non applicable (zone hors risque inondation).","refugeCategorie":"Non applicable","zonesIntersectees":"RHg;Rg","etagePresent":"Non","etageSource":"estimé par la hauteur du bâti (3.7 m), fiabilité modérée","typologie":"Typologie indéterminée (donnée absente ou non exploitable)","eligibiliteFprnm":"Non déterminé - typologie non qualifiée en l'état, à vérifier sur site.","hauteurM":3.7,"isErp":false}},{"type":"Feature","geometry":{"coordinates":[[[1.205248,43.282838],[1.205331,43.282789],[1.205381,43.282836],[1.2053,43.282885],[1.205248,43.282838]]],"type":"Polygon"},"properties":{"id":"BATIMENT0000002492763399","zoneCode":"Rie","zoneLabel":"Rouge inondation + recul de berge","zoneColor":"#C81E3A","concerne":true,"regime":"Constructions nouvelles : Interdites, sauf exceptions très limitées (accès de sécurité, abris légers <20 m² une fois, locaux techniques agricoles, serres tunnel...). Cumul avec le régime Re : interdiction des voies nouvelles en zone de recul de berge sauf impossibilité technique ; étude géotechnique G2 exigée en plus pour les rares travaux autorisés. Constructions existantes : Extension limitée à 20 % de l'emprise existante, une seule fois depuis le 06/02/2018, plancher au-dessus des PHEC. Cumul avec les prescriptions Re (étude géotechnique G2). Le tracé de la zone rouge effondrement peut être contesté par relevé de géomètre en crête de berge de la Garonne. Étude géotechnique G2 (norme NF P 94-500) obligatoire avant travaux, sauf exceptions ponctuelles prévues par le règlement.","etudeGeotechniqueG2":true,"diagnostic":"Non obligatoire pour l'habitat ; auto-diagnostic de vulnérabilité recommandé (à la charge du propriétaire).","zoneRefuge":"Conditionnelle : si le plancher ne peut pas être calé au-dessus des PHEC (impossibilité fonctionnelle dûment justifiée), un niveau refuge adapté est exigé (20 m² minimum pour une habitation, hauteur 1,80 m minimum, un refuge par logement/local, pas de refuge \"collectif\").","refugeCategorie":"Conditionnelle (impossibilité fonctionnelle à justifier)","zonesIntersectees":"Re;Rie","etagePresent":"Non","etageSource":"connu (BDNB Fichiers Fonciers nb_niveau=1)","typologie":"Activité économique","typologieSource":"BDNB (Fichiers Fonciers)","eligibiliteFprnm":"Potentiellement éligible - activité : Fonds Barnier (FPRNM) à 20 % des travaux prescrits si moins de 20 salariés (effectif non déductible des données géographiques, à vérifier), sous réserve d'un bien existant avant le 21/06/2022.","isErp":false}},{"type":"Feature","geometry":{"coordinates":[[[1.224294,43.2949],[1.224323,43.294884],[1.22435,43.294916],[1.224376,43.294902],[1.224399,43.294925],[1.224346,43.294957],[1.224294,43.2949]]],"type":"Polygon"},"properties":{"id":"BATIMENT0000002492763564","zoneCode":"Rig","zoneLabel":"Rouge inondation + mouvement de terrain","zoneColor":"#B0001C","concerne":true,"regime":"Constructions nouvelles : Interdites, sauf exceptions très limitées (accès de sécurité, abris légers <20 m² une fois, locaux techniques agricoles, serres tunnel...). Cumul avec le régime Rg : étude géotechnique G2 exigée en plus pour les rares travaux autorisés. Constructions existantes : Extension limitée à 20 % de l'emprise existante, une seule fois depuis le 06/02/2018, plancher au-dessus des PHEC. Cumul avec les prescriptions Rg (étude géotechnique G2, pas de terrassement >0,5 m). Étude géotechnique G2 (norme NF P 94-500) obligatoire avant travaux, sauf exceptions ponctuelles prévues par le règlement.","etudeGeotechniqueG2":true,"diagnostic":"Non obligatoire pour l'habitat ; auto-diagnostic de vulnérabilité recommandé (à la charge du propriétaire).","zoneRefuge":"Conditionnelle : si le plancher ne peut pas être calé au-dessus des PHEC (impossibilité fonctionnelle dûment justifiée), un niveau refuge adapté est exigé (20 m² minimum pour une habitation, hauteur 1,80 m minimum, un refuge par logement/local, pas de refuge \"collectif\").","refugeCategorie":"Conditionnelle (impossibilité fonctionnelle à justifier)","zonesIntersectees":"Rig","etagePresent":"Inconnu","etageSource":"aucune donnée disponible","typologie":"Typologie indéterminée (donnée absente ou non exploitable)","eligibiliteFprnm":"Non déterminé - typologie non qualifiée en l'état, à vérifier sur site.","isErp":false}},{"type":"Feature","geometry":{"coordinates":[[[1.227452,43.288698],[1.227483,43.28861],[1.227507,43.288523],[1.227648,43.288548],[1.227594,43.28872],[1.227452,43.288698]]],"type":"Polygon"},"properties":{"id":"BATIMENT0000002492767337","zoneCode":"Ri","zoneLabel":"Rouge inondation","zoneColor":"#E2001A","concerne":true,"regime":"Constructions nouvelles : Interdites, sauf exceptions très limitées (accès de sécurité, abris légers <20 m² une fois, locaux techniques agricoles, serres tunnel...). Constructions existantes : Extension limitée à 20 % de l'emprise existante, une seule fois depuis le 06/02/2018, plancher au-dessus des PHEC.","etudeGeotechniqueG2":false,"diagnostic":"Non obligatoire pour l'habitat ; auto-diagnostic de vulnérabilité recommandé (à la charge du propriétaire).","zoneRefuge":"Conditionnelle : si le plancher ne peut pas être calé au-dessus des PHEC (impossibilité fonctionnelle dûment justifiée), un niveau refuge adapté est exigé (20 m² minimum pour une habitation, hauteur 1,80 m minimum, un refuge par logement/local, pas de refuge \"collectif\").","refugeCategorie":"Conditionnelle (impossibilité fonctionnelle à justifier)","zonesIntersectees":"Ri","etagePresent":"Inconnu","etageSource":"aucune donnée disponible","typologie":"Typologie indéterminée (donnée absente ou non exploitable)","eligibiliteFprnm":"Non déterminé - typologie non qualifiée en l'état, à vérifier sur site.","isErp":false}},{"type":"Feature","geometry":{"coordinates":[[[1.229564,43.288822],[1.229663,43.288768],[1.229734,43.288738],[1.229789,43.288795],[1.229722,43.288831],[1.229778,43.288893],[1.229828,43.288892],[1.229827,43.288939],[1.22962,43.288942],[1.229617,43.288886],[1.229564,43.288822]]],"type":"Polygon"},"properties":{"id":"BATIMENT0000002492769022","zoneCode":"Bi","zoneLabel":"Bleue inondation","zoneColor":"#4FA8E0","concerne":true,"regime":"Constructions nouvelles : Autorisées sous prescriptions (plancher au-dessus des PHEC, transparence hydraulique, matériaux les moins vulnérables). Constructions existantes : Extension jusqu'à 30 % de l'emprise existante, une seule fois depuis le 06/02/2018.","etudeGeotechniqueG2":false,"diagnostic":"Non obligatoire pour l'habitat ; auto-diagnostic de vulnérabilité recommandé (à la charge du propriétaire).","zoneRefuge":"Conditionnelle : si le plancher ne peut pas être calé au-dessus des PHEC (impossibilité fonctionnelle dûment justifiée), un niveau refuge adapté est exigé (20 m² minimum pour une habitation, hauteur 1,80 m minimum, un refuge par logement/local, pas de refuge \"collectif\").","refugeCategorie":"Conditionnelle (impossibilité fonctionnelle à justifier)","zonesIntersectees":"Bi","etagePresent":"Non","etageSource":"connu (BDNB Fichiers Fonciers nb_niveau=1)","typologie":"Maison individuelle","typologieSource":"BDNB (Fichiers Fonciers)","eligibiliteFprnm":"Éligible - habitation : Fonds Barnier (FPRNM) à 80 % des travaux de prévention prescrits par le PPRN, plafond légal national, sous réserve d'un bien existant avant le 21/06/2022.","isErp":false}},{"type":"Feature","geometry":{"coordinates":[[[1.2292,43.288585],[1.229322,43.28857],[1.229335,43.288637],[1.229438,43.288632],[1.229447,43.288679],[1.229226,43.288705],[1.2292,43.288585]]],"type":"Polygon"},"properties":{"id":"BATIMENT0000002492769023","zoneCode":"Bi","zoneLabel":"Bleue inondation","zoneColor":"#4FA8E0","concerne":true,"regime":"Constructions nouvelles : Autorisées sous prescriptions (plancher au-dessus des PHEC, transparence hydraulique, matériaux les moins vulnérables). Constructions existantes : Extension jusqu'à 30 % de l'emprise existante, une seule fois depuis le 06/02/2018.","etudeGeotechniqueG2":false,"diagnostic":"Non obligatoire pour l'habitat ; auto-diagnostic de vulnérabilité recommandé (à la charge du propriétaire).","zoneRefuge":"Conditionnelle : si le plancher ne peut pas être calé au-dessus des PHEC (impossibilité fonctionnelle dûment justifiée), un niveau refuge adapté est exigé (20 m² minimum pour une habitation, hauteur 1,80 m minimum, un refuge par logement/local, pas de refuge \"collectif\").","refugeCategorie":"Conditionnelle (impossibilité fonctionnelle à justifier)","zonesIntersectees":"Bi","etagePresent":"Inconnu","etageSource":"aucune donnée disponible","typologie":"Typologie indéterminée (donnée absente ou non exploitable)","eligibiliteFprnm":"Non déterminé - typologie non qualifiée en l'état, à vérifier sur site.","isErp":false}},{"type":"Feature","geometry":{"coordinates":[[[1.206213,43.288855],[1.206264,43.288805],[1.206408,43.288883],[1.206355,43.288965],[1.206327,43.288956],[1.206263,43.289031],[1.206211,43.289005],[1.206294,43.288904],[1.206213,43.288855]]],"type":"Polygon"},"properties":{"id":"BATIMENT0000002492774598","zoneCode":"BFg","zoneLabel":"Bleue foncée mouvement de terrain","zoneColor":"#0033A0","concerne":true,"regime":"Constructions nouvelles : Interdites (seules les adaptations de l'existant sont possibles). Constructions existantes : Extension RDC <50 m² une fois depuis le 06/02/2018, changement de destination/aménagement sans augmenter la capacité d'accueil. Étude géotechnique G2 (norme NF P 94-500) obligatoire avant travaux, sauf exceptions ponctuelles prévues par le règlement.","etudeGeotechniqueG2":true,"diagnostic":"Non concerné (hors zone inondable).","zoneRefuge":"Non applicable (zone hors risque inondation).","refugeCategorie":"Non applicable","zonesIntersectees":"BFg","etagePresent":"Non","etageSource":"connu (BDNB Fichiers Fonciers nb_niveau=1)","typologie":"Maison individuelle","typologieSource":"BDNB (Fichiers Fonciers)","eligibiliteFprnm":"Éligible - habitation : Fonds Barnier (FPRNM) à 80 % des travaux de prévention prescrits par le PPRN, plafond légal national, sous réserve d'un bien existant avant le 21/06/2022.","isErp":false}},{"type":"Feature","geometry":{"coordinates":[[[1.224431,43.295018],[1.224517,43.294974],[1.224594,43.295035],[1.224533,43.295083],[1.224517,43.295083],[1.224431,43.295018]]],"type":"Polygon"},"properties":{"id":"BATIMENT0000002500201890","zoneCode":"GHg","zoneLabel":"Grise hachurée (aggravation glissement)","zoneColor":"#6E6E6E","concerne":true,"regime":"Constructions nouvelles : Autorisées, sous prescriptions de gestion des eaux (pas de nouveaux rejets infiltrés, réseaux étanches). Constructions existantes : Prescriptions identiques : maîtrise des rejets, étanchéité en cas de mise en charge des réseaux.","etudeGeotechniqueG2":false,"diagnostic":"Non concerné (hors zone inondable).","zoneRefuge":"Non applicable (zone hors risque inondation).","refugeCategorie":"Non applicable","zonesIntersectees":"GHg","etagePresent":"Oui","etageSource":"estimé par la hauteur du bâti (12.0 m), fiabilité modérée","typologie":"Typologie indéterminée (donnée absente ou non exploitable)","eligibiliteFprnm":"Non déterminé - typologie non qualifiée en l'état, à vérifier sur site.","hauteurM":12.0,"isErp":false}},{"type":"Feature","geometry":{"coordinates":[[[1.221269,43.283366],[1.221245,43.283375],[1.22122,43.283336],[1.22122,43.283328],[1.221213,43.283314],[1.221205,43.283309],[1.221194,43.283289],[1.221193,43.283272],[1.221188,43.283264],[1.221182,43.28326],[1.221201,43.283232],[1.221266,43.283224],[1.22129,43.283264],[1.221216,43.28329],[1.221269,43.283366]]],"type":"Polygon"},"properties":{"id":"BATIMENT0000002500201893","zoneCode":"Ri","zoneLabel":"Rouge inondation","zoneColor":"#E2001A","concerne":true,"regime":"Constructions nouvelles : Interdites, sauf exceptions très limitées (accès de sécurité, abris légers <20 m² une fois, locaux techniques agricoles, serres tunnel...). Constructions existantes : Extension limitée à 20 % de l'emprise existante, une seule fois depuis le 06/02/2018, plancher au-dessus des PHEC.","etudeGeotechniqueG2":false,"diagnostic":"Non obligatoire pour l'habitat ; auto-diagnostic de vulnérabilité recommandé (à la charge du propriétaire).","zoneRefuge":"Conditionnelle : si le plancher ne peut pas être calé au-dessus des PHEC (impossibilité fonctionnelle dûment justifiée), un niveau refuge adapté est exigé (20 m² minimum pour une habitation, hauteur 1,80 m minimum, un refuge par logement/local, pas de refuge \"collectif\").","refugeCategorie":"Conditionnelle (impossibilité fonctionnelle à justifier)","zonesIntersectees":"Ri","etagePresent":"Non","etageSource":"estimé par la hauteur du bâti (5.0 m), fiabilité modérée","typologie":"Typologie indéterminée (donnée absente ou non exploitable)","eligibiliteFprnm":"Non déterminé - typologie non qualifiée en l'état, à vérifier sur site.","hauteurM":5.0,"isErp":false}},{"type":"Feature","geometry":{"coordinates":[[[1.227627,43.294075],[1.227673,43.293971],[1.227833,43.294016],[1.227786,43.294117],[1.227627,43.294075]]],"type":"Polygon"},"properties":{"id":"BATIMENT0000002500201935","zoneCode":"Ri","zoneLabel":"Rouge inondation","zoneColor":"#E2001A","concerne":true,"regime":"Constructions nouvelles : Interdites, sauf exceptions très limitées (accès de sécurité, abris légers <20 m² une fois, locaux techniques agricoles, serres tunnel...). Constructions existantes : Extension limitée à 20 % de l'emprise existante, une seule fois depuis le 06/02/2018, plancher au-dessus des PHEC.","etudeGeotechniqueG2":false,"diagnostic":"Non obligatoire pour l'habitat ; auto-diagnostic de vulnérabilité recommandé (à la charge du propriétaire).","zoneRefuge":"Conditionnelle : si le plancher ne peut pas être calé au-dessus des PHEC (impossibilité fonctionnelle dûment justifiée), un niveau refuge adapté est exigé (20 m² minimum pour une habitation, hauteur 1,80 m minimum, un refuge par logement/local, pas de refuge \"collectif\").","refugeCategorie":"Conditionnelle (impossibilité fonctionnelle à justifier)","zonesIntersectees":"Ri","etagePresent":"Oui","etageSource":"estimé par la hauteur du bâti (6.7 m), fiabilité modérée","typologie":"Typologie indéterminée (donnée absente ou non exploitable)","eligibiliteFprnm":"Non déterminé - typologie non qualifiée en l'état, à vérifier sur site.","hauteurM":6.7,"isErp":false}}]}