{"type":"FeatureCollection","features":[{"type":"Feature","geometry":{"coordinates":[[[1.186724,43.281086],[1.186672,43.28145],[1.186761,43.281371],[1.186937,43.281095],[1.186909,43.281088],[1.186724,43.281086]]],"type":"Polygon"},"properties":{"zoneCode":"Ri","zoneLabel":"Rouge inondation","zoneColor":"#E2001A","codeZone":"20150011_14","typeReg":"03","libelleZone":"Zone Rouge"}},{"type":"Feature","geometry":{"coordinates":[[[[1.221213,43.282669],[1.220661,43.282399],[1.22039,43.282343],[1.21999,43.282282],[1.219396,43.282241],[1.219987,43.282315],[1.220372,43.282371],[1.220587,43.282428],[1.221013,43.282681],[1.221169,43.282784],[1.221309,43.282745],[1.221213,43.282669]]],[[[1.218216,43.282021],[1.218006,43.281888],[1.217797,43.281735],[1.217746,43.281682],[1.21778,43.281737],[1.217913,43.281884],[1.218144,43.28201],[1.21834,43.28206],[1.218216,43.282021]]],[[[1.216991,43.279686],[1.216886,43.279385],[1.216741,43.279225],[1.21666,43.27919],[1.216669,43.279198],[1.216687,43.279205],[1.216818,43.279351],[1.21703,43.27981],[1.216991,43.279686]]],[[[1.215752,43.278903],[1.21533,43.278797],[1.214916,43.278611],[1.214812,43.278504],[1.214748,43.278379],[1.214733,43.278304],[1.214761,43.278467],[1.214825,43.278592],[1.214963,43.278701],[1.215114,43.278784],[1.215336,43.278836],[1.215769,43.27892],[1.215915,43.278938],[1.215752,43.278903]]],[[[1.214762,43.278066],[1.214751,43.278095],[1.21475,43.278108],[1.214762,43.278066]]],[[[1.214967,43.277738],[1.215039,43.277622],[1.214882,43.277846],[1.214967,43.277738]]],[[[1.215259,43.277287],[1.215398,43.277078],[1.215427,43.276974],[1.215429,43.276875],[1.215329,43.276755],[1.215117,43.276658],[1.214912,43.276589],[1.214674,43.276555],[1.214253,43.276552],[1.213976,43.276471],[1.213855,43.276362],[1.213787,43.27627],[1.213757,43.276117],[1.213749,43.275258],[1.213729,43.275155],[1.213618,43.275038],[1.213478,43.274954],[1.213257,43.27492],[1.212911,43.274935],[1.212336,43.275033],[1.211691,43.275137],[1.211424,43.275154],[1.211194,43.275116],[1.210945,43.274965],[1.21089,43.274959],[1.210902,43.274973],[1.211104,43.27511],[1.211291,43.275177],[1.21145,43.275202],[1.211766,43.275174],[1.212856,43.274983],[1.21314,43.274955],[1.213366,43.275008],[1.213355,43.274999],[1.213414,43.275006],[1.213495,43.275049],[1.213567,43.275123],[1.213619,43.275201],[1.213648,43.275281],[1.213652,43.275352],[1.213644,43.275397],[1.213678,43.27555],[1.213643,43.275923],[1.213637,43.276052],[1.213711,43.27626],[1.213794,43.276405],[1.213965,43.276516],[1.214183,43.276585],[1.214768,43.276601],[1.215011,43.276627],[1.215196,43.276729],[1.215253,43.276813],[1.215329,43.277068],[1.215327,43.277171],[1.215259,43.277287]]],[[[1.210565,43.274951],[1.210481,43.27497],[1.210503,43.274988],[1.210559,43.274961],[1.210602,43.274946],[1.210565,43.274951]]]],"type":"MultiPolygon"},"properties":{"zoneCode":"Ri","zoneLabel":"Rouge inondation","zoneColor":"#E2001A","codeZone":"20150008_168","typeReg":"03","libelleZone":"Zone Rouge"}},{"type":"Feature","geometry":{"coordinates":[[[[1.196365,43.277845],[1.196415,43.278245],[1.196411,43.278298],[1.196816,43.278318],[1.196862,43.278114],[1.196877,43.278002],[1.196818,43.277999],[1.196673,43.277913],[1.196361,43.277737],[1.196261,43.277716],[1.196365,43.277845]]],[[[1.191554,43.279878],[1.190391,43.280401],[1.189189,43.280856],[1.188793,43.28095],[1.188998,43.280914],[1.189856,43.280719],[1.190398,43.280566],[1.190832,43.280429],[1.191146,43.280297],[1.191488,43.280138],[1.192843,43.279397],[1.193258,43.279204],[1.191554,43.279878]]],[[[1.186848,43.281087],[1.186997,43.281125],[1.187227,43.281116],[1.187574,43.281126],[1.187864,43.281098],[1.186848,43.281087]]]],"type":"MultiPolygon"},"properties":{"zoneCode":"Ri","zoneLabel":"Rouge inondation","zoneColor":"#E2001A","codeZone":"20150008_167","typeReg":"03","libelleZone":"Zone Rouge"}},{"type":"Feature","geometry":{"coordinates":[[[1.196261,43.277716],[1.196361,43.277737],[1.196207,43.277649],[1.196261,43.277716]]],"type":"Polygon"},"properties":{"zoneCode":"Rie","zoneLabel":"Rouge inondation + recul de berge","zoneColor":"#C81E3A","codeZone":"20150008_205","typeReg":"03","libelleZone":"Zone Rouge"}},{"type":"Feature","geometry":{"coordinates":[[[1.213652,43.275352],[1.213648,43.275281],[1.213619,43.275201],[1.213567,43.275123],[1.213495,43.275049],[1.213414,43.275006],[1.213355,43.274999],[1.213366,43.275008],[1.21338,43.275012],[1.213507,43.27509],[1.213609,43.275239],[1.213644,43.275397],[1.213652,43.275352]]],"type":"Polygon"},"properties":{"zoneCode":"Rie","zoneLabel":"Rouge inondation + recul de berge","zoneColor":"#C81E3A","codeZone":"20150008_206","typeReg":"03","libelleZone":"Zone Rouge"}},{"type":"Feature","geometry":{"coordinates":[[[[1.223296,43.281013],[1.223238,43.281075],[1.223195,43.281134],[1.223136,43.281256],[1.223109,43.281406],[1.223038,43.281542],[1.222989,43.281679],[1.222973,43.281709],[1.22302,43.281664],[1.223042,43.281633],[1.223055,43.281601],[1.223078,43.28152],[1.223128,43.281446],[1.223185,43.281379],[1.223232,43.281274],[1.223272,43.281222],[1.223288,43.281191],[1.223355,43.281008],[1.223386,43.28095],[1.223399,43.280913],[1.223296,43.281013]]],[[[1.222718,43.281975],[1.22262,43.282048],[1.222597,43.282089],[1.222561,43.282194],[1.222498,43.282342],[1.222459,43.282385],[1.222545,43.282363],[1.222608,43.282341],[1.222635,43.282312],[1.222664,43.282266],[1.222676,43.282241],[1.22269,43.282181],[1.222692,43.282127],[1.22269,43.282052],[1.222694,43.282026],[1.222708,43.28199],[1.222718,43.281975]]],[[[1.222243,43.282503],[1.222289,43.282487],[1.222311,43.282477],[1.222243,43.282503]]],[[[1.222177,43.282514],[1.222178,43.282514],[1.222181,43.282513],[1.222177,43.282514]]]],"type":"MultiPolygon"},"properties":{"zoneCode":"Rg","zoneLabel":"Rouge mouvement de terrain (glissement)","zoneColor":"#E2001A","codeZone":"20150008_45","typeReg":"03","libelleZone":"Zone Rouge"}},{"type":"Feature","geometry":{"coordinates":[[[1.213636,43.275446],[1.213644,43.275397],[1.213609,43.275239],[1.213507,43.27509],[1.21338,43.275012],[1.213366,43.275008],[1.213459,43.275088],[1.213593,43.275228],[1.213604,43.275248],[1.213636,43.275446]]],"type":"Polygon"},"properties":{"zoneCode":"Re","zoneLabel":"Rouge mouvement de terrain (recul de berge)","zoneColor":"#D62839","codeZone":"20150008_40","typeReg":"03","libelleZone":"Zone Rouge"}},{"type":"Feature","geometry":{"coordinates":[[[[1.2383,43.278258],[1.238139,43.278283],[1.238031,43.278306],[1.238002,43.278309],[1.238174,43.278292],[1.238227,43.278282],[1.2383,43.278258]]],[[[1.237326,43.27842],[1.237159,43.278461],[1.237023,43.278499],[1.236912,43.278545],[1.236825,43.278606],[1.236545,43.278741],[1.236411,43.278819],[1.236135,43.278951],[1.23608,43.278986],[1.2363,43.278893],[1.236508,43.278796],[1.236748,43.278677],[1.237103,43.278509],[1.237326,43.27842]]],[[[1.234779,43.279262],[1.234693,43.279305],[1.234558,43.279455],[1.234468,43.27952],[1.234507,43.279511],[1.234603,43.2795],[1.234647,43.279485],[1.234655,43.279479],[1.234729,43.279317],[1.234755,43.279283],[1.234768,43.279273],[1.234812,43.279258],[1.234779,43.279262]]],[[[1.232838,43.278293],[1.232797,43.278306],[1.232942,43.278427],[1.232838,43.278293]]]],"type":"MultiPolygon"},"properties":{"zoneCode":"Rg","zoneLabel":"Rouge mouvement de terrain (glissement)","zoneColor":"#E2001A","codeZone":"20150008_55","typeReg":"03","libelleZone":"Zone Rouge"}},{"type":"Feature","geometry":{"coordinates":[[[1.21044,43.274979],[1.210306,43.274982],[1.210087,43.274945],[1.210044,43.274942],[1.210036,43.274952],[1.210084,43.274955],[1.210164,43.274967],[1.210237,43.274983],[1.210348,43.275001],[1.210399,43.275],[1.210424,43.274994],[1.210481,43.27497],[1.21044,43.274979]]],"type":"Polygon"},"properties":{"zoneCode":"Rg","zoneLabel":"Rouge mouvement de terrain (glissement)","zoneColor":"#E2001A","codeZone":"20150008_76","typeReg":"03","libelleZone":"Zone Rouge"}},{"type":"Feature","geometry":{"coordinates":[[[1.22203,43.282534],[1.221898,43.28256],[1.221816,43.282588],[1.221948,43.282561],[1.221995,43.282559],[1.222101,43.282525],[1.222178,43.282514],[1.22203,43.282534]]],"type":"Polygon"},"properties":{"zoneCode":"Re","zoneLabel":"Rouge mouvement de terrain (recul de berge)","zoneColor":"#D62839","codeZone":"20150008_300","typeReg":"03","libelleZone":"Zone Rouge"}},{"type":"Feature","geometry":{"coordinates":[[[[1.195884,43.277255],[1.195883,43.277295],[1.196013,43.27722],[1.195962,43.277212],[1.195884,43.277255]]],[[[1.196207,43.277649],[1.196359,43.277736],[1.196387,43.277741],[1.196189,43.277626],[1.196207,43.277649]]]],"type":"MultiPolygon"},"properties":{"zoneCode":"Re","zoneLabel":"Rouge mouvement de terrain (recul de berge)","zoneColor":"#D62839","codeZone":"20150008_231","typeReg":"03","libelleZone":"Zone Rouge"}},{"type":"Feature","geometry":{"coordinates":[[[[1.247489,43.275333],[1.247436,43.275317],[1.247372,43.275469],[1.247533,43.275655],[1.247695,43.275896],[1.248196,43.276151],[1.24856,43.276203],[1.248665,43.276153],[1.248808,43.276067],[1.248652,43.275924],[1.248556,43.275752],[1.248513,43.275628],[1.24854,43.275577],[1.247489,43.275333]]],[[[1.242476,43.277455],[1.242334,43.277496],[1.24221,43.277547],[1.242111,43.277605],[1.242264,43.277554],[1.242544,43.277441],[1.242476,43.277455]]],[[[1.232792,43.278234],[1.23274,43.278257],[1.232797,43.278306],[1.232838,43.278293],[1.232792,43.278234]]]],"type":"MultiPolygon"},"properties":{"zoneCode":"RHg","zoneLabel":"Rouge hachuree mouvement de terrain","zoneColor":"#E2001A","codeZone":"20150008_267","typeReg":"03","libelleZone":"Zone Rouge Hachurée"}},{"type":"Feature","geometry":{"coordinates":[[[1.23385,43.297771],[1.233665,43.297696],[1.233567,43.297705],[1.233337,43.297551],[1.233135,43.297598],[1.232941,43.297598],[1.232743,43.297545],[1.232665,43.297472],[1.232613,43.297443],[1.232569,43.297471],[1.232524,43.297531],[1.232024,43.297523],[1.23192,43.297515],[1.231923,43.297433],[1.231769,43.297402],[1.231691,43.297426],[1.231654,43.297444],[1.231527,43.297531],[1.23144,43.297607],[1.231367,43.297732],[1.231368,43.297763],[1.23143,43.297749],[1.231572,43.297725],[1.23196,43.297678],[1.232264,43.297665],[1.232877,43.29768],[1.233197,43.297716],[1.233426,43.297751],[1.23366,43.297795],[1.233761,43.297827],[1.23383,43.297827],[1.233823,43.297825],[1.23385,43.297771]]],"type":"Polygon"},"properties":{"zoneCode":"Rie","zoneLabel":"Rouge inondation + recul de berge","zoneColor":"#C81E3A","codeZone":"20150002_150","typeReg":"03","libelleZone":"Zone Rouge"}},{"type":"Feature","geometry":{"coordinates":[[[1.226671,43.298514],[1.226665,43.298504],[1.226547,43.298388],[1.226526,43.298359],[1.226542,43.298317],[1.226506,43.298263],[1.226501,43.298249],[1.22649,43.298262],[1.226472,43.298297],[1.226461,43.298357],[1.226469,43.298383],[1.226488,43.298409],[1.226609,43.298526],[1.226671,43.298514]]],"type":"Polygon"},"properties":{"zoneCode":"BFe","zoneLabel":"Bleue foncee mouvement de terrain","zoneColor":"#0033A0","codeZone":"20150002_149","typeReg":"03","libelleZone":"Zone Bleue Foncée"}},{"type":"Feature","geometry":{"coordinates":[[[1.22925,43.295044],[1.229149,43.29501],[1.229084,43.294984],[1.228984,43.295098],[1.228852,43.295235],[1.228996,43.295148],[1.229089,43.295084],[1.229074,43.295111],[1.229025,43.295179],[1.228922,43.295351],[1.228902,43.295397],[1.228901,43.295433],[1.228914,43.295467],[1.228964,43.295475],[1.228986,43.295451],[1.229016,43.295376],[1.229041,43.295329],[1.22908,43.2953],[1.22911,43.295261],[1.229168,43.295169],[1.229202,43.295128],[1.229231,43.295072],[1.22925,43.295044]]],"type":"Polygon"},"properties":{"zoneCode":"Rg","zoneLabel":"Rouge mouvement de terrain (glissement)","zoneColor":"#E2001A","codeZone":"20150002_152","typeReg":"03","libelleZone":"Zone Rouge"}},{"type":"Feature","geometry":{"coordinates":[[[1.235426,43.298313],[1.235822,43.297984],[1.235831,43.297925],[1.235738,43.297819],[1.23554,43.297633],[1.235496,43.297597],[1.235406,43.297543],[1.235365,43.297534],[1.235364,43.297536],[1.235304,43.297515],[1.235219,43.297462],[1.23514,43.297398],[1.235091,43.297369],[1.23504,43.297346],[1.234984,43.29733],[1.234925,43.297318],[1.234865,43.297313],[1.23474,43.29731],[1.234662,43.297313],[1.234595,43.297324],[1.234414,43.297368],[1.234346,43.297367],[1.234272,43.297373],[1.234216,43.297362],[1.234159,43.297356],[1.23397,43.297369],[1.233924,43.297397],[1.233895,43.297426],[1.233874,43.297442],[1.233825,43.297455],[1.233797,43.297454],[1.233709,43.2974],[1.233618,43.297338],[1.233585,43.297324],[1.233484,43.297293],[1.233432,43.297282],[1.233269,43.297263],[1.233222,43.297264],[1.233175,43.297273],[1.233129,43.297285],[1.233022,43.297336],[1.23299,43.297337],[1.232956,43.297332],[1.232891,43.297352],[1.232845,43.29737],[1.232821,43.297372],[1.232796,43.297367],[1.232764,43.297338],[1.232725,43.297318],[1.232691,43.29731],[1.232605,43.297296],[1.232543,43.297302],[1.232515,43.29731],[1.232487,43.297322],[1.232419,43.297359],[1.232388,43.297386],[1.232228,43.29737],[1.23202,43.297377],[1.231821,43.297392],[1.231769,43.297402],[1.231923,43.297433],[1.23192,43.297515],[1.232024,43.297523],[1.232524,43.297531],[1.232569,43.297471],[1.232613,43.297443],[1.232665,43.297472],[1.232743,43.297545],[1.232941,43.297598],[1.233135,43.297598],[1.233337,43.297551],[1.233567,43.297705],[1.233665,43.297696],[1.233909,43.297793],[1.23421,43.297885],[1.234249,43.297884],[1.23446,43.297868],[1.234589,43.297862],[1.234679,43.297863],[1.234887,43.297903],[1.235014,43.297964],[1.235056,43.298033],[1.235088,43.298093],[1.235153,43.2983],[1.235232,43.29848],[1.235426,43.298313]]],"type":"Polygon"},"properties":{"zoneCode":"Rg","zoneLabel":"Rouge mouvement de terrain (glissement)","zoneColor":"#E2001A","codeZone":"20150002_151","typeReg":"03","libelleZone":"Zone Rouge"}},{"type":"Feature","geometry":{"coordinates":[[[1.234259,43.300351],[1.234239,43.300261],[1.233862,43.299922],[1.233728,43.29974],[1.233497,43.29956],[1.233304,43.299246],[1.23314,43.299146],[1.232663,43.299052],[1.232646,43.299029],[1.23259,43.299002],[1.232406,43.299001],[1.23213,43.299021],[1.23213,43.299057],[1.232164,43.299084],[1.232105,43.299155],[1.231994,43.299173],[1.231837,43.299106],[1.231594,43.299051],[1.231555,43.299048],[1.231422,43.299058],[1.231315,43.299061],[1.231144,43.299083],[1.231161,43.299094],[1.231379,43.299095],[1.231559,43.29913],[1.231708,43.299163],[1.231829,43.299205],[1.231862,43.299228],[1.231933,43.299245],[1.232018,43.299253],[1.232097,43.299248],[1.232159,43.299212],[1.232205,43.299159],[1.232222,43.299105],[1.232253,43.29907],[1.232311,43.299059],[1.232425,43.29906],[1.232519,43.299069],[1.232978,43.299166],[1.233114,43.299217],[1.233241,43.299342],[1.233284,43.299417],[1.233331,43.299483],[1.233375,43.299576],[1.233432,43.299626],[1.233495,43.299668],[1.233556,43.299695],[1.233638,43.299754],[1.233895,43.3],[1.23395,43.300061],[1.234002,43.300138],[1.234052,43.300218],[1.23407,43.300266],[1.234109,43.300272],[1.234137,43.30031],[1.234191,43.300333],[1.234231,43.300346],[1.234259,43.300351]]],"type":"Polygon"},"properties":{"zoneCode":"BFg","zoneLabel":"Bleue foncee mouvement de terrain","zoneColor":"#0033A0","codeZone":"20150002_146","typeReg":"03","libelleZone":"Zone Bleue Foncée"}},{"type":"Feature","geometry":{"coordinates":[[[1.234586,43.300395],[1.234498,43.300351],[1.234389,43.300287],[1.234317,43.300226],[1.234196,43.300084],[1.23409,43.299985],[1.233985,43.299827],[1.233893,43.299738],[1.233723,43.299582],[1.233673,43.299532],[1.233603,43.299452],[1.233485,43.299285],[1.233438,43.299205],[1.233404,43.299175],[1.233308,43.299122],[1.233196,43.29908],[1.233042,43.299045],[1.232863,43.298995],[1.232672,43.298946],[1.232554,43.29892],[1.232417,43.298903],[1.232258,43.298892],[1.232087,43.298935],[1.232031,43.29896],[1.232009,43.298998],[1.232007,43.299028],[1.232022,43.299048],[1.232028,43.299078],[1.232003,43.299091],[1.231953,43.299094],[1.231843,43.299081],[1.231704,43.299055],[1.231591,43.29905],[1.231837,43.299106],[1.231994,43.299173],[1.232105,43.299155],[1.232164,43.299084],[1.23213,43.299057],[1.23213,43.299021],[1.232406,43.299001],[1.23259,43.299002],[1.232646,43.299029],[1.232663,43.299052],[1.23314,43.299146],[1.233304,43.299246],[1.233497,43.29956],[1.233728,43.29974],[1.233862,43.299922],[1.234239,43.300261],[1.23426,43.300359],[1.234036,43.300485],[1.234053,43.300506],[1.234379,43.300436],[1.234586,43.300395]]],"type":"Polygon"},"properties":{"zoneCode":"Rig","zoneLabel":"Rouge inondation + mouvement de terrain","zoneColor":"#B0001C","codeZone":"20150002_145","typeReg":"03","libelleZone":"Zone Rouge"}},{"type":"Feature","geometry":{"coordinates":[[[1.226996,43.299005],[1.226924,43.298898],[1.226874,43.298856],[1.226818,43.298796],[1.226764,43.298756],[1.226693,43.298768],[1.226771,43.298825],[1.22684,43.298899],[1.226881,43.298931],[1.226996,43.299005]]],"type":"Polygon"},"properties":{"zoneCode":"BFe","zoneLabel":"Bleue foncee mouvement de terrain","zoneColor":"#0033A0","codeZone":"20150002_148","typeReg":"03","libelleZone":"Zone Bleue Foncée"}},{"type":"Feature","geometry":{"coordinates":[[[1.229764,43.299248],[1.229749,43.299238],[1.229716,43.299249],[1.229589,43.299273],[1.229542,43.299276],[1.229468,43.299272],[1.229394,43.299302],[1.229277,43.299335],[1.229183,43.299352],[1.228989,43.299351],[1.228943,43.299348],[1.228851,43.299329],[1.228724,43.299357],[1.22868,43.299364],[1.228635,43.299367],[1.22859,43.299367],[1.22846,43.299358],[1.228325,43.29934],[1.228195,43.299311],[1.228124,43.299308],[1.227902,43.299287],[1.22766,43.299254],[1.227635,43.299248],[1.227567,43.29928],[1.22766,43.299301],[1.227871,43.299329],[1.228115,43.299353],[1.228185,43.299356],[1.228314,43.299384],[1.228448,43.299401],[1.228584,43.299412],[1.228638,43.299413],[1.228691,43.299408],[1.228743,43.2994],[1.22885,43.299377],[1.228912,43.299391],[1.228986,43.299395],[1.229192,43.299397],[1.229246,43.29939],[1.229417,43.299344],[1.229485,43.299319],[1.229541,43.29932],[1.229591,43.299317],[1.229693,43.299274],[1.229764,43.299248]]],"type":"Polygon"},"properties":{"zoneCode":"BFe","zoneLabel":"Bleue foncee mouvement de terrain","zoneColor":"#0033A0","codeZone":"20150002_147","typeReg":"03","libelleZone":"Zone Bleue Foncée"}},{"type":"Feature","geometry":{"coordinates":[[[1.232545,43.309145],[1.232508,43.309082],[1.2325,43.309055],[1.232502,43.30896],[1.232507,43.308939],[1.232517,43.308917],[1.232533,43.308898],[1.232508,43.308862],[1.232446,43.30888],[1.232465,43.308898],[1.232448,43.308925],[1.232441,43.308953],[1.232437,43.309027],[1.23244,43.30906],[1.232447,43.309094],[1.232486,43.309162],[1.232545,43.309145]]],"type":"Polygon"},"properties":{"zoneCode":"BFe","zoneLabel":"Bleue foncee mouvement de terrain","zoneColor":"#0033A0","codeZone":"20150002_142","typeReg":"03","libelleZone":"Zone Bleue Foncée"}},{"type":"Feature","geometry":{"coordinates":[[[1.219582,43.294094],[1.219082,43.294113],[1.216835,43.294278],[1.216599,43.29425],[1.216624,43.294204],[1.21669,43.294178],[1.216578,43.294149],[1.216619,43.294058],[1.21666,43.293928],[1.216736,43.293833],[1.216729,43.293682],[1.216646,43.293632],[1.216556,43.29359],[1.216581,43.293541],[1.216731,43.293509],[1.216869,43.293498],[1.216894,43.293471],[1.216794,43.293458],[1.216679,43.293473],[1.216561,43.293472],[1.216539,43.293412],[1.216716,43.293346],[1.216939,43.293369],[1.217074,43.293345],[1.217349,43.293312],[1.217403,43.293314],[1.217396,43.293352],[1.217286,43.29343],[1.217267,43.293463],[1.21734,43.293467],[1.217414,43.293466],[1.217482,43.293512],[1.217649,43.293519],[1.21776,43.293518],[1.218058,43.293469],[1.218169,43.293453],[1.218232,43.293419],[1.21818,43.293408],[1.218108,43.293409],[1.217979,43.293412],[1.217611,43.293428],[1.217729,43.29332],[1.217927,43.293292],[1.218083,43.293261],[1.218177,43.293211],[1.218309,43.293167],[1.218399,43.293103],[1.21843,43.293016],[1.218399,43.29293],[1.218366,43.292916],[1.218384,43.292891],[1.21849,43.292849],[1.218591,43.29284],[1.218605,43.292829],[1.218497,43.292824],[1.218465,43.292776],[1.218525,43.292747],[1.218604,43.292679],[1.21862,43.29262],[1.218664,43.292586],[1.218654,43.292557],[1.218598,43.29254],[1.218573,43.292451],[1.218453,43.292404],[1.218464,43.292359],[1.218549,43.292366],[1.218571,43.292349],[1.218544,43.292305],[1.218504,43.292145],[1.218493,43.292073],[1.218542,43.291959],[1.218603,43.291927],[1.218671,43.291953],[1.218778,43.291933],[1.218884,43.291992],[1.219118,43.292004],[1.219157,43.292069],[1.219221,43.292056],[1.219405,43.292047],[1.219409,43.292028],[1.219345,43.292022],[1.219304,43.291988],[1.219231,43.292001],[1.21919,43.291973],[1.219062,43.291915],[1.218589,43.291747],[1.218349,43.291701],[1.218132,43.291623],[1.217874,43.29157],[1.218019,43.291663],[1.217965,43.291688],[1.217897,43.291707],[1.2178,43.291661],[1.21772,43.291658],[1.21763,43.291638],[1.217493,43.291644],[1.217272,43.291596],[1.217286,43.291561],[1.217224,43.291564],[1.217169,43.291549],[1.217127,43.291529],[1.216858,43.29148],[1.216817,43.29149],[1.216795,43.291475],[1.216769,43.291484],[1.216738,43.291543],[1.216762,43.291552],[1.216772,43.291579],[1.216731,43.291631],[1.216659,43.29229],[1.21671,43.292291],[1.216746,43.292317],[1.216732,43.292337],[1.216701,43.292352],[1.216567,43.292526],[1.216597,43.292548],[1.216615,43.292601],[1.216639,43.292629],[1.216698,43.29262],[1.216672,43.292687],[1.216604,43.292709],[1.216549,43.292698],[1.21653,43.292709],[1.216569,43.292718],[1.216546,43.292752],[1.216435,43.292774],[1.216402,43.292832],[1.216244,43.293819],[1.216264,43.293894],[1.216228,43.293946],[1.216223,43.294143],[1.216266,43.294216],[1.21623,43.294249],[1.216324,43.294316],[1.216451,43.294326],[1.216453,43.294363],[1.216433,43.294407],[1.216469,43.294453],[1.216533,43.294616],[1.216674,43.294798],[1.21665,43.294906],[1.216986,43.295279],[1.217121,43.295289],[1.217231,43.295315],[1.217459,43.295396],[1.217425,43.295321],[1.21746,43.295273],[1.217481,43.295179],[1.217435,43.295165],[1.217274,43.295158],[1.217246,43.295103],[1.217111,43.295072],[1.216961,43.295065],[1.216947,43.294903],[1.217185,43.294851],[1.217151,43.294739],[1.216913,43.294784],[1.216722,43.294774],[1.216488,43.294382],[1.216741,43.294362],[1.217056,43.294361],[1.2171,43.294319],[1.217266,43.294305],[1.217303,43.294327],[1.217451,43.294808],[1.217488,43.294816],[1.217512,43.294802],[1.217374,43.294363],[1.217375,43.294315],[1.217576,43.294272],[1.217636,43.294315],[1.217756,43.294734],[1.217789,43.294759],[1.217813,43.294755],[1.217694,43.294319],[1.217695,43.294267],[1.218147,43.294212],[1.218223,43.294252],[1.218333,43.294649],[1.218399,43.294682],[1.218396,43.294629],[1.218292,43.294319],[1.218318,43.294229],[1.218704,43.294181],[1.218816,43.29423],[1.218922,43.294548],[1.218954,43.294545],[1.218855,43.294228],[1.218905,43.294162],[1.2195,43.294123],[1.219582,43.294094]],[[1.217429,43.292155],[1.217332,43.292219],[1.217318,43.292261],[1.217319,43.292286],[1.217391,43.292407],[1.217406,43.292416],[1.217401,43.292434],[1.217374,43.292438],[1.217345,43.292477],[1.217333,43.292476],[1.217302,43.292489],[1.217269,43.29249],[1.217288,43.292474],[1.217196,43.292459],[1.217196,43.292477],[1.217186,43.292479],[1.217095,43.292422],[1.217073,43.292433],[1.217099,43.292456],[1.217069,43.292474],[1.217025,43.292543],[1.216974,43.29255],[1.216948,43.292547],[1.216856,43.292476],[1.216836,43.292371],[1.216917,43.292331],[1.21693,43.292223],[1.216917,43.292175],[1.216997,43.291905],[1.217055,43.291909],[1.217079,43.291876],[1.217112,43.29192],[1.217177,43.291941],[1.217182,43.292011],[1.217193,43.292008],[1.217199,43.291972],[1.217223,43.291949],[1.217249,43.291938],[1.217249,43.291929],[1.217209,43.291925],[1.217202,43.29192],[1.21721,43.291881],[1.217189,43.291873],[1.217157,43.291886],[1.217114,43.291833],[1.217092,43.29184],[1.217091,43.291834],[1.217102,43.291811],[1.217099,43.29176],[1.217191,43.291782],[1.21727,43.291785],[1.217324,43.29182],[1.217289,43.2919],[1.217272,43.291951],[1.217249,43.291967],[1.217269,43.292002],[1.217308,43.292053],[1.217391,43.292076],[1.217419,43.292114],[1.217429,43.292155]],[[1.217542,43.292031],[1.217516,43.292051],[1.217503,43.292074],[1.217489,43.292081],[1.21747,43.292071],[1.217459,43.292056],[1.217407,43.29202],[1.217322,43.291955],[1.217307,43.291905],[1.217315,43.291876],[1.217332,43.291855],[1.217334,43.291809],[1.217324,43.291748],[1.217382,43.291707],[1.217475,43.291718],[1.217527,43.291743],[1.217546,43.291781],[1.217548,43.291796],[1.217542,43.292031]]],"type":"Polygon"},"properties":{"zoneCode":"Bi","zoneLabel":"Bleue inondation","zoneColor":"#4FA8E0","codeZone":"20150002_141","typeReg":"02","libelleZone":"Zone Bleue"}},{"type":"Feature","geometry":{"coordinates":[[[1.232819,43.306554],[1.232804,43.306506],[1.232764,43.30644],[1.232737,43.306453],[1.232729,43.306492],[1.232741,43.306537],[1.232716,43.306579],[1.23268,43.306603],[1.23265,43.306589],[1.232631,43.306531],[1.232634,43.30647],[1.232627,43.306346],[1.232647,43.306269],[1.232659,43.30619],[1.232658,43.30614],[1.232626,43.306049],[1.232697,43.305935],[1.232615,43.30596],[1.23261,43.305852],[1.232592,43.305787],[1.232572,43.305671],[1.232577,43.305509],[1.232612,43.305329],[1.232617,43.305156],[1.232559,43.305002],[1.232562,43.304908],[1.232582,43.304737],[1.232581,43.304586],[1.232551,43.304475],[1.232493,43.304403],[1.232396,43.304242],[1.232235,43.304023],[1.232013,43.303793],[1.231976,43.303721],[1.231967,43.303757],[1.231943,43.303796],[1.231993,43.30396],[1.232018,43.304011],[1.232063,43.304083],[1.232187,43.304259],[1.232269,43.304343],[1.232372,43.304441],[1.232419,43.304541],[1.232454,43.304781],[1.232441,43.304871],[1.232406,43.304989],[1.232375,43.305126],[1.232363,43.305201],[1.232363,43.305387],[1.232356,43.305588],[1.232368,43.305698],[1.232397,43.305875],[1.232404,43.305962],[1.232419,43.306001],[1.232506,43.306149],[1.232522,43.306266],[1.232513,43.306545],[1.232535,43.306617],[1.23254,43.306747],[1.232502,43.306895],[1.232465,43.30694],[1.232444,43.307025],[1.232447,43.30711],[1.232533,43.307166],[1.232521,43.307275],[1.232561,43.307298],[1.232511,43.307418],[1.232507,43.30757],[1.232512,43.307823],[1.232526,43.307937],[1.232546,43.307918],[1.232653,43.307848],[1.232713,43.307827],[1.232732,43.307825],[1.232719,43.307767],[1.232727,43.307757],[1.232711,43.307704],[1.23271,43.307657],[1.232728,43.307594],[1.232748,43.307559],[1.232732,43.307464],[1.232705,43.307137],[1.232701,43.306948],[1.23281,43.306662],[1.232819,43.306554]]],"type":"Polygon"},"properties":{"zoneCode":"BFg","zoneLabel":"Bleue foncee mouvement de terrain","zoneColor":"#0033A0","codeZone":"20150002_144","typeReg":"03","libelleZone":"Zone Bleue Foncée"}},{"type":"Feature","geometry":{"coordinates":[[[1.232519,43.308359],[1.232489,43.308224],[1.232479,43.308119],[1.232448,43.307947],[1.232429,43.307965],[1.232417,43.307982],[1.23241,43.308003],[1.232406,43.308042],[1.232429,43.308231],[1.232457,43.308361],[1.232439,43.308553],[1.232442,43.308589],[1.23245,43.308614],[1.232436,43.308639],[1.232498,43.308619],[1.2325,43.308614],[1.2325,43.308557],[1.232519,43.308359]]],"type":"Polygon"},"properties":{"zoneCode":"BFe","zoneLabel":"Bleue foncee mouvement de terrain","zoneColor":"#0033A0","codeZone":"20150002_143","typeReg":"03","libelleZone":"Zone Bleue Foncée"}},{"type":"Feature","geometry":{"coordinates":[[[1.230335,43.289734],[1.230212,43.289599],[1.230269,43.289427],[1.230338,43.289376],[1.230185,43.289332],[1.230112,43.289264],[1.229844,43.288695],[1.229576,43.288461],[1.229376,43.288375],[1.229128,43.288225],[1.228843,43.287891],[1.228789,43.287658],[1.228635,43.287522],[1.228494,43.287507],[1.228356,43.287523],[1.228159,43.287592],[1.227945,43.28762],[1.227836,43.28775],[1.227699,43.28789],[1.227692,43.287973],[1.227577,43.288179],[1.22765,43.288141],[1.227856,43.28809],[1.22786,43.288128],[1.227908,43.288045],[1.227976,43.288023],[1.22798,43.288065],[1.228023,43.288076],[1.228038,43.28798],[1.22818,43.287796],[1.228253,43.28781],[1.228293,43.287864],[1.228285,43.287949],[1.228234,43.288015],[1.2282,43.287978],[1.228153,43.288014],[1.228171,43.288062],[1.228268,43.288089],[1.228331,43.288083],[1.228341,43.288145],[1.228533,43.288119],[1.228575,43.288164],[1.228555,43.288227],[1.228655,43.28821],[1.228682,43.288286],[1.228663,43.288311],[1.228716,43.288341],[1.228864,43.288344],[1.229082,43.288398],[1.229238,43.288608],[1.22936,43.288669],[1.229361,43.288726],[1.229502,43.288829],[1.229524,43.288882],[1.229652,43.288983],[1.229643,43.289076],[1.229741,43.289111],[1.22971,43.289165],[1.229772,43.289264],[1.22991,43.289303],[1.229911,43.289347],[1.229855,43.289339],[1.229795,43.289352],[1.229793,43.2894],[1.23004,43.289512],[1.229959,43.289607],[1.230042,43.289664],[1.230062,43.289944],[1.229464,43.289961],[1.22938,43.290021],[1.229638,43.289984],[1.230166,43.289967],[1.230305,43.289949],[1.230335,43.289734]],[[1.228848,43.288129],[1.22878,43.288236],[1.228768,43.288234],[1.228779,43.288193],[1.228755,43.288113],[1.228658,43.288095],[1.228655,43.288064],[1.228744,43.288038],[1.228813,43.288051],[1.228848,43.288129]],[[1.228893,43.288268],[1.228883,43.288284],[1.228869,43.288288],[1.228838,43.288281],[1.228826,43.288268],[1.22881,43.288259],[1.228842,43.288235],[1.228867,43.288238],[1.228893,43.288268]]],"type":"Polygon"},"properties":{"zoneCode":"Bi","zoneLabel":"Bleue inondation","zoneColor":"#4FA8E0","codeZone":"20150002_138","typeReg":"02","libelleZone":"Zone Bleue"}},{"type":"Feature","geometry":{"coordinates":[[[1.227254,43.294526],[1.22741,43.29436],[1.227496,43.294341],[1.227588,43.294235],[1.227704,43.294178],[1.227626,43.29413],[1.227617,43.294009],[1.227706,43.293845],[1.227747,43.293743],[1.227867,43.293478],[1.227879,43.293423],[1.22795,43.293401],[1.227957,43.293431],[1.227985,43.293432],[1.227998,43.293394],[1.228044,43.293358],[1.228109,43.293269],[1.22812,43.2932],[1.228181,43.293101],[1.228234,43.293026],[1.228385,43.293021],[1.2284,43.292951],[1.228302,43.292944],[1.228338,43.292862],[1.22842,43.292859],[1.228431,43.292814],[1.22846,43.292778],[1.228506,43.292781],[1.228613,43.292778],[1.228713,43.292798],[1.228755,43.292758],[1.228757,43.292734],[1.228724,43.292686],[1.228783,43.292552],[1.228895,43.292525],[1.228993,43.292437],[1.229076,43.292321],[1.229133,43.292213],[1.229221,43.292119],[1.2293,43.292092],[1.229324,43.291985],[1.229386,43.291931],[1.229401,43.291674],[1.229352,43.291654],[1.229355,43.291631],[1.229393,43.291604],[1.229443,43.291612],[1.229473,43.291627],[1.229486,43.291671],[1.229704,43.291676],[1.229704,43.29154],[1.229716,43.291475],[1.229774,43.29144],[1.229927,43.291232],[1.229967,43.291108],[1.229982,43.290903],[1.229975,43.290761],[1.229954,43.290729],[1.229903,43.29071],[1.229509,43.290693],[1.229446,43.290666],[1.229494,43.290716],[1.229911,43.290748],[1.229911,43.290904],[1.229698,43.290923],[1.229547,43.290952],[1.22943,43.291032],[1.229446,43.291061],[1.229562,43.291141],[1.229591,43.291153],[1.229564,43.291195],[1.229492,43.291195],[1.229487,43.291306],[1.229514,43.291338],[1.229455,43.29141],[1.229336,43.291457],[1.229401,43.29148],[1.229397,43.291534],[1.229369,43.29158],[1.229161,43.291648],[1.229047,43.291643],[1.228966,43.291707],[1.228849,43.291876],[1.228941,43.291914],[1.228831,43.29194],[1.228813,43.292011],[1.228836,43.292056],[1.228608,43.292322],[1.228446,43.292626],[1.228526,43.292654],[1.228369,43.292732],[1.228206,43.293027],[1.228125,43.293026],[1.228011,43.293194],[1.227954,43.29323],[1.227952,43.293292],[1.227909,43.293372],[1.227735,43.293435],[1.227729,43.293487],[1.227804,43.293524],[1.227716,43.293658],[1.227555,43.293709],[1.227472,43.293708],[1.227465,43.293824],[1.227466,43.29386],[1.22745,43.293897],[1.227388,43.293919],[1.227457,43.294062],[1.227508,43.294086],[1.227482,43.294157],[1.227544,43.294141],[1.22745,43.294292],[1.227392,43.294326],[1.227339,43.29433],[1.227301,43.294323],[1.227291,43.294345],[1.227295,43.294374],[1.227293,43.294398],[1.227254,43.294526]],[[1.229269,43.291995],[1.229241,43.292044],[1.229194,43.292074],[1.229117,43.292074],[1.229078,43.292029],[1.22908,43.292009],[1.229118,43.291998],[1.229179,43.291961],[1.229231,43.291954],[1.229269,43.291995]],[[1.229192,43.291791],[1.22916,43.291856],[1.22907,43.291825],[1.229065,43.29177],[1.229095,43.291756],[1.229192,43.291765],[1.229192,43.291791]]],"type":"Polygon"},"properties":{"zoneCode":"Bi","zoneLabel":"Bleue inondation","zoneColor":"#4FA8E0","codeZone":"20150002_137","typeReg":"02","libelleZone":"Zone Bleue"}},{"type":"Feature","geometry":{"coordinates":[[[1.228709,43.292852],[1.228494,43.292794],[1.228469,43.292836],[1.228473,43.292862],[1.228618,43.292899],[1.2287,43.292884],[1.228709,43.292852]]],"type":"Polygon"},"properties":{"zoneCode":"Bi","zoneLabel":"Bleue inondation","zoneColor":"#4FA8E0","codeZone":"20150002_137","typeReg":"02","libelleZone":"Zone Bleue"}},{"type":"Feature","geometry":{"coordinates":[[[1.218927,43.291401],[1.218923,43.291366],[1.218871,43.291307],[1.21884,43.291287],[1.218808,43.29133],[1.21877,43.291361],[1.218739,43.291351],[1.218695,43.291354],[1.218657,43.291367],[1.21868,43.291397],[1.218677,43.291429],[1.218715,43.291429],[1.218726,43.291395],[1.218791,43.291404],[1.218891,43.291425],[1.218927,43.291401]]],"type":"Polygon"},"properties":{"zoneCode":"Bi","zoneLabel":"Bleue inondation","zoneColor":"#4FA8E0","codeZone":"20150002_140","typeReg":"02","libelleZone":"Zone Bleue"}},{"type":"Feature","geometry":{"coordinates":[[[1.218591,43.291333],[1.218548,43.291265],[1.218528,43.291253],[1.218496,43.291273],[1.218477,43.291263],[1.218508,43.291206],[1.218484,43.291174],[1.218427,43.291207],[1.21838,43.291151],[1.218297,43.291137],[1.218265,43.291078],[1.21827,43.291034],[1.218224,43.291007],[1.218128,43.291016],[1.218053,43.291003],[1.218024,43.290968],[1.217929,43.290912],[1.217854,43.290898],[1.217731,43.290888],[1.217604,43.290883],[1.217483,43.290855],[1.217411,43.290848],[1.217299,43.290853],[1.217183,43.290862],[1.217016,43.290884],[1.216975,43.290886],[1.216935,43.290885],[1.216889,43.29088],[1.21682,43.290878],[1.21678,43.290862],[1.216741,43.290837],[1.216705,43.290781],[1.216687,43.290727],[1.216513,43.290662],[1.216598,43.290707],[1.216695,43.290777],[1.216687,43.290885],[1.216614,43.291081],[1.216689,43.290968],[1.216772,43.290951],[1.216829,43.290956],[1.216893,43.29102],[1.216996,43.291068],[1.217397,43.291166],[1.217533,43.291228],[1.217638,43.291294],[1.217685,43.29131],[1.217739,43.2913],[1.217748,43.291386],[1.217807,43.291428],[1.217928,43.291444],[1.217934,43.291328],[1.21798,43.291285],[1.21808,43.291267],[1.218154,43.291275],[1.218221,43.291333],[1.218375,43.291355],[1.218395,43.291313],[1.218494,43.291313],[1.218574,43.291341],[1.218591,43.291333]]],"type":"Polygon"},"properties":{"zoneCode":"Bi","zoneLabel":"Bleue inondation","zoneColor":"#4FA8E0","codeZone":"20150002_139","typeReg":"02","libelleZone":"Zone Bleue"}},{"type":"Feature","geometry":{"coordinates":[[[1.213419,43.290874],[1.21339,43.290861],[1.213274,43.290842],[1.213149,43.29084],[1.212846,43.290824],[1.212614,43.290806],[1.21254,43.290816],[1.212456,43.290818],[1.212417,43.290811],[1.21228,43.290778],[1.212175,43.290774],[1.212117,43.290767],[1.212029,43.290747],[1.211991,43.290731],[1.211926,43.290728],[1.211894,43.290723],[1.211863,43.290714],[1.211812,43.290692],[1.211766,43.290724],[1.211839,43.290755],[1.211878,43.290766],[1.211974,43.290775],[1.212032,43.290794],[1.21213,43.290816],[1.21227,43.290824],[1.212396,43.290853],[1.212448,43.290862],[1.212499,43.290864],[1.212616,43.290851],[1.21284,43.29087],[1.21315,43.290884],[1.213266,43.290885],[1.213373,43.290906],[1.213419,43.290874]]],"type":"Polygon"},"properties":{"zoneCode":"BFe","zoneLabel":"Bleue foncee mouvement de terrain","zoneColor":"#0033A0","codeZone":"20150002_166","typeReg":"03","libelleZone":"Zone Bleue Foncée"}},{"type":"Feature","geometry":{"coordinates":[[[1.217088,43.289328],[1.217071,43.289323],[1.216921,43.2893],[1.216742,43.289292],[1.216666,43.289237],[1.216543,43.289221],[1.216423,43.289181],[1.216223,43.289089],[1.215978,43.28897],[1.215835,43.288921],[1.215686,43.288876],[1.21549,43.28881],[1.215309,43.28878],[1.215337,43.288808],[1.215449,43.288894],[1.215563,43.288931],[1.215633,43.288964],[1.215682,43.288991],[1.215732,43.289012],[1.215887,43.289028],[1.216105,43.289118],[1.216321,43.28926],[1.216739,43.289359],[1.216739,43.289361],[1.216911,43.28935],[1.217088,43.289328]]],"type":"Polygon"},"properties":{"zoneCode":"Rg","zoneLabel":"Rouge mouvement de terrain (glissement)","zoneColor":"#E2001A","codeZone":"20150002_165","typeReg":"03","libelleZone":"Zone Rouge"}},{"type":"Feature","geometry":{"coordinates":[[[1.209703,43.290448],[1.209531,43.290442],[1.209499,43.290436],[1.209405,43.290407],[1.209299,43.290398],[1.209265,43.290392],[1.209197,43.290373],[1.209171,43.290359],[1.209036,43.290336],[1.208927,43.290323],[1.208822,43.2903],[1.208781,43.290339],[1.208945,43.290372],[1.209025,43.290381],[1.209148,43.290401],[1.209205,43.290425],[1.209249,43.290436],[1.209294,43.290444],[1.209389,43.290449],[1.20948,43.290479],[1.20952,43.290487],[1.209653,43.290492],[1.209703,43.290448]]],"type":"Polygon"},"properties":{"zoneCode":"BFe","zoneLabel":"Bleue foncee mouvement de terrain","zoneColor":"#0033A0","codeZone":"20150002_168","typeReg":"03","libelleZone":"Zone Bleue Foncée"}},{"type":"Feature","geometry":{"coordinates":[[[1.210838,43.290612],[1.21077,43.290566],[1.21072,43.290565],[1.21061,43.290555],[1.210419,43.290543],[1.210339,43.290542],[1.210252,43.290536],[1.210205,43.290576],[1.210312,43.290585],[1.210414,43.290588],[1.210603,43.290599],[1.21072,43.29061],[1.210838,43.290612]]],"type":"Polygon"},"properties":{"zoneCode":"BFe","zoneLabel":"Bleue foncee mouvement de terrain","zoneColor":"#0033A0","codeZone":"20150002_167","typeReg":"03","libelleZone":"Zone Bleue Foncée"}},{"type":"Feature","geometry":{"coordinates":[[[1.226211,43.292398],[1.226212,43.292384],[1.226207,43.292372],[1.226187,43.292362],[1.226148,43.292357],[1.22615,43.292363],[1.226087,43.292488],[1.226103,43.292605],[1.226037,43.292739],[1.225993,43.292909],[1.225788,43.293473],[1.225725,43.293506],[1.225661,43.293579],[1.225755,43.293572],[1.225784,43.293563],[1.225804,43.293551],[1.225824,43.293532],[1.22585,43.293487],[1.226012,43.293054],[1.226013,43.293029],[1.226007,43.293014],[1.226047,43.292869],[1.226078,43.292823],[1.226106,43.292794],[1.226122,43.29277],[1.226164,43.292579],[1.226184,43.292467],[1.226211,43.292398]]],"type":"Polygon"},"properties":{"zoneCode":"Bg","zoneLabel":"Bleue mouvement de terrain","zoneColor":"#7EC8E3","codeZone":"20150002_162","typeReg":"02","libelleZone":"Zone Bleue"}},{"type":"Feature","geometry":{"coordinates":[[[1.226298,43.291949],[1.226281,43.291949],[1.226279,43.291964],[1.226298,43.291949]]],"type":"Polygon"},"properties":{"zoneCode":"Bg","zoneLabel":"Bleue mouvement de terrain","zoneColor":"#7EC8E3","codeZone":"20150002_162","typeReg":"02","libelleZone":"Zone Bleue"}},{"type":"Feature","geometry":{"coordinates":[[[1.225782,43.293684],[1.225779,43.293686],[1.22578,43.293686],[1.225782,43.293684]]],"type":"Polygon"},"properties":{"zoneCode":"Bg","zoneLabel":"Bleue mouvement de terrain","zoneColor":"#7EC8E3","codeZone":"20150002_162","typeReg":"02","libelleZone":"Zone Bleue"}},{"type":"Feature","geometry":{"coordinates":[[[1.225444,43.293779],[1.225382,43.293723],[1.225295,43.293695],[1.225166,43.293669],[1.224897,43.293593],[1.224197,43.293377],[1.224039,43.293324],[1.223954,43.293301],[1.223837,43.293288],[1.223695,43.293293],[1.223739,43.293305],[1.223811,43.293318],[1.223911,43.293365],[1.223965,43.293406],[1.224048,43.293436],[1.224162,43.293467],[1.224217,43.293459],[1.224289,43.293462],[1.22434,43.293479],[1.224565,43.293566],[1.225234,43.293768],[1.225338,43.29379],[1.225338,43.293796],[1.225344,43.293796],[1.224971,43.294291],[1.224544,43.294671],[1.224207,43.294853],[1.223843,43.294978],[1.223205,43.295114],[1.222706,43.295181],[1.222137,43.295167],[1.221726,43.295222],[1.220913,43.295397],[1.221021,43.295424],[1.221047,43.295411],[1.221195,43.295398],[1.221456,43.295328],[1.222541,43.2953],[1.222887,43.295253],[1.22343,43.295223],[1.223665,43.295173],[1.223783,43.295114],[1.223879,43.295082],[1.22394,43.295026],[1.223988,43.295069],[1.224218,43.295057],[1.224337,43.295024],[1.224413,43.294944],[1.224587,43.294862],[1.224778,43.294734],[1.224826,43.294734],[1.224924,43.294691],[1.225131,43.294506],[1.225368,43.294132],[1.225296,43.294086],[1.225379,43.293965],[1.225408,43.293805],[1.225444,43.293779]]],"type":"Polygon"},"properties":{"zoneCode":"Rig","zoneLabel":"Rouge inondation + mouvement de terrain","zoneColor":"#B0001C","codeZone":"20150002_161","typeReg":"03","libelleZone":"Zone Rouge"}},{"type":"Feature","geometry":{"coordinates":[[[1.219036,43.290694],[1.218636,43.290687],[1.218377,43.290746],[1.218316,43.290746],[1.218265,43.290723],[1.218156,43.290715],[1.218008,43.290695],[1.21791,43.290675],[1.217751,43.290663],[1.217664,43.290663],[1.217555,43.290633],[1.217419,43.290622],[1.217271,43.290629],[1.217097,43.290644],[1.216963,43.290661],[1.216719,43.290623],[1.21667,43.290621],[1.21667,43.290663],[1.216685,43.290723],[1.216705,43.290781],[1.216741,43.290837],[1.21678,43.290862],[1.21682,43.290878],[1.216889,43.29088],[1.216935,43.290885],[1.216975,43.290886],[1.217016,43.290884],[1.217183,43.290862],[1.217299,43.290853],[1.217411,43.290848],[1.217483,43.290855],[1.217604,43.290883],[1.217731,43.290888],[1.217854,43.290898],[1.217933,43.290913],[1.218099,43.290936],[1.218168,43.290943],[1.218213,43.290958],[1.21826,43.290967],[1.218307,43.290968],[1.218423,43.290968],[1.218467,43.290961],[1.218679,43.290913],[1.218826,43.290916],[1.218864,43.290909],[1.218898,43.290894],[1.218934,43.290853],[1.219004,43.290765],[1.219023,43.290732],[1.219036,43.290694]]],"type":"Polygon"},"properties":{"zoneCode":"Rie","zoneLabel":"Rouge inondation + recul de berge","zoneColor":"#C81E3A","codeZone":"20150002_164","typeReg":"03","libelleZone":"Zone Rouge"}},{"type":"Feature","geometry":{"coordinates":[[[1.22417,43.295181],[1.224161,43.295165],[1.224129,43.295154],[1.2241,43.295146],[1.224051,43.295145],[1.223993,43.295135],[1.223899,43.295093],[1.223872,43.295085],[1.223783,43.295114],[1.223665,43.295173],[1.22343,43.295223],[1.222887,43.295253],[1.222541,43.2953],[1.221456,43.295328],[1.221195,43.295398],[1.221047,43.295411],[1.220985,43.295445],[1.221147,43.29552],[1.2212,43.295523],[1.221332,43.295499],[1.221522,43.295454],[1.221595,43.295446],[1.221701,43.295448],[1.221747,43.295463],[1.221823,43.295507],[1.221897,43.295554],[1.221935,43.295609],[1.221952,43.2956],[1.221952,43.295558],[1.221921,43.295509],[1.221923,43.295441],[1.221946,43.29543],[1.221995,43.295419],[1.222368,43.295425],[1.222411,43.295415],[1.222473,43.295394],[1.222724,43.295393],[1.222776,43.295394],[1.22288,43.295417],[1.223092,43.295404],[1.22344,43.295358],[1.223644,43.295346],[1.223792,43.295316],[1.223949,43.295292],[1.224021,43.295277],[1.224062,43.295263],[1.224083,43.29524],[1.224094,43.295219],[1.22417,43.295181]]],"type":"Polygon"},"properties":{"zoneCode":"BFg","zoneLabel":"Bleue foncee mouvement de terrain","zoneColor":"#0033A0","codeZone":"20150002_163","typeReg":"03","libelleZone":"Zone Bleue Foncée"}},{"type":"Feature","geometry":{"coordinates":[[[1.22518,43.295472],[1.225181,43.295469],[1.225118,43.29564],[1.22518,43.295472]]],"type":"Polygon"},"properties":{"zoneCode":"BFg","zoneLabel":"Bleue foncee mouvement de terrain","zoneColor":"#0033A0","codeZone":"20150002_163","typeReg":"03","libelleZone":"Zone Bleue Foncée"}},{"type":"Feature","geometry":{"coordinates":[[[1.226367,43.292032],[1.22636,43.291946],[1.226372,43.291855],[1.226351,43.291901],[1.226321,43.291931],[1.226271,43.291971],[1.226238,43.291987],[1.2262,43.291984],[1.226107,43.292219],[1.226148,43.292357],[1.226187,43.292362],[1.226207,43.292372],[1.226212,43.292384],[1.226211,43.292398],[1.226184,43.292467],[1.226164,43.292579],[1.226122,43.29277],[1.226106,43.292794],[1.226078,43.292823],[1.226047,43.292869],[1.226007,43.293014],[1.226013,43.293029],[1.226012,43.293054],[1.22585,43.293487],[1.225824,43.293532],[1.225804,43.293551],[1.225784,43.293563],[1.225755,43.293572],[1.22566,43.29358],[1.225683,43.293587],[1.225714,43.293605],[1.225738,43.293623],[1.225747,43.293645],[1.225749,43.293662],[1.225758,43.293679],[1.225775,43.293688],[1.22579,43.293679],[1.225927,43.293703],[1.225943,43.293703],[1.225993,43.293588],[1.226244,43.292846],[1.226263,43.292754],[1.226288,43.29269],[1.226296,43.292657],[1.226325,43.292441],[1.226367,43.292032]]],"type":"Polygon"},"properties":{"zoneCode":"GHg","zoneLabel":"Grise hachuree (aggravation glissement)","zoneColor":"#6E6E6E","codeZone":"20150002_158","typeReg":"01","libelleZone":"Zone Grise Hachurée"}},{"type":"Feature","geometry":{"coordinates":[[[1.2262,43.291984],[1.226238,43.291987],[1.226271,43.291971],[1.226279,43.291964],[1.226281,43.291949],[1.226298,43.291949],[1.226351,43.291901],[1.226372,43.291855],[1.22636,43.291946],[1.226367,43.292032],[1.226325,43.292441],[1.226296,43.292657],[1.226347,43.292527],[1.226393,43.292007],[1.226463,43.291313],[1.226498,43.291176],[1.226457,43.291188],[1.226514,43.291025],[1.226591,43.290872],[1.226609,43.290801],[1.226611,43.290733],[1.22658,43.290691],[1.226545,43.290651],[1.226521,43.290607],[1.226536,43.290568],[1.226572,43.290542],[1.226636,43.290506],[1.226724,43.290468],[1.226775,43.290426],[1.226809,43.290386],[1.226824,43.290351],[1.226755,43.290343],[1.226733,43.290393],[1.226508,43.290488],[1.22645,43.290587],[1.226544,43.290706],[1.226532,43.290939],[1.226345,43.291161],[1.226208,43.291968],[1.2262,43.291984]]],"type":"Polygon"},"properties":{"zoneCode":"BFg","zoneLabel":"Bleue foncee mouvement de terrain","zoneColor":"#0033A0","codeZone":"20150002_157","typeReg":"03","libelleZone":"Zone Bleue Foncée"}},{"type":"Feature","geometry":{"coordinates":[[[1.22584,43.293895],[1.225828,43.29388],[1.225782,43.293865],[1.225568,43.293819],[1.225475,43.293796],[1.225444,43.293779],[1.225408,43.293805],[1.225379,43.293965],[1.225296,43.294086],[1.225368,43.294132],[1.225131,43.294506],[1.224924,43.294691],[1.224826,43.294734],[1.224778,43.294734],[1.224587,43.294862],[1.224413,43.294944],[1.224337,43.295024],[1.224218,43.295057],[1.223988,43.295069],[1.22394,43.295026],[1.223879,43.295082],[1.223872,43.295085],[1.223899,43.295093],[1.223993,43.295135],[1.224051,43.295145],[1.2241,43.295146],[1.224129,43.295154],[1.224161,43.295165],[1.22417,43.295181],[1.224094,43.295219],[1.224083,43.29524],[1.224062,43.295263],[1.224021,43.295277],[1.223949,43.295292],[1.223792,43.295316],[1.223644,43.295346],[1.22344,43.295358],[1.223092,43.295404],[1.22288,43.295417],[1.222776,43.295394],[1.222473,43.295394],[1.222411,43.295415],[1.222368,43.295425],[1.221995,43.295419],[1.221946,43.29543],[1.221923,43.295441],[1.221921,43.295509],[1.221952,43.295558],[1.221952,43.2956],[1.221935,43.295609],[1.221897,43.295554],[1.221823,43.295507],[1.221747,43.295463],[1.221701,43.295448],[1.221595,43.295446],[1.221522,43.295454],[1.221332,43.295499],[1.2212,43.295523],[1.221149,43.29552],[1.221251,43.295595],[1.221381,43.295707],[1.221492,43.29577],[1.221577,43.295786],[1.221724,43.295798],[1.221792,43.295791],[1.22192,43.295772],[1.222044,43.295749],[1.222194,43.295739],[1.222254,43.295738],[1.222427,43.295748],[1.222974,43.295735],[1.223684,43.29574],[1.223961,43.295757],[1.224368,43.295769],[1.224424,43.295764],[1.224776,43.295705],[1.225049,43.295643],[1.225118,43.29564],[1.225181,43.295469],[1.225495,43.294699],[1.225661,43.294305],[1.22584,43.293895]]],"type":"Polygon"},"properties":{"zoneCode":"GHg","zoneLabel":"Grise hachuree (aggravation glissement)","zoneColor":"#6E6E6E","codeZone":"20150002_160","typeReg":"01","libelleZone":"Zone Grise Hachurée"}},{"type":"Feature","geometry":{"coordinates":[[[1.225661,43.293579],[1.225612,43.293569],[1.225464,43.293522],[1.225299,43.293476],[1.22513,43.293435],[1.22514,43.293418],[1.225063,43.293397],[1.224781,43.293372],[1.224584,43.293387],[1.224498,43.293363],[1.22424,43.293326],[1.224233,43.293366],[1.224348,43.293423],[1.224897,43.293593],[1.225166,43.293669],[1.225295,43.293695],[1.225382,43.293723],[1.225444,43.293779],[1.225555,43.293699],[1.225661,43.293579]]],"type":"Polygon"},"properties":{"zoneCode":"GHi","zoneLabel":"Grise hachuree inondation (remblai)","zoneColor":"#8A8A8A","codeZone":"20150002_159","typeReg":"01","libelleZone":"Zone Grise Hachurée"}},{"type":"Feature","geometry":{"coordinates":[[[1.223106,43.287008],[1.223021,43.286913],[1.222939,43.286833],[1.222926,43.286868],[1.222757,43.286788],[1.222829,43.286861],[1.22294,43.286941],[1.222972,43.28699],[1.222886,43.287286],[1.22281,43.287493],[1.222762,43.28781],[1.222765,43.287893],[1.222877,43.287991],[1.222887,43.287797],[1.222913,43.287593],[1.222944,43.287488],[1.223027,43.287257],[1.223106,43.287008]]],"type":"Polygon"},"properties":{"zoneCode":"Rig","zoneLabel":"Rouge inondation + mouvement de terrain","zoneColor":"#B0001C","codeZone":"20150002_154","typeReg":"03","libelleZone":"Zone Rouge"}},{"type":"Feature","geometry":{"coordinates":[[[1.226153,43.288804],[1.226094,43.288771],[1.225992,43.288767],[1.225986,43.288769],[1.22583,43.288771],[1.225533,43.288707],[1.225422,43.288673],[1.225392,43.288655],[1.225247,43.288584],[1.225258,43.288576],[1.225123,43.288526],[1.225016,43.288464],[1.224687,43.288239],[1.224287,43.2879],[1.224093,43.287701],[1.223993,43.287587],[1.223851,43.287439],[1.223614,43.287233],[1.223529,43.28714],[1.223407,43.286993],[1.223083,43.286621],[1.22299,43.2865],[1.222945,43.286426],[1.222808,43.286275],[1.222696,43.286103],[1.222638,43.286001],[1.222165,43.284894],[1.221915,43.284433],[1.221883,43.284329],[1.221875,43.28423],[1.221893,43.284174],[1.221843,43.284173],[1.221815,43.284177],[1.221764,43.284195],[1.221726,43.284218],[1.221774,43.284371],[1.221787,43.284444],[1.221802,43.284564],[1.221833,43.28468],[1.221926,43.284825],[1.221942,43.284921],[1.221988,43.285053],[1.222035,43.285111],[1.222131,43.285208],[1.22241,43.285896],[1.222507,43.286212],[1.222791,43.286477],[1.222848,43.286559],[1.222927,43.286578],[1.222962,43.286696],[1.222968,43.286768],[1.222939,43.286833],[1.223021,43.286913],[1.223286,43.287199],[1.223417,43.287369],[1.223594,43.28752],[1.223753,43.287674],[1.223836,43.287747],[1.224146,43.288046],[1.224362,43.288236],[1.224742,43.288553],[1.225001,43.288718],[1.225041,43.288737],[1.225309,43.288831],[1.225612,43.2889],[1.225775,43.28892],[1.225935,43.288929],[1.225993,43.288921],[1.226065,43.288894],[1.226112,43.288864],[1.226131,43.288845],[1.226153,43.288804]]],"type":"Polygon"},"properties":{"zoneCode":"Rie","zoneLabel":"Rouge inondation + recul de berge","zoneColor":"#C81E3A","codeZone":"20150002_153","typeReg":"03","libelleZone":"Zone Rouge"}},{"type":"Feature","geometry":{"coordinates":[[[1.227063,43.28984],[1.226965,43.289874],[1.226755,43.290343],[1.226824,43.290351],[1.226824,43.290356],[1.226835,43.290263],[1.226869,43.290196],[1.226897,43.290156],[1.226868,43.290197],[1.226925,43.290116],[1.226959,43.290034],[1.226975,43.289963],[1.226978,43.289871],[1.227063,43.28984]]],"type":"Polygon"},"properties":{"zoneCode":"Bg","zoneLabel":"Bleue mouvement de terrain","zoneColor":"#7EC8E3","codeZone":"20150002_156","typeReg":"02","libelleZone":"Zone Bleue"}},{"type":"Feature","geometry":{"coordinates":[[[1.224408,43.29004],[1.224176,43.289904],[1.224114,43.2899],[1.224027,43.289909],[1.223808,43.289919],[1.22349,43.289923],[1.223462,43.289919],[1.223396,43.289834],[1.223365,43.28981],[1.223266,43.289795],[1.222947,43.289755],[1.222908,43.289754],[1.222775,43.289759],[1.222719,43.289726],[1.222681,43.289709],[1.222645,43.289698],[1.222452,43.28967],[1.222433,43.289704],[1.222369,43.289871],[1.222091,43.289923],[1.221507,43.289893],[1.221329,43.28984],[1.22118,43.289848],[1.220314,43.289651],[1.220221,43.289611],[1.219759,43.289487],[1.219637,43.289359],[1.219501,43.289285],[1.219473,43.289288],[1.219385,43.289319],[1.219351,43.289337],[1.219305,43.289386],[1.219283,43.289418],[1.219316,43.28943],[1.219418,43.289434],[1.21949,43.289498],[1.219518,43.289507],[1.219601,43.289578],[1.219848,43.289671],[1.220085,43.289734],[1.220299,43.289783],[1.220596,43.289845],[1.220861,43.289907],[1.221073,43.289926],[1.221346,43.289957],[1.221624,43.28998],[1.221858,43.28999],[1.222184,43.290031],[1.222785,43.290082],[1.223001,43.290093],[1.223149,43.290087],[1.22333,43.290117],[1.223389,43.290139],[1.22359,43.290156],[1.223816,43.290162],[1.223849,43.290149],[1.223985,43.290135],[1.224339,43.290029],[1.224408,43.29004]]],"type":"Polygon"},"properties":{"zoneCode":"Rie","zoneLabel":"Rouge inondation + recul de berge","zoneColor":"#C81E3A","codeZone":"20150002_155","typeReg":"03","libelleZone":"Zone Rouge"}},{"type":"Feature","geometry":{"coordinates":[[[1.216695,43.290777],[1.216598,43.290707],[1.216513,43.290662],[1.216364,43.29069],[1.216258,43.290724],[1.216224,43.291004],[1.216179,43.291058],[1.216055,43.291117],[1.215984,43.291135],[1.215929,43.291176],[1.215917,43.291197],[1.215912,43.291196],[1.215907,43.29116],[1.215875,43.291154],[1.21583,43.29116],[1.215741,43.291151],[1.215504,43.291095],[1.215366,43.291039],[1.215291,43.290985],[1.215266,43.290899],[1.215241,43.290866],[1.215235,43.290884],[1.215209,43.290909],[1.215148,43.290943],[1.215086,43.290955],[1.215182,43.291017],[1.215298,43.291058],[1.2154,43.2911],[1.215628,43.291156],[1.215842,43.291229],[1.215852,43.291242],[1.215844,43.29125],[1.215744,43.291259],[1.215679,43.291305],[1.21564,43.291345],[1.215631,43.291381],[1.215614,43.291415],[1.215585,43.291586],[1.21559,43.291668],[1.215655,43.292226],[1.215627,43.292594],[1.215662,43.292757],[1.215693,43.292803],[1.215718,43.292864],[1.215755,43.292863],[1.21578,43.292714],[1.215834,43.292706],[1.215893,43.292739],[1.215942,43.292564],[1.215942,43.29216],[1.215978,43.291916],[1.216006,43.291351],[1.215898,43.291267],[1.215924,43.291239],[1.215989,43.291224],[1.216105,43.291146],[1.216178,43.291123],[1.216428,43.291136],[1.216471,43.290828],[1.216688,43.290877],[1.216695,43.290777]],[[1.215977,43.291396],[1.215938,43.291517],[1.215934,43.291653],[1.215946,43.291705],[1.215916,43.291829],[1.215918,43.291864],[1.215947,43.291921],[1.215893,43.292123],[1.215846,43.29216],[1.21579,43.292164],[1.215759,43.29215],[1.215738,43.292069],[1.215757,43.292],[1.215741,43.291965],[1.21568,43.291651],[1.215677,43.291558],[1.215697,43.2914],[1.215774,43.291305],[1.215859,43.291287],[1.215966,43.291345],[1.215977,43.291396]]],"type":"Polygon"},"properties":{"zoneCode":"RHi","zoneLabel":"Rouge hachuree inondation","zoneColor":"#E2001A","codeZone":"20150002_182","typeReg":"03","libelleZone":"Zone Rouge Hachurée"}},{"type":"Feature","geometry":{"coordinates":[[[1.276962,43.274032],[1.276797,43.274001],[1.276681,43.274007],[1.276524,43.27402],[1.276416,43.274076],[1.276326,43.274197],[1.276306,43.274275],[1.276422,43.274311],[1.276519,43.274285],[1.276751,43.274233],[1.276893,43.274149],[1.276962,43.274032]]],"type":"Polygon"},"properties":{"zoneCode":"Rg","zoneLabel":"Rouge mouvement de terrain (glissement)","zoneColor":"#E2001A","codeZone":"20150002_181","typeReg":"03","libelleZone":"Zone Rouge"}},{"type":"Feature","geometry":{"coordinates":[[[1.211514,43.288552],[1.211492,43.288525],[1.211442,43.288488],[1.211309,43.28845],[1.211161,43.288474],[1.210964,43.288469],[1.210766,43.288479],[1.210682,43.288454],[1.210295,43.288412],[1.209908,43.288407],[1.209674,43.288378],[1.209377,43.288382],[1.208924,43.288303],[1.208801,43.288298],[1.208631,43.288235],[1.208729,43.28833],[1.208739,43.288331],[1.20879,43.28839],[1.208835,43.288386],[1.208885,43.288389],[1.208896,43.288416],[1.208933,43.28843],[1.208982,43.288426],[1.208995,43.288445],[1.209034,43.288464],[1.209042,43.288476],[1.209068,43.288457],[1.209167,43.28846],[1.209313,43.288486],[1.209632,43.288523],[1.20978,43.288516],[1.209971,43.288534],[1.21016,43.288547],[1.210173,43.288535],[1.210181,43.288546],[1.210259,43.288553],[1.210447,43.288577],[1.210554,43.288603],[1.210689,43.288594],[1.210776,43.28858],[1.211011,43.288526],[1.211036,43.288516],[1.211172,43.288518],[1.211209,43.288504],[1.211234,43.288507],[1.211259,43.288498],[1.211345,43.288488],[1.211418,43.288509],[1.211426,43.288523],[1.211482,43.288549],[1.211514,43.288552]]],"type":"Polygon"},"properties":{"zoneCode":"RHi","zoneLabel":"Rouge hachuree inondation","zoneColor":"#E2001A","codeZone":"20150002_184","typeReg":"03","libelleZone":"Zone Rouge Hachurée"}},{"type":"Feature","geometry":{"coordinates":[[[1.20879,43.28839],[1.208739,43.288331],[1.208729,43.28833],[1.208625,43.288228],[1.208287,43.287973],[1.207965,43.287685],[1.207964,43.28769],[1.207908,43.287638],[1.207905,43.287679],[1.207895,43.28773],[1.207918,43.287796],[1.207963,43.287874],[1.208012,43.287927],[1.208077,43.287984],[1.208189,43.288097],[1.208441,43.28829],[1.208647,43.288412],[1.208845,43.288569],[1.209302,43.288828],[1.208968,43.288564],[1.20879,43.28839]]],"type":"Polygon"},"properties":{"zoneCode":"Rig","zoneLabel":"Rouge inondation + mouvement de terrain","zoneColor":"#B0001C","codeZone":"20150002_183","typeReg":"03","libelleZone":"Zone Rouge"}},{"type":"Feature","geometry":{"coordinates":[[[1.217409,43.281631],[1.217352,43.281592],[1.217257,43.281484],[1.217149,43.281151],[1.217122,43.280877],[1.217124,43.280787],[1.217052,43.280569],[1.216982,43.280312],[1.216924,43.279971],[1.216912,43.279926],[1.216819,43.279755],[1.216643,43.279587],[1.216467,43.279431],[1.216241,43.279321],[1.215967,43.279212],[1.215741,43.279102],[1.215515,43.279051],[1.215337,43.279016],[1.215159,43.278954],[1.214963,43.278903],[1.214675,43.278686],[1.214548,43.278543],[1.214502,43.278376],[1.214504,43.278245],[1.214473,43.277774],[1.214437,43.277537],[1.214358,43.27729],[1.214312,43.277184],[1.214274,43.277195],[1.214243,43.277212],[1.214207,43.277251],[1.214174,43.277318],[1.214162,43.277353],[1.214165,43.277378],[1.214176,43.277399],[1.214192,43.277417],[1.214221,43.277465],[1.214228,43.277545],[1.214201,43.277581],[1.214182,43.277598],[1.214166,43.277621],[1.214151,43.277646],[1.214139,43.277687],[1.214135,43.277775],[1.214139,43.277888],[1.214153,43.27795],[1.214168,43.277996],[1.214158,43.278004],[1.214154,43.278035],[1.214143,43.278048],[1.21406,43.2781],[1.214027,43.278124],[1.214001,43.278149],[1.21398,43.278177],[1.213963,43.278209],[1.213954,43.278241],[1.213951,43.278275],[1.213954,43.278457],[1.213963,43.278589],[1.213992,43.278671],[1.214024,43.278724],[1.214149,43.278874],[1.214322,43.279032],[1.214408,43.279098],[1.214438,43.279116],[1.214537,43.279164],[1.214627,43.279189],[1.214764,43.279192],[1.214886,43.279186],[1.214953,43.279189],[1.215327,43.279339],[1.215467,43.279388],[1.21584,43.279472],[1.21592,43.279513],[1.215944,43.279523],[1.215971,43.279531],[1.216051,43.279542],[1.216096,43.279556],[1.216219,43.279645],[1.21624,43.279676],[1.216245,43.279742],[1.216251,43.279764],[1.216265,43.279783],[1.216295,43.279814],[1.216308,43.279893],[1.216303,43.279958],[1.216306,43.279981],[1.216402,43.280144],[1.216462,43.280271],[1.21655,43.280353],[1.216555,43.280375],[1.216553,43.280449],[1.216556,43.280481],[1.216582,43.280562],[1.216634,43.28064],[1.216619,43.280657],[1.216604,43.280693],[1.216606,43.280807],[1.21662,43.280844],[1.21675,43.280989],[1.216793,43.281048],[1.216842,43.281141],[1.21689,43.281259],[1.216908,43.281352],[1.216911,43.281487],[1.216929,43.281528],[1.216997,43.281601],[1.217024,43.281622],[1.217074,43.281642],[1.217099,43.281648],[1.217126,43.281651],[1.217235,43.281655],[1.217261,43.281654],[1.217409,43.281631]]],"type":"Polygon"},"properties":{"zoneCode":"Re","zoneLabel":"Rouge mouvement de terrain (recul de berge)","zoneColor":"#D62839","codeZone":"20150002_178","typeReg":"03","libelleZone":"Zone Rouge"}},{"type":"Feature","geometry":{"coordinates":[[[1.214234,43.277057],[1.21425,43.277056],[1.214153,43.27691],[1.214044,43.276814],[1.21331,43.276331],[1.213289,43.27637],[1.213241,43.276443],[1.213205,43.276538],[1.213204,43.276572],[1.213205,43.276605],[1.213226,43.276709],[1.213236,43.276741],[1.21325,43.276772],[1.213302,43.276827],[1.213409,43.276893],[1.213449,43.276914],[1.213509,43.27694],[1.213575,43.276977],[1.213615,43.276993],[1.213661,43.277004],[1.213708,43.277009],[1.213754,43.27701],[1.213801,43.277005],[1.214028,43.277035],[1.214234,43.277057]]],"type":"Polygon"},"properties":{"zoneCode":"Re","zoneLabel":"Rouge mouvement de terrain (recul de berge)","zoneColor":"#D62839","codeZone":"20150002_177","typeReg":"03","libelleZone":"Zone Rouge"}},{"type":"Feature","geometry":{"coordinates":[[[1.279039,43.272517],[1.278959,43.272585],[1.278811,43.27268],[1.278697,43.272804],[1.278632,43.272918],[1.278569,43.27334],[1.278552,43.273482],[1.278533,43.273709],[1.278492,43.27376],[1.27827,43.273897],[1.278039,43.273914],[1.277725,43.273891],[1.277441,43.273809],[1.277183,43.273756],[1.276841,43.273794],[1.276566,43.27382],[1.276279,43.273907],[1.275896,43.274012],[1.275554,43.274099],[1.275306,43.274206],[1.27488,43.274381],[1.274441,43.274545],[1.274193,43.274654],[1.273794,43.274809],[1.272909,43.275448],[1.272601,43.275733],[1.2723,43.275909],[1.272025,43.276026],[1.27175,43.276173],[1.271801,43.276362],[1.272073,43.276405],[1.272374,43.276337],[1.272594,43.276201],[1.273047,43.276027],[1.273174,43.275787],[1.273382,43.275638],[1.273743,43.275454],[1.274076,43.275251],[1.274322,43.275093],[1.275002,43.274972],[1.275604,43.274808],[1.275997,43.274598],[1.276234,43.274476],[1.276563,43.274432],[1.276919,43.27442],[1.277224,43.274387],[1.277517,43.274407],[1.277798,43.274446],[1.278225,43.274477],[1.278447,43.274443],[1.27864,43.274364],[1.278964,43.274207],[1.279162,43.273968],[1.27924,43.273854],[1.279266,43.273639],[1.279234,43.273443],[1.279152,43.273289],[1.279181,43.273041],[1.279335,43.272658],[1.279349,43.272525],[1.279229,43.272443],[1.279158,43.272452],[1.279039,43.272517]],[[1.276893,43.274149],[1.276751,43.274233],[1.276519,43.274285],[1.276422,43.274311],[1.276306,43.274275],[1.276326,43.274197],[1.276416,43.274076],[1.276524,43.27402],[1.276681,43.274007],[1.276797,43.274001],[1.276962,43.274032],[1.276893,43.274149]]],"type":"Polygon"},"properties":{"zoneCode":"RHg","zoneLabel":"Rouge hachuree mouvement de terrain","zoneColor":"#E2001A","codeZone":"20150002_180","typeReg":"03","libelleZone":"Zone Rouge Hachurée"}},{"type":"Feature","geometry":{"coordinates":[[[1.216913,43.279928],[1.216888,43.279841],[1.216814,43.279688],[1.216757,43.279622],[1.216677,43.279501],[1.216578,43.279382],[1.216451,43.279266],[1.216351,43.279198],[1.216229,43.279144],[1.216116,43.279116],[1.215894,43.279048],[1.215709,43.279],[1.21543,43.278952],[1.215272,43.278917],[1.21517,43.278887],[1.214971,43.278821],[1.214892,43.278778],[1.214819,43.278731],[1.214778,43.278699],[1.214739,43.278665],[1.214705,43.278628],[1.214671,43.27859],[1.214617,43.278518],[1.214578,43.278444],[1.21456,43.278389],[1.214552,43.278331],[1.214551,43.278232],[1.214557,43.278183],[1.214577,43.278099],[1.214602,43.278027],[1.214632,43.277954],[1.214695,43.277825],[1.214863,43.277548],[1.21505,43.277267],[1.215126,43.277135],[1.215146,43.277067],[1.215141,43.276989],[1.215113,43.276896],[1.215081,43.276821],[1.215051,43.276785],[1.215003,43.276749],[1.214974,43.276734],[1.214867,43.276691],[1.214764,43.276667],[1.214686,43.276656],[1.214532,43.276643],[1.214453,43.276642],[1.213989,43.276653],[1.213951,43.276652],[1.213881,43.276639],[1.213814,43.276616],[1.213785,43.2766],[1.213734,43.276554],[1.213685,43.276494],[1.213664,43.276457],[1.213636,43.276292],[1.213626,43.276187],[1.213599,43.276028],[1.213589,43.275896],[1.213609,43.275756],[1.213614,43.275597],[1.213637,43.275448],[1.213604,43.275247],[1.213593,43.275228],[1.213459,43.275088],[1.213354,43.274999],[1.213252,43.274993],[1.213013,43.275025],[1.212969,43.275027],[1.212895,43.275035],[1.212773,43.275054],[1.212448,43.27513],[1.212124,43.275192],[1.211699,43.275254],[1.211556,43.275264],[1.211421,43.275267],[1.211354,43.275263],[1.21124,43.275232],[1.210894,43.275077],[1.210802,43.275031],[1.210727,43.274974],[1.210667,43.275064],[1.210606,43.275072],[1.21063,43.27509],[1.210838,43.275211],[1.211016,43.275284],[1.211226,43.275322],[1.211571,43.275424],[1.212009,43.27557],[1.212121,43.275618],[1.21215,43.275588],[1.212169,43.275551],[1.21218,43.275456],[1.212179,43.275424],[1.212237,43.275427],[1.212271,43.275425],[1.212297,43.275421],[1.212428,43.275391],[1.212459,43.275382],[1.212546,43.275338],[1.212774,43.275298],[1.212993,43.275283],[1.213114,43.275283],[1.213156,43.275298],[1.213216,43.275353],[1.213237,43.275402],[1.213244,43.275444],[1.213237,43.275532],[1.213213,43.275677],[1.213204,43.27583],[1.213211,43.275885],[1.213238,43.27601],[1.213329,43.276298],[1.21331,43.276331],[1.214044,43.276814],[1.214153,43.27691],[1.21425,43.277056],[1.214398,43.27706],[1.21444,43.277058],[1.214484,43.277052],[1.214525,43.277041],[1.214564,43.277026],[1.214631,43.276991],[1.214719,43.276989],[1.214754,43.276994],[1.214791,43.277006],[1.214826,43.277021],[1.214833,43.277074],[1.214784,43.27712],[1.214629,43.277475],[1.21463,43.277403],[1.214621,43.277352],[1.214587,43.277318],[1.214557,43.277315],[1.214535,43.277337],[1.214513,43.277388],[1.214491,43.277404],[1.214473,43.277404],[1.214443,43.277389],[1.214424,43.277349],[1.214403,43.277229],[1.214386,43.277189],[1.214367,43.277182],[1.214326,43.277182],[1.214312,43.277184],[1.214358,43.27729],[1.214437,43.277537],[1.214473,43.277774],[1.214504,43.278245],[1.214502,43.278376],[1.214548,43.278543],[1.214675,43.278686],[1.214963,43.278903],[1.215159,43.278954],[1.215337,43.279016],[1.215515,43.279051],[1.215741,43.279102],[1.215967,43.279212],[1.216241,43.279321],[1.216467,43.279431],[1.216643,43.279587],[1.216819,43.279755],[1.216913,43.279928]]],"type":"Polygon"},"properties":{"zoneCode":"Rie","zoneLabel":"Rouge inondation + recul de berge","zoneColor":"#C81E3A","codeZone":"20150002_179","typeReg":"03","libelleZone":"Zone Rouge"}},{"type":"Feature","geometry":{"coordinates":[[[1.213637,43.275447],[1.213637,43.275446],[1.213635,43.275439],[1.213637,43.275447]]],"type":"Polygon"},"properties":{"zoneCode":"Rie","zoneLabel":"Rouge inondation + recul de berge","zoneColor":"#C81E3A","codeZone":"20150002_179","typeReg":"03","libelleZone":"Zone Rouge"}},{"type":"Feature","geometry":{"coordinates":[[[1.221438,43.282848],[1.221277,43.282719],[1.221167,43.28275],[1.220948,43.282596],[1.220928,43.282585],[1.220627,43.282449],[1.220449,43.282393],[1.22006,43.282312],[1.219382,43.28224],[1.219205,43.282228],[1.219053,43.282205],[1.218871,43.282186],[1.218316,43.28209],[1.218293,43.282082],[1.21808,43.281984],[1.218061,43.281972],[1.217815,43.281784],[1.217666,43.281606],[1.217646,43.281579],[1.217579,43.281509],[1.217429,43.281272],[1.217321,43.280955],[1.217216,43.280621],[1.217154,43.280336],[1.216903,43.279528],[1.216895,43.279511],[1.216754,43.279297],[1.21674,43.279282],[1.216629,43.279178],[1.216376,43.279069],[1.216158,43.27899],[1.215785,43.27891],[1.215441,43.278864],[1.215173,43.278809],[1.215152,43.278801],[1.214926,43.278695],[1.21491,43.278683],[1.214748,43.278488],[1.214739,43.278472],[1.214708,43.278303],[1.214726,43.278126],[1.21479,43.277918],[1.215206,43.277302],[1.215263,43.277167],[1.215268,43.277148],[1.21527,43.276931],[1.215265,43.27691],[1.215179,43.27675],[1.215163,43.276731],[1.215033,43.276639],[1.215009,43.276626],[1.214851,43.27658],[1.214794,43.276572],[1.214405,43.276583],[1.21423,43.276582],[1.214201,43.276577],[1.214009,43.276538],[1.213983,43.276529],[1.21385,43.276457],[1.213829,43.27644],[1.213671,43.276267],[1.213662,43.276246],[1.213625,43.276062],[1.213637,43.275448],[1.213614,43.275597],[1.213609,43.275756],[1.213589,43.275896],[1.213599,43.276028],[1.213626,43.276187],[1.213636,43.276292],[1.213664,43.276457],[1.213685,43.276494],[1.213734,43.276554],[1.213785,43.2766],[1.213814,43.276616],[1.213881,43.276639],[1.213951,43.276652],[1.213989,43.276653],[1.214453,43.276642],[1.214532,43.276643],[1.214686,43.276656],[1.214764,43.276667],[1.214867,43.276691],[1.214974,43.276734],[1.215003,43.276749],[1.215051,43.276785],[1.215081,43.276821],[1.215113,43.276896],[1.215141,43.276989],[1.215146,43.277067],[1.215126,43.277135],[1.21505,43.277267],[1.214863,43.277548],[1.214695,43.277825],[1.214632,43.277954],[1.214602,43.278027],[1.214577,43.278099],[1.214557,43.278183],[1.214551,43.278232],[1.214552,43.278331],[1.21456,43.278389],[1.214578,43.278444],[1.214617,43.278518],[1.214671,43.27859],[1.214705,43.278628],[1.214739,43.278665],[1.214778,43.278699],[1.214819,43.278731],[1.214892,43.278778],[1.214971,43.278821],[1.21517,43.278887],[1.215272,43.278917],[1.21543,43.278952],[1.215709,43.279],[1.215894,43.279048],[1.216116,43.279116],[1.216229,43.279144],[1.216351,43.279198],[1.216451,43.279266],[1.216578,43.279382],[1.216677,43.279501],[1.216757,43.279622],[1.216814,43.279688],[1.216888,43.279841],[1.216913,43.279928],[1.216976,43.280064],[1.217021,43.280278],[1.217127,43.280641],[1.217124,43.280787],[1.2172,43.281],[1.217277,43.281179],[1.21748,43.281598],[1.217446,43.281618],[1.217409,43.281631],[1.217513,43.2817],[1.217641,43.281773],[1.217754,43.28187],[1.217898,43.282001],[1.218007,43.282084],[1.218083,43.28212],[1.218285,43.282198],[1.218485,43.282262],[1.21897,43.28236],[1.219238,43.282389],[1.219565,43.282409],[1.219829,43.282421],[1.220005,43.282415],[1.2202,43.282438],[1.22034,43.282469],[1.220317,43.282508],[1.220201,43.282634],[1.22039,43.282658],[1.220584,43.282766],[1.220762,43.28284],[1.220906,43.282926],[1.22113,43.283105],[1.221322,43.283298],[1.221402,43.283429],[1.221542,43.283704],[1.221635,43.283931],[1.221726,43.284218],[1.221764,43.284195],[1.221815,43.284177],[1.221843,43.284173],[1.221893,43.284174],[1.221875,43.28423],[1.221883,43.284329],[1.221915,43.284433],[1.222165,43.284894],[1.222638,43.286001],[1.222696,43.286103],[1.222808,43.286275],[1.222945,43.286426],[1.22299,43.2865],[1.223083,43.286621],[1.223407,43.286993],[1.223529,43.28714],[1.223614,43.287233],[1.223851,43.287439],[1.223993,43.287587],[1.224093,43.287701],[1.224287,43.2879],[1.224687,43.288239],[1.225016,43.288464],[1.225123,43.288526],[1.225258,43.288576],[1.225247,43.288584],[1.225392,43.288655],[1.225422,43.288673],[1.225533,43.288707],[1.22583,43.288771],[1.225986,43.288769],[1.225992,43.288767],[1.226094,43.288771],[1.226153,43.288804],[1.226131,43.288845],[1.226112,43.288864],[1.226065,43.288894],[1.225993,43.288921],[1.225935,43.288929],[1.225775,43.28892],[1.225612,43.2889],[1.225309,43.288831],[1.225041,43.288737],[1.225001,43.288718],[1.224742,43.288553],[1.224362,43.288236],[1.224152,43.288052],[1.223594,43.28752],[1.223417,43.287369],[1.223286,43.287199],[1.223106,43.287008],[1.223027,43.287257],[1.222944,43.287488],[1.222913,43.287593],[1.222887,43.287797],[1.222877,43.287991],[1.222791,43.287916],[1.222802,43.28821],[1.222851,43.288305],[1.222756,43.28869],[1.222646,43.288724],[1.222708,43.288806],[1.222645,43.289003],[1.222685,43.289157],[1.222643,43.289175],[1.222582,43.289164],[1.22257,43.289387],[1.222545,43.289497],[1.222452,43.28967],[1.222645,43.289698],[1.222681,43.289709],[1.222719,43.289726],[1.222775,43.289759],[1.222908,43.289754],[1.222947,43.289755],[1.223266,43.289795],[1.223365,43.28981],[1.223396,43.289834],[1.223462,43.289919],[1.22349,43.289923],[1.223808,43.289919],[1.224027,43.289909],[1.224114,43.2899],[1.224176,43.289904],[1.224408,43.29004],[1.224339,43.290029],[1.223985,43.290135],[1.223849,43.290149],[1.223816,43.290162],[1.22359,43.290156],[1.223389,43.290139],[1.22333,43.290117],[1.223149,43.290087],[1.223001,43.290093],[1.222785,43.290082],[1.222184,43.290031],[1.221858,43.28999],[1.221624,43.28998],[1.221346,43.289957],[1.221073,43.289926],[1.220861,43.289907],[1.220596,43.289845],[1.220299,43.289783],[1.220085,43.289734],[1.219848,43.289671],[1.219601,43.289578],[1.219518,43.289507],[1.21949,43.289498],[1.219418,43.289434],[1.219316,43.28943],[1.219283,43.289418],[1.219305,43.289386],[1.219351,43.289337],[1.219385,43.289319],[1.219473,43.289288],[1.219501,43.289285],[1.219239,43.289145],[1.218403,43.288863],[1.218268,43.288884],[1.217914,43.288769],[1.217605,43.288777],[1.217375,43.288671],[1.217135,43.28902],[1.217238,43.289125],[1.217272,43.289194],[1.217145,43.289322],[1.216947,43.289344],[1.216964,43.289426],[1.216637,43.289431],[1.216388,43.28939],[1.216224,43.289336],[1.216148,43.289249],[1.216008,43.289132],[1.215917,43.289089],[1.215732,43.289012],[1.215628,43.289],[1.215614,43.289043],[1.21557,43.289043],[1.215835,43.289177],[1.215714,43.289133],[1.215621,43.28911],[1.215556,43.289104],[1.2154,43.289097],[1.215207,43.289083],[1.214983,43.289089],[1.214689,43.289116],[1.214581,43.289114],[1.214343,43.289151],[1.214041,43.28918],[1.213932,43.289202],[1.213868,43.289239],[1.213754,43.289222],[1.213572,43.289276],[1.213328,43.289304],[1.212911,43.289312],[1.212531,43.289307],[1.212216,43.289289],[1.211995,43.289239],[1.211828,43.289084],[1.211778,43.289062],[1.211717,43.28902],[1.211717,43.288952],[1.211616,43.288782],[1.211507,43.288624],[1.211609,43.288626],[1.211554,43.28851],[1.211492,43.288525],[1.211514,43.288552],[1.211482,43.288549],[1.211426,43.288523],[1.211418,43.288509],[1.211345,43.288488],[1.211259,43.288498],[1.211234,43.288507],[1.211209,43.288504],[1.211172,43.288518],[1.211036,43.288516],[1.211011,43.288526],[1.210776,43.28858],[1.210689,43.288594],[1.210554,43.288603],[1.210447,43.288577],[1.210259,43.288553],[1.210181,43.288546],[1.210173,43.288535],[1.21016,43.288547],[1.209971,43.288534],[1.20978,43.288516],[1.209632,43.288523],[1.209313,43.288486],[1.209167,43.28846],[1.209068,43.288457],[1.209042,43.288476],[1.209034,43.288464],[1.208995,43.288445],[1.208982,43.288426],[1.208933,43.28843],[1.208896,43.288416],[1.208885,43.288389],[1.208835,43.288386],[1.20879,43.28839],[1.208968,43.288564],[1.209302,43.288828],[1.208845,43.288569],[1.208647,43.288412],[1.208441,43.28829],[1.208189,43.288097],[1.208077,43.287984],[1.208012,43.287927],[1.207963,43.287874],[1.207936,43.287827],[1.207903,43.287871],[1.207851,43.28791],[1.207801,43.287825],[1.207786,43.28778],[1.207749,43.287756],[1.207659,43.287635],[1.207597,43.28754],[1.207552,43.287497],[1.207448,43.287281],[1.207134,43.286762],[1.206986,43.286507],[1.206855,43.286272],[1.206722,43.28599],[1.206519,43.285683],[1.206355,43.285384],[1.206318,43.285283],[1.206344,43.285198],[1.206364,43.285118],[1.206338,43.285007],[1.206205,43.284693],[1.206179,43.284552],[1.206013,43.284093],[1.205949,43.283948],[1.205887,43.283854],[1.205835,43.283748],[1.205747,43.283552],[1.205698,43.28348],[1.205607,43.283376],[1.205487,43.283168],[1.205425,43.283072],[1.205364,43.282992],[1.205323,43.282919],[1.205183,43.282857],[1.205111,43.282806],[1.205028,43.282692],[1.20507,43.282675],[1.205042,43.282656],[1.204942,43.282521],[1.204917,43.282512],[1.204855,43.282529],[1.204783,43.282464],[1.204823,43.28237],[1.204896,43.282361],[1.204997,43.282329],[1.204973,43.28226],[1.20478,43.281892],[1.204719,43.281667],[1.204596,43.281652],[1.204502,43.281586],[1.204473,43.281523],[1.20426,43.281312],[1.204114,43.281175],[1.203934,43.281023],[1.203689,43.280871],[1.203496,43.28072],[1.20331,43.280603],[1.20292,43.280275],[1.202735,43.280136],[1.202474,43.27995],[1.202236,43.279787],[1.20201,43.279655],[1.201792,43.279537],[1.201471,43.279397],[1.201135,43.279285],[1.200798,43.279203],[1.200398,43.279117],[1.200133,43.279053],[1.199839,43.278942],[1.199453,43.278813],[1.199095,43.278647],[1.198706,43.278471],[1.198322,43.27833],[1.197946,43.278176],[1.197654,43.278065],[1.197157,43.277883],[1.196847,43.277806],[1.196387,43.277741],[1.196641,43.277888],[1.196802,43.277977],[1.196796,43.277988],[1.196818,43.278],[1.196877,43.278002],[1.196862,43.278114],[1.196815,43.278318],[1.19641,43.278298],[1.196404,43.278366],[1.196167,43.278426],[1.195059,43.278549],[1.194254,43.278809],[1.193254,43.279205],[1.192842,43.279397],[1.191487,43.280138],[1.191147,43.280298],[1.190833,43.280429],[1.190398,43.280566],[1.190201,43.280623],[1.189855,43.280719],[1.189464,43.280808],[1.189003,43.280923],[1.188732,43.280964],[1.188155,43.281101],[1.187866,43.281098],[1.187582,43.281128],[1.187524,43.281124],[1.187227,43.281116],[1.186996,43.281126],[1.186664,43.281504],[1.186654,43.281578],[1.18679,43.281584],[1.187033,43.281644],[1.187057,43.281647],[1.187198,43.281635],[1.187483,43.281638],[1.187788,43.281613],[1.188268,43.281549],[1.188962,43.281428],[1.189263,43.281389],[1.189624,43.28135],[1.189994,43.281204],[1.190075,43.281192],[1.190162,43.281137],[1.1903,43.281106],[1.190458,43.281094],[1.190632,43.281026],[1.19072,43.281028],[1.190925,43.280964],[1.191141,43.280936],[1.191262,43.280954],[1.191256,43.280965],[1.191284,43.280958],[1.191323,43.280964],[1.191359,43.280939],[1.191872,43.280794],[1.192077,43.280766],[1.192281,43.280708],[1.192486,43.280636],[1.19267,43.28058],[1.193424,43.280498],[1.193751,43.280442],[1.194199,43.280432],[1.194586,43.280378],[1.194872,43.280365],[1.195481,43.280371],[1.195765,43.28039],[1.196252,43.280498],[1.196759,43.280607],[1.197061,43.2807],[1.197404,43.280882],[1.197726,43.281019],[1.198209,43.281292],[1.19851,43.281504],[1.199113,43.281911],[1.199475,43.282094],[1.199858,43.282321],[1.200158,43.282517],[1.200419,43.282713],[1.200759,43.282984],[1.20102,43.283134],[1.201602,43.283513],[1.201785,43.283558],[1.201949,43.28356],[1.20213,43.283518],[1.202274,43.283534],[1.202779,43.283348],[1.202784,43.283338],[1.202909,43.283281],[1.203021,43.283268],[1.203017,43.283334],[1.203066,43.283399],[1.203077,43.283444],[1.203162,43.283478],[1.203327,43.283537],[1.203266,43.283635],[1.203304,43.283648],[1.203328,43.283705],[1.203377,43.283746],[1.203462,43.283751],[1.20346,43.283805],[1.203547,43.283798],[1.203607,43.283844],[1.20356,43.283883],[1.203516,43.284223],[1.203619,43.284277],[1.203652,43.284343],[1.203646,43.28438],[1.203628,43.28439],[1.203597,43.284387],[1.203601,43.284403],[1.20365,43.284442],[1.20368,43.284631],[1.203716,43.284662],[1.203852,43.284681],[1.204022,43.284799],[1.204042,43.284899],[1.204104,43.284908],[1.204139,43.284973],[1.204126,43.284991],[1.204115,43.285071],[1.204154,43.285125],[1.204202,43.285284],[1.204272,43.285437],[1.204267,43.285496],[1.204318,43.285668],[1.204398,43.285813],[1.204496,43.286049],[1.20451,43.286174],[1.204532,43.286184],[1.204562,43.286203],[1.204569,43.28622],[1.204562,43.286248],[1.204567,43.286266],[1.204566,43.286275],[1.204542,43.286283],[1.204552,43.286294],[1.204572,43.286299],[1.204582,43.28632],[1.20458,43.286338],[1.204611,43.286372],[1.204614,43.286383],[1.204591,43.286392],[1.204635,43.286407],[1.204653,43.286466],[1.204682,43.286499],[1.204681,43.286518],[1.204702,43.286547],[1.204692,43.286578],[1.204715,43.286637],[1.204742,43.286665],[1.20477,43.286745],[1.204786,43.286765],[1.204775,43.286782],[1.204781,43.286792],[1.204795,43.286801],[1.204795,43.286846],[1.204763,43.286844],[1.204764,43.286854],[1.204816,43.286896],[1.204818,43.286954],[1.204905,43.287072],[1.204921,43.287112],[1.204933,43.287122],[1.20494,43.287136],[1.204913,43.287157],[1.204992,43.287247],[1.205064,43.287278],[1.204974,43.287083],[1.204941,43.286972],[1.20482,43.28675],[1.204609,43.286278],[1.204523,43.286081],[1.204464,43.285915],[1.204399,43.285753],[1.204348,43.285576],[1.204341,43.285422],[1.20427,43.28526],[1.204188,43.285107],[1.204174,43.284985],[1.204217,43.284955],[1.204252,43.284992],[1.204401,43.285277],[1.204474,43.28543],[1.204513,43.285589],[1.204915,43.28645],[1.205124,43.28692],[1.205197,43.287099],[1.205453,43.287407],[1.205726,43.287694],[1.205786,43.287789],[1.205869,43.287869],[1.205888,43.28791],[1.205945,43.28797],[1.206104,43.288177],[1.206059,43.288208],[1.20608,43.288256],[1.206286,43.28848],[1.206316,43.288491],[1.206366,43.288495],[1.206377,43.288544],[1.206377,43.288595],[1.206466,43.288692],[1.206809,43.288943],[1.207107,43.289137],[1.20746,43.289321],[1.207586,43.289413],[1.207735,43.289482],[1.207793,43.289501],[1.207954,43.289541],[1.208034,43.289573],[1.208241,43.289661],[1.208632,43.289842],[1.208771,43.2899],[1.209,43.289992],[1.20919,43.290056],[1.209276,43.290064],[1.209539,43.290109],[1.210057,43.290178],[1.210215,43.290204],[1.210618,43.290234],[1.210798,43.290265],[1.211129,43.290303],[1.211429,43.29036],[1.21185,43.290413],[1.212234,43.290467],[1.212581,43.290493],[1.21269,43.290469],[1.212964,43.290498],[1.213176,43.290529],[1.214037,43.290582],[1.214413,43.290553],[1.214589,43.290548],[1.214841,43.290574],[1.215053,43.290593],[1.215194,43.290601],[1.215324,43.290605],[1.215416,43.290602],[1.215465,43.290628],[1.215342,43.290654],[1.215237,43.290681],[1.215257,43.290716],[1.215249,43.290847],[1.215241,43.290866],[1.215266,43.290899],[1.215291,43.290985],[1.215366,43.291039],[1.215504,43.291095],[1.215741,43.291151],[1.21583,43.29116],[1.215875,43.291154],[1.215907,43.29116],[1.215912,43.291196],[1.215917,43.291197],[1.215929,43.291176],[1.215984,43.291135],[1.216055,43.291117],[1.216179,43.291058],[1.216224,43.291004],[1.216258,43.290724],[1.216364,43.29069],[1.216513,43.290662],[1.216687,43.290727],[1.21667,43.290663],[1.21667,43.290621],[1.216719,43.290623],[1.216963,43.290661],[1.217097,43.290644],[1.217271,43.290629],[1.217419,43.290622],[1.217555,43.290633],[1.217664,43.290663],[1.217751,43.290663],[1.21791,43.290675],[1.218008,43.290695],[1.218156,43.290715],[1.218265,43.290723],[1.218316,43.290746],[1.218377,43.290746],[1.218636,43.290687],[1.219036,43.290694],[1.219023,43.290732],[1.219004,43.290765],[1.218934,43.290853],[1.218898,43.290894],[1.218864,43.290909],[1.218826,43.290916],[1.218679,43.290913],[1.218467,43.290961],[1.218423,43.290968],[1.21837,43.290969],[1.21826,43.290967],[1.218213,43.290958],[1.218168,43.290943],[1.218099,43.290936],[1.217933,43.290912],[1.217944,43.290923],[1.218024,43.290968],[1.218053,43.291003],[1.218128,43.291016],[1.218224,43.291007],[1.21827,43.291034],[1.218265,43.291078],[1.218297,43.291137],[1.21838,43.291151],[1.218427,43.291207],[1.218484,43.291174],[1.218508,43.291206],[1.218477,43.291263],[1.218496,43.291273],[1.218528,43.291253],[1.218548,43.291265],[1.218591,43.291332],[1.218574,43.291341],[1.218494,43.291313],[1.218395,43.291313],[1.218375,43.291355],[1.218221,43.291333],[1.218154,43.291275],[1.21808,43.291267],[1.21798,43.291285],[1.217934,43.291328],[1.217928,43.291444],[1.217807,43.291428],[1.217748,43.291386],[1.217739,43.2913],[1.217685,43.29131],[1.217638,43.291294],[1.217533,43.291228],[1.217397,43.291166],[1.216996,43.291068],[1.216893,43.29102],[1.216829,43.290956],[1.216772,43.290951],[1.216689,43.290968],[1.216614,43.291081],[1.216658,43.291148],[1.216941,43.291276],[1.21723,43.291371],[1.217536,43.291455],[1.217717,43.291535],[1.218132,43.291623],[1.218349,43.291701],[1.218589,43.291747],[1.219062,43.291915],[1.21919,43.291973],[1.219231,43.292001],[1.219304,43.291988],[1.219345,43.292022],[1.219409,43.292028],[1.219405,43.292047],[1.219221,43.292056],[1.219157,43.292069],[1.219118,43.292004],[1.218884,43.291992],[1.218778,43.291933],[1.218671,43.291953],[1.218603,43.291927],[1.218542,43.291959],[1.218493,43.292073],[1.218504,43.292145],[1.218544,43.292305],[1.218571,43.292349],[1.218549,43.292366],[1.218464,43.292359],[1.218453,43.292404],[1.218573,43.292451],[1.218598,43.29254],[1.218654,43.292557],[1.218664,43.292586],[1.21862,43.29262],[1.218604,43.292679],[1.218525,43.292747],[1.218465,43.292776],[1.218497,43.292824],[1.218605,43.292829],[1.218591,43.29284],[1.21849,43.292849],[1.218384,43.292891],[1.218366,43.292916],[1.218399,43.29293],[1.21843,43.293016],[1.218399,43.293103],[1.218309,43.293167],[1.218177,43.293211],[1.218083,43.293261],[1.217927,43.293292],[1.217729,43.29332],[1.217611,43.293428],[1.217979,43.293412],[1.218108,43.293409],[1.21818,43.293408],[1.218232,43.293419],[1.218169,43.293453],[1.218058,43.293469],[1.21776,43.293518],[1.217649,43.293519],[1.217482,43.293512],[1.217414,43.293466],[1.21734,43.293467],[1.217267,43.293463],[1.217286,43.29343],[1.217396,43.293352],[1.217403,43.293314],[1.217349,43.293312],[1.217074,43.293345],[1.216939,43.293369],[1.216716,43.293346],[1.216539,43.293412],[1.216561,43.293472],[1.216679,43.293473],[1.216794,43.293458],[1.216894,43.293471],[1.216869,43.293498],[1.216731,43.293509],[1.216581,43.293541],[1.216556,43.29359],[1.216646,43.293632],[1.216729,43.293682],[1.216736,43.293833],[1.21666,43.293928],[1.216619,43.294058],[1.216578,43.294149],[1.21669,43.294178],[1.216624,43.294204],[1.216599,43.29425],[1.216835,43.294278],[1.219082,43.294113],[1.219582,43.294094],[1.2195,43.294123],[1.218905,43.294162],[1.218855,43.294228],[1.218954,43.294545],[1.218922,43.294548],[1.218816,43.29423],[1.218704,43.294181],[1.218318,43.294229],[1.218292,43.294319],[1.218396,43.294629],[1.218399,43.294682],[1.218333,43.294649],[1.218223,43.294252],[1.218147,43.294212],[1.217695,43.294267],[1.217694,43.294319],[1.217813,43.294755],[1.217789,43.294759],[1.217756,43.294734],[1.217636,43.294315],[1.217576,43.294272],[1.217375,43.294315],[1.217374,43.294363],[1.217512,43.294802],[1.217488,43.294816],[1.217451,43.294808],[1.217303,43.294327],[1.217266,43.294305],[1.2171,43.294319],[1.217056,43.294361],[1.216741,43.294362],[1.216488,43.294382],[1.216722,43.294774],[1.216913,43.294784],[1.217151,43.294739],[1.217185,43.294851],[1.216947,43.294903],[1.216961,43.295065],[1.217111,43.295072],[1.217246,43.295103],[1.217274,43.295158],[1.217435,43.295165],[1.217481,43.295179],[1.21746,43.295273],[1.217425,43.295321],[1.217459,43.295396],[1.217552,43.295524],[1.217591,43.295645],[1.217661,43.29575],[1.218452,43.296107],[1.218659,43.296147],[1.218834,43.296095],[1.219055,43.296083],[1.219539,43.295974],[1.219738,43.295863],[1.219876,43.295841],[1.219841,43.29576],[1.219904,43.295755],[1.219976,43.29582],[1.220312,43.295662],[1.220461,43.29565],[1.220796,43.295552],[1.221021,43.295424],[1.220913,43.295397],[1.221726,43.295222],[1.222137,43.295167],[1.222706,43.295181],[1.223205,43.295114],[1.223843,43.294978],[1.224207,43.294853],[1.224544,43.294671],[1.224971,43.294291],[1.225344,43.293796],[1.225338,43.293796],[1.225338,43.29379],[1.225234,43.293768],[1.224565,43.293566],[1.22434,43.293479],[1.224289,43.293462],[1.224217,43.293459],[1.224162,43.293467],[1.224048,43.293436],[1.223965,43.293406],[1.223911,43.293365],[1.223811,43.293318],[1.223739,43.293305],[1.223695,43.293293],[1.223837,43.293288],[1.223954,43.293301],[1.224039,43.293324],[1.224197,43.293377],[1.224348,43.293423],[1.224233,43.293366],[1.22424,43.293326],[1.224498,43.293363],[1.224584,43.293387],[1.224781,43.293372],[1.225063,43.293397],[1.22514,43.293418],[1.22513,43.293435],[1.225299,43.293476],[1.225492,43.293531],[1.2257,43.293132],[1.225945,43.292522],[1.226024,43.291982],[1.226089,43.291592],[1.226118,43.291291],[1.226235,43.291255],[1.226242,43.291224],[1.226266,43.291184],[1.2263,43.291107],[1.226347,43.291026],[1.226381,43.29098],[1.226449,43.290811],[1.226443,43.290761],[1.226407,43.290721],[1.226364,43.290624],[1.226353,43.290578],[1.226354,43.290534],[1.22637,43.290465],[1.226406,43.290426],[1.226559,43.290379],[1.226619,43.290326],[1.226729,43.290095],[1.226748,43.290069],[1.22673,43.290094],[1.226798,43.289944],[1.226834,43.289835],[1.22687,43.289749],[1.226981,43.289515],[1.227024,43.289414],[1.227069,43.289331],[1.227088,43.289261],[1.227114,43.289126],[1.22714,43.28921],[1.227144,43.289329],[1.227073,43.289481],[1.227026,43.289595],[1.226976,43.289751],[1.226981,43.28979],[1.226978,43.289869],[1.226965,43.289874],[1.227063,43.28984],[1.22709,43.289653],[1.227213,43.289231],[1.227305,43.288954],[1.227513,43.288614],[1.22753,43.288408],[1.227506,43.288345],[1.227562,43.288293],[1.227577,43.288178],[1.227692,43.287973],[1.227699,43.28789],[1.227836,43.28775],[1.227945,43.28762],[1.228159,43.287592],[1.228356,43.287523],[1.228494,43.287507],[1.228632,43.28752],[1.228789,43.287658],[1.228843,43.287891],[1.229128,43.288225],[1.229376,43.288375],[1.229576,43.288461],[1.229844,43.288695],[1.230112,43.289264],[1.230185,43.289332],[1.230338,43.289376],[1.230269,43.289427],[1.230212,43.289599],[1.230335,43.289734],[1.230305,43.289949],[1.230166,43.289967],[1.229638,43.289984],[1.22938,43.290021],[1.22937,43.290635],[1.229509,43.290693],[1.229903,43.29071],[1.229954,43.290729],[1.229975,43.290761],[1.229982,43.290912],[1.229967,43.291108],[1.229927,43.291232],[1.229774,43.29144],[1.229716,43.291475],[1.229704,43.29154],[1.229704,43.291676],[1.229486,43.291671],[1.229473,43.291627],[1.229443,43.291612],[1.229393,43.291604],[1.229355,43.291631],[1.229352,43.291654],[1.229401,43.291674],[1.229386,43.291931],[1.229324,43.291985],[1.2293,43.292092],[1.229221,43.292119],[1.229133,43.292213],[1.229076,43.292321],[1.228993,43.292437],[1.228895,43.292525],[1.228783,43.292552],[1.228724,43.292686],[1.228757,43.292734],[1.228755,43.292758],[1.228713,43.292798],[1.228613,43.292778],[1.228506,43.292781],[1.22846,43.292778],[1.228431,43.292814],[1.22842,43.292859],[1.228338,43.292862],[1.228302,43.292944],[1.2284,43.292951],[1.228385,43.293021],[1.228234,43.293026],[1.228181,43.293101],[1.22812,43.2932],[1.228109,43.293269],[1.228044,43.293358],[1.227998,43.293394],[1.227985,43.293432],[1.227957,43.293431],[1.22795,43.293401],[1.227879,43.293423],[1.227867,43.293478],[1.227747,43.293743],[1.227706,43.293845],[1.227617,43.294009],[1.227626,43.29413],[1.227704,43.294178],[1.227588,43.294235],[1.227496,43.294341],[1.22741,43.29436],[1.22722,43.294564],[1.22718,43.294656],[1.22703,43.294762],[1.22703,43.294861],[1.2269,43.295138],[1.226902,43.295211],[1.226869,43.29527],[1.227026,43.295263],[1.2268,43.295578],[1.22676,43.295651],[1.226723,43.295753],[1.22671,43.295835],[1.226698,43.295862],[1.226631,43.295923],[1.226564,43.296007],[1.226467,43.296263],[1.226409,43.296438],[1.226326,43.296641],[1.226333,43.296802],[1.226329,43.296937],[1.226357,43.297069],[1.22649,43.297367],[1.226643,43.297804],[1.226715,43.297892],[1.226741,43.297964],[1.226817,43.298059],[1.226866,43.298029],[1.2269,43.298082],[1.227018,43.298207],[1.22713,43.298303],[1.227395,43.298511],[1.227567,43.298625],[1.22777,43.298721],[1.227958,43.298772],[1.228108,43.298798],[1.228278,43.298844],[1.228494,43.298887],[1.228723,43.298905],[1.229114,43.298871],[1.229221,43.298857],[1.229338,43.298826],[1.22946,43.298807],[1.229575,43.298777],[1.229767,43.298696],[1.229932,43.298645],[1.230065,43.298621],[1.230211,43.298619],[1.230381,43.298626],[1.230575,43.298644],[1.230743,43.298668],[1.230862,43.298713],[1.231038,43.29877],[1.231633,43.298877],[1.231917,43.298913],[1.231951,43.298932],[1.231812,43.298959],[1.231618,43.298974],[1.231468,43.298964],[1.231556,43.298974],[1.23158,43.299047],[1.231591,43.29905],[1.231704,43.299055],[1.231843,43.299081],[1.231953,43.299094],[1.232003,43.299091],[1.232028,43.299078],[1.232022,43.299048],[1.232007,43.299028],[1.232009,43.298998],[1.232031,43.29896],[1.232087,43.298935],[1.232258,43.298892],[1.232417,43.298903],[1.232554,43.29892],[1.232672,43.298946],[1.232863,43.298995],[1.233042,43.299045],[1.233196,43.29908],[1.233308,43.299122],[1.233404,43.299175],[1.233438,43.299205],[1.233485,43.299285],[1.233603,43.299452],[1.233673,43.299532],[1.233723,43.299582],[1.233893,43.299738],[1.233985,43.299827],[1.23409,43.299985],[1.234196,43.300084],[1.234317,43.300226],[1.234389,43.300287],[1.234498,43.300351],[1.234586,43.300395],[1.234379,43.300436],[1.234053,43.300506],[1.234036,43.300485],[1.234062,43.300518],[1.23416,43.300637],[1.234199,43.300701],[1.234247,43.300819],[1.234317,43.300963],[1.234321,43.300999],[1.234329,43.301009],[1.234364,43.301022],[1.2344,43.301028],[1.234401,43.301047],[1.234396,43.301073],[1.234415,43.301101],[1.234448,43.301108],[1.234454,43.301146],[1.234416,43.301181],[1.234423,43.301227],[1.234406,43.301256],[1.234416,43.301289],[1.234416,43.301317],[1.234485,43.301509],[1.234491,43.301587],[1.234477,43.30165],[1.234492,43.30168],[1.234517,43.301696],[1.234497,43.301749],[1.234518,43.301777],[1.234517,43.301822],[1.234511,43.301889],[1.234478,43.301921],[1.234432,43.302048],[1.234442,43.302092],[1.234434,43.302253],[1.234384,43.302476],[1.234355,43.302545],[1.234378,43.30262],[1.234365,43.30271],[1.234323,43.30289],[1.23424,43.303203],[1.234182,43.303389],[1.234115,43.303521],[1.234043,43.303703],[1.233917,43.303943],[1.233856,43.304034],[1.233817,43.30406],[1.233839,43.30409],[1.233864,43.304106],[1.233875,43.304127],[1.233855,43.304259],[1.23387,43.304277],[1.233824,43.304303],[1.233809,43.304338],[1.233807,43.304374],[1.233715,43.304508],[1.233764,43.304542],[1.233788,43.304539],[1.233804,43.304555],[1.233741,43.304599],[1.233712,43.304591],[1.233676,43.304587],[1.233547,43.304784],[1.233554,43.30482],[1.233508,43.304909],[1.23339,43.3051],[1.233352,43.305123],[1.23337,43.305133],[1.233368,43.305159],[1.233399,43.30518],[1.233396,43.305187],[1.233336,43.305246],[1.233315,43.305239],[1.233312,43.305198],[1.233299,43.305198],[1.233292,43.305221],[1.233286,43.305267],[1.233272,43.305266],[1.233244,43.30531],[1.233259,43.305328],[1.233278,43.305343],[1.233275,43.305356],[1.233261,43.305359],[1.233231,43.305373],[1.23322,43.305384],[1.233222,43.305454],[1.233168,43.305484],[1.233124,43.305525],[1.233113,43.305527],[1.233125,43.305609],[1.233107,43.305731],[1.233057,43.305862],[1.233014,43.305945],[1.232938,43.30603],[1.232913,43.306091],[1.232915,43.306208],[1.232947,43.306394],[1.2329,43.3067],[1.232837,43.306874],[1.232757,43.30701],[1.232759,43.307045],[1.23275,43.30726],[1.232771,43.307388],[1.232777,43.307476],[1.232767,43.307503],[1.232804,43.307539],[1.232821,43.30757],[1.232867,43.307625],[1.232906,43.307729],[1.232903,43.307792],[1.232885,43.307829],[1.232946,43.307837],[1.233042,43.30794],[1.233169,43.308039],[1.233126,43.308116],[1.233092,43.308211],[1.233094,43.308311],[1.233109,43.308498],[1.233148,43.308671],[1.233231,43.308883],[1.233277,43.308973],[1.233285,43.309049],[1.233452,43.309392],[1.233532,43.309509],[1.233654,43.309673],[1.233912,43.309947],[1.234122,43.310119],[1.234439,43.310345],[1.234685,43.310165],[1.234623,43.310123],[1.234233,43.309798],[1.234059,43.309624],[1.233927,43.309456],[1.233897,43.309411],[1.23383,43.309341],[1.233631,43.308977],[1.233574,43.308707],[1.233546,43.308506],[1.233591,43.308041],[1.233635,43.30779],[1.234798,43.30606],[1.235159,43.305396],[1.23521,43.305282],[1.235529,43.304529],[1.235633,43.304213],[1.235733,43.303728],[1.235841,43.303049],[1.235889,43.302284],[1.235882,43.301292],[1.235704,43.300392],[1.235419,43.299686],[1.23535,43.299595],[1.23512,43.299354],[1.234983,43.299222],[1.234777,43.299053],[1.234665,43.298967],[1.235202,43.298506],[1.235162,43.298458],[1.235036,43.298416],[1.234948,43.298425],[1.234791,43.29834],[1.234785,43.298307],[1.23447,43.298051],[1.23442,43.297969],[1.234261,43.297934],[1.23421,43.297885],[1.234133,43.297887],[1.234054,43.297896],[1.233979,43.297885],[1.233908,43.297864],[1.23383,43.297827],[1.233761,43.297827],[1.23366,43.297795],[1.233426,43.297751],[1.233197,43.297716],[1.232877,43.29768],[1.232264,43.297665],[1.23196,43.297678],[1.231572,43.297725],[1.23143,43.297749],[1.231368,43.297763],[1.231367,43.297732],[1.23144,43.297607],[1.231527,43.297531],[1.231559,43.297509],[1.23146,43.297481],[1.23137,43.297497],[1.231074,43.297403],[1.230627,43.297271],[1.230222,43.297284],[1.229856,43.29716],[1.229655,43.297032],[1.229652,43.296966],[1.229226,43.296467],[1.229233,43.296415],[1.229086,43.296378],[1.229025,43.296352],[1.228977,43.296373],[1.228934,43.296407],[1.228867,43.296416],[1.22885,43.296377],[1.22888,43.29628],[1.228915,43.296246],[1.228964,43.296324],[1.229018,43.296317],[1.22906,43.296294],[1.229177,43.296237],[1.229188,43.296154],[1.229236,43.296117],[1.229328,43.296094],[1.229357,43.296063],[1.229319,43.296049],[1.229153,43.296049],[1.229017,43.296019],[1.22902,43.295912],[1.228966,43.295832],[1.228933,43.295647],[1.22896,43.295474],[1.228914,43.295467],[1.228901,43.295433],[1.228902,43.295397],[1.228922,43.295351],[1.229025,43.295179],[1.229074,43.295111],[1.229089,43.295084],[1.228996,43.295148],[1.228852,43.295235],[1.228984,43.295098],[1.229084,43.294984],[1.229203,43.295028],[1.229215,43.294992],[1.229446,43.294793],[1.229359,43.29475],[1.229401,43.294715],[1.229443,43.294704],[1.229485,43.294702],[1.229563,43.294705],[1.229783,43.294625],[1.22992,43.294557],[1.23002,43.294494],[1.230162,43.294419],[1.230213,43.294362],[1.23022,43.294337],[1.230155,43.294328],[1.230034,43.294389],[1.229581,43.294589],[1.22984,43.294403],[1.230021,43.294323],[1.230255,43.294209],[1.230267,43.294223],[1.230443,43.294154],[1.230761,43.29393],[1.231166,43.293734],[1.231547,43.293412],[1.232121,43.293059],[1.232257,43.292925],[1.232282,43.292911],[1.232317,43.292874],[1.232367,43.292805],[1.232513,43.292586],[1.232587,43.292512],[1.232612,43.292469],[1.232613,43.292443],[1.232584,43.292383],[1.232516,43.292276],[1.232503,43.292235],[1.232582,43.292109],[1.232646,43.292026],[1.232716,43.291949],[1.232864,43.291803],[1.232897,43.291736],[1.232932,43.291608],[1.232984,43.291527],[1.233056,43.291427],[1.233096,43.291361],[1.233124,43.291226],[1.233145,43.291157],[1.233093,43.291054],[1.233085,43.290891],[1.233109,43.290655],[1.233143,43.290541],[1.233157,43.290422],[1.233158,43.290199],[1.233111,43.289416],[1.233107,43.289258],[1.233018,43.288748],[1.232951,43.288498],[1.232714,43.287826],[1.232598,43.287415],[1.232523,43.287247],[1.232449,43.287143],[1.232341,43.286956],[1.232192,43.286784],[1.232077,43.286676],[1.231943,43.286574],[1.23167,43.28643],[1.231433,43.286289],[1.231144,43.28615],[1.230813,43.286012],[1.230553,43.28591],[1.229812,43.285733],[1.22948,43.285729],[1.229302,43.285747],[1.228602,43.285795],[1.228378,43.2858],[1.228151,43.285772],[1.228037,43.285741],[1.227943,43.285756],[1.227871,43.285683],[1.22781,43.285677],[1.227764,43.285674],[1.227536,43.285712],[1.227437,43.285712],[1.227242,43.285834],[1.227029,43.285905],[1.226872,43.285974],[1.226766,43.286093],[1.226725,43.286152],[1.226716,43.286206],[1.226704,43.286251],[1.226649,43.286297],[1.226584,43.286331],[1.226531,43.286408],[1.226366,43.28663],[1.226248,43.286851],[1.226191,43.287067],[1.226161,43.287259],[1.226134,43.287365],[1.226087,43.287456],[1.225984,43.287582],[1.225944,43.287639],[1.225898,43.287761],[1.225898,43.287856],[1.22589,43.287997],[1.225844,43.288127],[1.225845,43.28819],[1.225883,43.288258],[1.22591,43.288354],[1.225937,43.288368],[1.225959,43.288384],[1.225923,43.288425],[1.225854,43.28847],[1.225759,43.288484],[1.225688,43.288476],[1.225555,43.288471],[1.225451,43.288437],[1.225214,43.288303],[1.225145,43.288273],[1.225093,43.288244],[1.224994,43.288183],[1.224901,43.288118],[1.224603,43.287886],[1.224375,43.287684],[1.22423,43.287542],[1.22407,43.287313],[1.22396,43.28714],[1.22383,43.286986],[1.223523,43.286671],[1.223478,43.286631],[1.223388,43.286596],[1.223361,43.286577],[1.223303,43.286491],[1.223184,43.286383],[1.223148,43.286355],[1.223068,43.286246],[1.223013,43.28616],[1.222633,43.285211],[1.222543,43.285091],[1.222475,43.284989],[1.222414,43.284883],[1.222401,43.284839],[1.222447,43.284582],[1.222415,43.284391],[1.222432,43.284333],[1.222444,43.284271],[1.222447,43.284151],[1.222439,43.283986],[1.222332,43.28367],[1.222335,43.283641],[1.222308,43.283592],[1.222287,43.28347],[1.222209,43.283328],[1.222129,43.283209],[1.22201,43.283104],[1.221976,43.283033],[1.221906,43.282933],[1.221861,43.282883],[1.221764,43.282836],[1.221618,43.282776],[1.22155,43.282752],[1.221438,43.282848]],[[1.228273,43.286785],[1.228254,43.286834],[1.228201,43.286912],[1.228162,43.286951],[1.228105,43.287045],[1.228087,43.287062],[1.228046,43.28709],[1.228031,43.287127],[1.22799,43.287198],[1.227957,43.287228],[1.227851,43.287298],[1.227783,43.287337],[1.227765,43.287374],[1.227767,43.287397],[1.22776,43.28743],[1.227706,43.287571],[1.227679,43.287608],[1.227619,43.287671],[1.227592,43.287732],[1.227547,43.287961],[1.227526,43.287995],[1.227495,43.288025],[1.227479,43.288091],[1.227484,43.288155],[1.227474,43.288194],[1.227426,43.288318],[1.227393,43.288366],[1.227372,43.288382],[1.227363,43.288402],[1.227345,43.288481],[1.227325,43.288514],[1.227297,43.288544],[1.227274,43.288616],[1.227276,43.288652],[1.227272,43.288676],[1.227267,43.288699],[1.227255,43.288724],[1.227194,43.288805],[1.227116,43.288842],[1.227067,43.288836],[1.227034,43.288736],[1.227013,43.288603],[1.227006,43.288507],[1.22706,43.28838],[1.227117,43.288278],[1.227153,43.288189],[1.227188,43.288031],[1.227239,43.287883],[1.227305,43.287751],[1.227356,43.287621],[1.227429,43.287526],[1.227465,43.28744],[1.227537,43.28719],[1.227639,43.287058],[1.227779,43.28692],[1.227949,43.286802],[1.228138,43.286639],[1.228195,43.28666],[1.228244,43.286687],[1.228279,43.286738],[1.228281,43.286754],[1.228273,43.286785]],[[1.230874,43.290358],[1.230538,43.290442],[1.229868,43.29042],[1.229665,43.290399],[1.229579,43.290427],[1.229525,43.290359],[1.229537,43.290249],[1.229617,43.29028],[1.22983,43.290291],[1.230386,43.290277],[1.230643,43.290281],[1.23077,43.290314],[1.230906,43.29034],[1.230874,43.290358]],[[1.218741,43.292089],[1.218699,43.292139],[1.218622,43.292142],[1.218548,43.292125],[1.218532,43.292107],[1.218547,43.292069],[1.218582,43.292018],[1.21869,43.292005],[1.218759,43.292055],[1.218741,43.292089]],[[1.218891,43.291425],[1.218791,43.291404],[1.218726,43.291395],[1.218715,43.291429],[1.218677,43.291429],[1.21868,43.291397],[1.218657,43.291367],[1.218695,43.291354],[1.218739,43.291351],[1.21877,43.291361],[1.218808,43.29133],[1.21884,43.291287],[1.218871,43.291307],[1.218923,43.291366],[1.218927,43.291401],[1.218891,43.291425]],[[1.2287,43.292884],[1.228618,43.292899],[1.228473,43.292862],[1.228469,43.292836],[1.228494,43.292794],[1.228709,43.292852],[1.2287,43.292884]]],"type":"Polygon"},"properties":{"zoneCode":"Ri","zoneLabel":"Rouge inondation","zoneColor":"#E2001A","codeZone":"20150002_174","typeReg":"03","libelleZone":"Zone Rouge"}},{"type":"Feature","geometry":{"coordinates":[[[1.204719,43.281667],[1.204674,43.281499],[1.204321,43.281198],[1.203391,43.280498],[1.202782,43.280063],[1.201591,43.279338],[1.200992,43.279189],[1.200312,43.279004],[1.199423,43.27871],[1.198554,43.278307],[1.197601,43.277882],[1.196758,43.277718],[1.196209,43.277637],[1.196387,43.277741],[1.196847,43.277806],[1.197157,43.277883],[1.197654,43.278065],[1.197946,43.278176],[1.198322,43.27833],[1.198706,43.278471],[1.199095,43.278647],[1.199453,43.278813],[1.199839,43.278942],[1.200133,43.279053],[1.200398,43.279117],[1.200798,43.279203],[1.201135,43.279285],[1.201471,43.279397],[1.201792,43.279537],[1.20201,43.279655],[1.202236,43.279787],[1.202474,43.27995],[1.202735,43.280136],[1.20292,43.280275],[1.20331,43.280603],[1.203496,43.28072],[1.203689,43.280871],[1.203934,43.281023],[1.204114,43.281175],[1.20426,43.281312],[1.204473,43.281523],[1.204502,43.281586],[1.204596,43.281652],[1.204719,43.281667]]],"type":"Polygon"},"properties":{"zoneCode":"Rie","zoneLabel":"Rouge inondation + recul de berge","zoneColor":"#C81E3A","codeZone":"20150002_173","typeReg":"03","libelleZone":"Zone Rouge"}},{"type":"Feature","geometry":{"coordinates":[[[1.216428,43.291136],[1.216658,43.291148],[1.216614,43.291081],[1.216687,43.290885],[1.216688,43.290877],[1.216471,43.290828],[1.216428,43.291136]]],"type":"Polygon"},"properties":{"zoneCode":"GHi","zoneLabel":"Grise hachuree inondation (remblai)","zoneColor":"#8A8A8A","codeZone":"20150002_176","typeReg":"01","libelleZone":"Zone Grise Hachurée"}},{"type":"Feature","geometry":{"coordinates":[[[1.233112,43.305528],[1.2331,43.305454],[1.233077,43.305422],[1.233029,43.3054],[1.232914,43.305584],[1.23292,43.305702],[1.232874,43.305765],[1.232816,43.305826],[1.232747,43.305852],[1.232626,43.306049],[1.232658,43.30614],[1.232659,43.30619],[1.232647,43.306269],[1.232627,43.306346],[1.232634,43.30647],[1.232631,43.306531],[1.23265,43.306589],[1.23268,43.306603],[1.232716,43.306579],[1.232741,43.306537],[1.232729,43.306492],[1.232737,43.306453],[1.232764,43.30644],[1.232804,43.306506],[1.232819,43.306554],[1.232847,43.306095],[1.232963,43.305926],[1.233017,43.305667],[1.2331,43.305533],[1.233112,43.305528]],[[1.232985,43.305775],[1.232974,43.305821],[1.232949,43.305874],[1.232909,43.305943],[1.232845,43.305991],[1.232802,43.30598],[1.232802,43.305957],[1.232809,43.305931],[1.232838,43.305901],[1.232903,43.305818],[1.23293,43.305766],[1.232953,43.30575],[1.232985,43.305775]]],"type":"Polygon"},"properties":{"zoneCode":"RHg","zoneLabel":"Rouge hachuree mouvement de terrain","zoneColor":"#E2001A","codeZone":"20150002_175","typeReg":"03","libelleZone":"Zone Rouge Hachurée"}},{"type":"Feature","geometry":{"coordinates":[[[1.207802,43.289665],[1.207783,43.289545],[1.207793,43.289501],[1.207735,43.289482],[1.207586,43.289413],[1.20746,43.289321],[1.207107,43.289137],[1.206809,43.288943],[1.206466,43.288692],[1.206377,43.288595],[1.206377,43.288544],[1.206366,43.288495],[1.206316,43.288491],[1.206286,43.28848],[1.20608,43.288256],[1.206059,43.288208],[1.206104,43.288177],[1.205945,43.28797],[1.205888,43.28791],[1.205869,43.287869],[1.205786,43.287789],[1.205726,43.287694],[1.205453,43.287407],[1.205197,43.287099],[1.205124,43.28692],[1.204915,43.28645],[1.204513,43.285589],[1.204474,43.28543],[1.204401,43.285277],[1.204252,43.284992],[1.204217,43.284955],[1.204174,43.284985],[1.204188,43.285107],[1.20427,43.28526],[1.204341,43.285422],[1.204348,43.285576],[1.204399,43.285753],[1.204464,43.285915],[1.204523,43.286081],[1.204609,43.286278],[1.20482,43.28675],[1.204941,43.286972],[1.204974,43.287083],[1.205064,43.287278],[1.204992,43.287247],[1.204904,43.287149],[1.204919,43.287181],[1.205024,43.287309],[1.205216,43.287483],[1.20531,43.287666],[1.205488,43.287748],[1.205526,43.287911],[1.20595,43.288385],[1.206152,43.288478],[1.206261,43.28861],[1.206622,43.288862],[1.207111,43.289231],[1.20733,43.289335],[1.207414,43.289399],[1.207399,43.28943],[1.207325,43.289429],[1.207172,43.289316],[1.206821,43.2891],[1.20675,43.289047],[1.206688,43.288977],[1.206514,43.288828],[1.206324,43.28872],[1.206255,43.288661],[1.206212,43.288661],[1.206216,43.288669],[1.206663,43.288991],[1.206713,43.289073],[1.20697,43.289213],[1.20698,43.289239],[1.207275,43.289429],[1.207397,43.289474],[1.207494,43.289528],[1.207702,43.2896],[1.207728,43.289662],[1.207761,43.289653],[1.207802,43.289665]],[[1.206082,43.288366],[1.206045,43.288418],[1.205761,43.28814],[1.205581,43.287918],[1.20554,43.28788],[1.205619,43.287866],[1.205815,43.287993],[1.205918,43.288164],[1.206018,43.288312],[1.206082,43.288366]]],"type":"Polygon"},"properties":{"zoneCode":"Rig","zoneLabel":"Rouge inondation + mouvement de terrain","zoneColor":"#B0001C","codeZone":"20150002_170","typeReg":"03","libelleZone":"Zone Rouge"}},{"type":"Feature","geometry":{"coordinates":[[[1.215465,43.290628],[1.215416,43.290602],[1.215324,43.290605],[1.215194,43.290601],[1.215053,43.290593],[1.214841,43.290574],[1.214589,43.290548],[1.214413,43.290553],[1.214037,43.290582],[1.213176,43.290529],[1.212964,43.290498],[1.21269,43.290469],[1.212581,43.290493],[1.212234,43.290467],[1.21185,43.290413],[1.211429,43.29036],[1.211129,43.290303],[1.210798,43.290265],[1.210618,43.290234],[1.210215,43.290204],[1.210057,43.290178],[1.209539,43.290109],[1.209276,43.290064],[1.20919,43.290056],[1.209,43.289992],[1.208632,43.289842],[1.208241,43.289661],[1.208034,43.289573],[1.207954,43.289541],[1.207793,43.289501],[1.207783,43.289545],[1.207802,43.289665],[1.207908,43.289699],[1.207953,43.289732],[1.208224,43.2898],[1.208675,43.290021],[1.209591,43.29022],[1.210035,43.290241],[1.210144,43.290283],[1.21034,43.290315],[1.210452,43.29029],[1.211286,43.290421],[1.211716,43.290446],[1.21251,43.290602],[1.213348,43.29063],[1.213653,43.290706],[1.213851,43.290731],[1.215009,43.290776],[1.215053,43.290813],[1.215077,43.290894],[1.215067,43.29093],[1.215086,43.290955],[1.215148,43.290943],[1.215209,43.290909],[1.215235,43.290884],[1.215249,43.290847],[1.215257,43.290716],[1.215237,43.290681],[1.215342,43.290654],[1.215465,43.290628]]],"type":"Polygon"},"properties":{"zoneCode":"Rie","zoneLabel":"Rouge inondation + recul de berge","zoneColor":"#C81E3A","codeZone":"20150002_169","typeReg":"03","libelleZone":"Zone Rouge"}},{"type":"Feature","geometry":{"coordinates":[[[1.20494,43.287136],[1.204933,43.287122],[1.204921,43.287112],[1.204905,43.287072],[1.204818,43.286954],[1.204816,43.286896],[1.204764,43.286854],[1.204763,43.286844],[1.204795,43.286846],[1.204795,43.286801],[1.204781,43.286792],[1.204775,43.286782],[1.204786,43.286765],[1.20477,43.286745],[1.204742,43.286665],[1.204715,43.286637],[1.204692,43.286578],[1.204702,43.286547],[1.204681,43.286518],[1.204682,43.286499],[1.204653,43.286466],[1.204635,43.286407],[1.204591,43.286392],[1.204614,43.286383],[1.204611,43.286372],[1.20458,43.286338],[1.204582,43.28632],[1.204572,43.286299],[1.204552,43.286294],[1.204542,43.286283],[1.204566,43.286275],[1.204567,43.286266],[1.204562,43.286248],[1.204569,43.28622],[1.204562,43.286203],[1.204532,43.286184],[1.20451,43.286174],[1.204496,43.286049],[1.204398,43.285813],[1.204318,43.285668],[1.204267,43.285496],[1.204272,43.285437],[1.204202,43.285284],[1.204154,43.285125],[1.204115,43.285071],[1.204126,43.284991],[1.204139,43.284973],[1.204104,43.284908],[1.204042,43.284899],[1.204022,43.284799],[1.203852,43.284681],[1.203716,43.284662],[1.20368,43.284631],[1.20365,43.284442],[1.203601,43.284403],[1.203597,43.284387],[1.203628,43.28439],[1.203646,43.28438],[1.203652,43.284343],[1.203619,43.284277],[1.203516,43.284223],[1.20356,43.283883],[1.203607,43.283844],[1.203547,43.283798],[1.20346,43.283805],[1.203462,43.283751],[1.203377,43.283746],[1.203328,43.283705],[1.203304,43.283648],[1.203266,43.283635],[1.203327,43.283537],[1.203162,43.283478],[1.203077,43.283444],[1.203066,43.283399],[1.203017,43.283334],[1.203021,43.283268],[1.202909,43.283281],[1.202784,43.283338],[1.202779,43.283348],[1.202851,43.283457],[1.202867,43.28353],[1.202977,43.28354],[1.20309,43.283803],[1.203174,43.283896],[1.203283,43.284112],[1.203568,43.284711],[1.203747,43.284921],[1.203842,43.285057],[1.20391,43.285201],[1.203876,43.285488],[1.203908,43.285627],[1.204039,43.285775],[1.204175,43.285817],[1.204172,43.285864],[1.20403,43.286005],[1.204247,43.286329],[1.20451,43.286655],[1.204667,43.28688],[1.204753,43.286974],[1.204864,43.287053],[1.204906,43.28715],[1.204913,43.287157],[1.20494,43.287136]]],"type":"Polygon"},"properties":{"zoneCode":"RHi","zoneLabel":"Rouge hachuree inondation","zoneColor":"#E2001A","codeZone":"20150002_172","typeReg":"03","libelleZone":"Zone Rouge Hachurée"}},{"type":"Feature","geometry":{"coordinates":[[[1.205577,43.288042],[1.205582,43.288046],[1.20563,43.288026],[1.205526,43.287911],[1.205488,43.287748],[1.20531,43.287666],[1.205216,43.287483],[1.205024,43.287309],[1.204919,43.287181],[1.204904,43.287149],[1.204667,43.28688],[1.20451,43.286655],[1.204062,43.286101],[1.204013,43.286028],[1.204012,43.285958],[1.204051,43.285916],[1.204066,43.285853],[1.203959,43.285738],[1.20378,43.285423],[1.203664,43.285241],[1.203608,43.285256],[1.203645,43.285395],[1.203792,43.285803],[1.203882,43.286159],[1.203962,43.286279],[1.204068,43.286418],[1.204261,43.286621],[1.204349,43.286708],[1.204456,43.286873],[1.204526,43.286954],[1.204585,43.287045],[1.204655,43.28712],[1.204763,43.287215],[1.204765,43.287223],[1.204861,43.287302],[1.204887,43.287398],[1.204934,43.287514],[1.205009,43.287599],[1.205226,43.287764],[1.205365,43.287935],[1.205425,43.288024],[1.205426,43.288051],[1.20544,43.288072],[1.20551,43.288074],[1.205577,43.288042]]],"type":"Polygon"},"properties":{"zoneCode":"Rg","zoneLabel":"Rouge mouvement de terrain (glissement)","zoneColor":"#E2001A","codeZone":"20150002_171","typeReg":"03","libelleZone":"Zone Rouge"}},{"type":"Feature","geometry":{"coordinates":[[[1.227144,43.289329],[1.22714,43.28921],[1.227114,43.289126],[1.227088,43.289261],[1.227069,43.289331],[1.227024,43.289414],[1.226981,43.289515],[1.22687,43.289749],[1.226834,43.289835],[1.226798,43.289944],[1.22673,43.290094],[1.226748,43.290069],[1.226729,43.290095],[1.226619,43.290326],[1.226559,43.290379],[1.226406,43.290426],[1.22637,43.290465],[1.226354,43.290534],[1.226353,43.290578],[1.226364,43.290624],[1.226407,43.290721],[1.226443,43.290761],[1.226449,43.290811],[1.226381,43.29098],[1.226347,43.291026],[1.2263,43.291107],[1.226266,43.291184],[1.226242,43.291224],[1.226235,43.291255],[1.226118,43.291291],[1.226089,43.291592],[1.226024,43.291982],[1.225945,43.292522],[1.2257,43.293132],[1.225492,43.293531],[1.225612,43.293569],[1.225654,43.293579],[1.225661,43.293579],[1.225725,43.293506],[1.225788,43.293473],[1.225993,43.292909],[1.226037,43.292739],[1.226103,43.292605],[1.226087,43.292488],[1.22615,43.292363],[1.226107,43.292219],[1.226208,43.291968],[1.226345,43.291161],[1.226532,43.290939],[1.226544,43.290706],[1.22645,43.290587],[1.226508,43.290488],[1.226733,43.290393],[1.226965,43.289874],[1.226978,43.289869],[1.226981,43.28979],[1.226976,43.289751],[1.227026,43.289595],[1.227073,43.289481],[1.227144,43.289329]]],"type":"Polygon"},"properties":{"zoneCode":"Rig","zoneLabel":"Rouge inondation + mouvement de terrain","zoneColor":"#B0001C","codeZone":"20150002_189","typeReg":"03","libelleZone":"Zone Rouge"}},{"type":"Feature","geometry":{"coordinates":[[[1.223148,43.283305],[1.223161,43.28322],[1.223045,43.283128],[1.222946,43.283068],[1.222949,43.282974],[1.222923,43.282925],[1.222866,43.282896],[1.222809,43.282859],[1.222738,43.282828],[1.222663,43.282813],[1.222616,43.282815],[1.222567,43.282824],[1.222616,43.282911],[1.222726,43.283009],[1.222834,43.28305],[1.222845,43.283092],[1.222884,43.283169],[1.222915,43.28321],[1.222913,43.283228],[1.222974,43.283254],[1.223021,43.283279],[1.223148,43.283305]]],"type":"Polygon"},"properties":{"zoneCode":"Rg","zoneLabel":"Rouge mouvement de terrain (glissement)","zoneColor":"#E2001A","codeZone":"20150002_186","typeReg":"03","libelleZone":"Zone Rouge"}},{"type":"Feature","geometry":{"coordinates":[[[1.242111,43.277605],[1.241971,43.277703],[1.241798,43.277742],[1.241532,43.277824],[1.241392,43.277856],[1.241231,43.277888],[1.24065,43.277906],[1.24023,43.277925],[1.239893,43.277956],[1.239733,43.277999],[1.23942,43.278031],[1.239161,43.27805],[1.238946,43.278073],[1.238721,43.278133],[1.238577,43.278183],[1.238398,43.278239],[1.238303,43.278258],[1.238226,43.278282],[1.238174,43.278292],[1.237738,43.278334],[1.23759,43.278353],[1.237326,43.27842],[1.237103,43.278509],[1.2363,43.278893],[1.236082,43.278984],[1.235963,43.27907],[1.235861,43.279118],[1.235722,43.279163],[1.235595,43.27919],[1.235448,43.279225],[1.235329,43.279236],[1.235178,43.279244],[1.234872,43.27925],[1.234813,43.279258],[1.234768,43.279273],[1.234755,43.279283],[1.234729,43.279317],[1.234659,43.279476],[1.234647,43.279485],[1.234603,43.2795],[1.234507,43.279511],[1.234468,43.27952],[1.23442,43.279555],[1.234253,43.279665],[1.234063,43.279756],[1.233845,43.279534],[1.233413,43.27904],[1.232942,43.278427],[1.232797,43.278306],[1.232745,43.278323],[1.232782,43.278355],[1.232274,43.278459],[1.232069,43.278723],[1.231837,43.279168],[1.231694,43.279861],[1.23134,43.280242],[1.230922,43.280659],[1.230672,43.28108],[1.230613,43.2814],[1.230593,43.281906],[1.230634,43.282264],[1.230572,43.282475],[1.230562,43.28247],[1.23053,43.282558],[1.230422,43.282705],[1.229863,43.283092],[1.229494,43.28349],[1.228989,43.283797],[1.228645,43.28434],[1.228387,43.284514],[1.228283,43.284667],[1.2283,43.284822],[1.228387,43.284989],[1.228374,43.285119],[1.228227,43.285239],[1.228066,43.285245],[1.227949,43.285193],[1.22776,43.285084],[1.227391,43.284714],[1.227232,43.284567],[1.227085,43.284498],[1.22689,43.284424],[1.226719,43.284436],[1.22659,43.284409],[1.226506,43.284444],[1.226482,43.284466],[1.226356,43.284456],[1.226374,43.284356],[1.226402,43.284333],[1.226413,43.284295],[1.226206,43.284216],[1.225969,43.284248],[1.225589,43.284319],[1.225407,43.284429],[1.225208,43.284488],[1.225124,43.284545],[1.224976,43.284632],[1.224778,43.284756],[1.224716,43.284804],[1.224666,43.284807],[1.224637,43.284784],[1.22465,43.284736],[1.224711,43.284667],[1.224788,43.284567],[1.224896,43.284464],[1.224939,43.284415],[1.224704,43.28422],[1.224705,43.284217],[1.224842,43.284181],[1.224644,43.28394],[1.224398,43.283737],[1.224328,43.283617],[1.224326,43.28342],[1.224346,43.28323],[1.224286,43.283044],[1.224138,43.282716],[1.224009,43.282603],[1.223967,43.282549],[1.224155,43.282507],[1.224383,43.282391],[1.224738,43.282117],[1.224933,43.282035],[1.225435,43.281899],[1.225788,43.281777],[1.225956,43.281709],[1.226143,43.281587],[1.226454,43.281415],[1.226522,43.281344],[1.226544,43.281276],[1.226537,43.28121],[1.226447,43.281183],[1.226347,43.281176],[1.226163,43.28122],[1.225958,43.281277],[1.225803,43.28133],[1.225593,43.281414],[1.225399,43.281509],[1.225318,43.28157],[1.225177,43.281546],[1.224976,43.281499],[1.224832,43.281509],[1.224513,43.281657],[1.224335,43.281758],[1.224202,43.281872],[1.224107,43.281933],[1.223951,43.281939],[1.223847,43.281919],[1.223765,43.281875],[1.223714,43.281819],[1.223681,43.281746],[1.223653,43.281577],[1.223579,43.281476],[1.223466,43.281407],[1.2233,43.281379],[1.223282,43.281383],[1.223247,43.281341],[1.223248,43.28127],[1.223274,43.28122],[1.223285,43.281196],[1.223273,43.281222],[1.223232,43.281274],[1.223184,43.281379],[1.223129,43.281446],[1.223078,43.28152],[1.223045,43.281628],[1.22302,43.281664],[1.222972,43.28171],[1.222918,43.281792],[1.22286,43.281861],[1.222816,43.281905],[1.222719,43.281974],[1.222708,43.28199],[1.222695,43.282026],[1.22269,43.282052],[1.222693,43.282127],[1.222688,43.282192],[1.222672,43.282253],[1.222636,43.282312],[1.222608,43.282341],[1.222546,43.282363],[1.222459,43.282385],[1.222441,43.282405],[1.222397,43.282438],[1.222334,43.282468],[1.222289,43.282488],[1.222234,43.282506],[1.222178,43.282514],[1.222371,43.282591],[1.222438,43.28263],[1.222636,43.282652],[1.222701,43.282674],[1.22273,43.28269],[1.222757,43.282711],[1.222778,43.282733],[1.222828,43.282817],[1.222884,43.282866],[1.222981,43.282906],[1.223031,43.282943],[1.223051,43.282965],[1.223065,43.28299],[1.223083,43.283042],[1.22311,43.283096],[1.223148,43.283148],[1.22316,43.283196],[1.223161,43.28322],[1.223456,43.28321],[1.223507,43.283341],[1.223515,43.283394],[1.22315,43.283304],[1.223128,43.283346],[1.22311,43.283367],[1.223011,43.283468],[1.222917,43.283607],[1.222839,43.283742],[1.222827,43.283801],[1.222888,43.283928],[1.222898,43.283959],[1.22291,43.284143],[1.22291,43.284166],[1.222894,43.284211],[1.222956,43.284216],[1.222942,43.284247],[1.222983,43.284279],[1.22306,43.284348],[1.223164,43.284339],[1.22323,43.284328],[1.223311,43.284338],[1.223366,43.28436],[1.223458,43.284422],[1.223551,43.284664],[1.223597,43.284752],[1.223694,43.284892],[1.22383,43.284994],[1.22391,43.285028],[1.223972,43.285096],[1.224025,43.285184],[1.224119,43.28529],[1.224111,43.285326],[1.224078,43.285393],[1.224039,43.285433],[1.224017,43.285468],[1.224001,43.285497],[1.223957,43.285596],[1.223956,43.285673],[1.223906,43.285831],[1.223813,43.285883],[1.223691,43.285984],[1.223636,43.285987],[1.22359,43.285981],[1.223545,43.285939],[1.223549,43.285852],[1.223476,43.285789],[1.223445,43.285748],[1.223429,43.285709],[1.223367,43.285649],[1.223266,43.285611],[1.22323,43.28556],[1.223085,43.285181],[1.223007,43.285129],[1.222988,43.285058],[1.222989,43.284978],[1.223025,43.284869],[1.223011,43.284778],[1.222952,43.284659],[1.222905,43.284592],[1.222887,43.284536],[1.222859,43.284479],[1.222821,43.284442],[1.222629,43.284614],[1.222595,43.284797],[1.222599,43.284852],[1.22271,43.285034],[1.222822,43.285202],[1.222917,43.285436],[1.223,43.285575],[1.223044,43.285578],[1.223176,43.285628],[1.223232,43.285712],[1.223244,43.285742],[1.223249,43.285772],[1.223247,43.285812],[1.223283,43.285874],[1.223296,43.285912],[1.223309,43.285976],[1.223338,43.286005],[1.223361,43.286036],[1.223396,43.286126],[1.223447,43.28617],[1.223513,43.286161],[1.223571,43.286143],[1.223617,43.286147],[1.223618,43.286169],[1.223613,43.286201],[1.223587,43.286254],[1.223624,43.286241],[1.223741,43.28618],[1.223857,43.286083],[1.224021,43.285932],[1.224158,43.285816],[1.22416,43.28582],[1.224372,43.285631],[1.224593,43.285495],[1.224698,43.285458],[1.224897,43.285425],[1.225137,43.285394],[1.22501,43.285388],[1.224729,43.285395],[1.224648,43.285404],[1.224579,43.285418],[1.224516,43.285448],[1.224445,43.28544],[1.22442,43.285429],[1.224417,43.285417],[1.224423,43.285394],[1.224447,43.285374],[1.224617,43.285339],[1.224684,43.285308],[1.224786,43.28527],[1.224833,43.285239],[1.224918,43.285229],[1.225027,43.285239],[1.225106,43.285236],[1.225228,43.285216],[1.22537,43.285182],[1.225694,43.285144],[1.225744,43.285142],[1.225817,43.285126],[1.225821,43.285059],[1.225789,43.285003],[1.225751,43.284982],[1.225623,43.284966],[1.225477,43.284964],[1.225044,43.285004],[1.224925,43.285024],[1.224794,43.285062],[1.224697,43.285066],[1.224533,43.285099],[1.224469,43.285093],[1.224407,43.285052],[1.224346,43.28499],[1.224238,43.284698],[1.223961,43.283879],[1.224087,43.283953],[1.22417,43.284161],[1.224322,43.284753],[1.22436,43.284836],[1.224417,43.284946],[1.224452,43.284982],[1.224505,43.285008],[1.224556,43.285029],[1.224642,43.285033],[1.224798,43.285008],[1.224987,43.284966],[1.225142,43.284906],[1.225228,43.284885],[1.225574,43.284897],[1.225813,43.284914],[1.226047,43.284918],[1.226272,43.284918],[1.226371,43.284939],[1.226489,43.284973],[1.226519,43.285076],[1.226484,43.285164],[1.226406,43.285245],[1.226279,43.285293],[1.226134,43.285324],[1.225852,43.285351],[1.225358,43.28543],[1.225362,43.285444],[1.225736,43.285405],[1.226114,43.285404],[1.226416,43.285338],[1.226528,43.285281],[1.226583,43.285216],[1.226657,43.285181],[1.226751,43.285164],[1.226862,43.285154],[1.227029,43.285183],[1.227078,43.285217],[1.227124,43.285278],[1.227186,43.285398],[1.227164,43.285428],[1.227109,43.285446],[1.227032,43.285378],[1.226924,43.285397],[1.226808,43.285403],[1.226688,43.285396],[1.226594,43.285381],[1.226485,43.28538],[1.226352,43.285391],[1.226216,43.285426],[1.226094,43.285452],[1.225997,43.285516],[1.225892,43.285592],[1.225822,43.285657],[1.225718,43.285678],[1.225508,43.285693],[1.225375,43.285654],[1.225141,43.285594],[1.225021,43.285569],[1.224912,43.285563],[1.224806,43.285533],[1.224716,43.285531],[1.224639,43.28554],[1.22456,43.285564],[1.224451,43.285616],[1.22417,43.285845],[1.223891,43.286108],[1.223572,43.286311],[1.22359,43.286344],[1.22372,43.28625],[1.22422,43.285907],[1.224398,43.285801],[1.224471,43.28573],[1.224573,43.285698],[1.224649,43.285661],[1.224808,43.285685],[1.225076,43.285787],[1.225333,43.285834],[1.225783,43.285843],[1.226122,43.285797],[1.226173,43.285795],[1.226252,43.285682],[1.226356,43.285647],[1.226462,43.285644],[1.226533,43.285654],[1.226561,43.285681],[1.226593,43.285679],[1.226655,43.285705],[1.226718,43.285696],[1.226908,43.285617],[1.226965,43.285627],[1.227077,43.285595],[1.227137,43.285614],[1.227263,43.285575],[1.227347,43.285587],[1.227539,43.285575],[1.227656,43.285592],[1.227805,43.285581],[1.227819,43.285582],[1.227811,43.28552],[1.227819,43.28549],[1.227836,43.28548],[1.227969,43.285419],[1.228006,43.285406],[1.228151,43.285363],[1.228279,43.285338],[1.228499,43.285318],[1.228785,43.285298],[1.228789,43.285254],[1.228973,43.285272],[1.229126,43.285297],[1.229266,43.285324],[1.229321,43.285288],[1.229345,43.285253],[1.229707,43.284974],[1.22983,43.284843],[1.229963,43.284833],[1.229776,43.285155],[1.229597,43.285367],[1.229752,43.285377],[1.229782,43.285384],[1.229838,43.285405],[1.229867,43.28542],[1.230022,43.285463],[1.23002,43.285469],[1.230173,43.285508],[1.2304,43.285573],[1.230627,43.285607],[1.230686,43.28558],[1.230751,43.285566],[1.230934,43.285609],[1.231045,43.285638],[1.231153,43.285652],[1.231255,43.285659],[1.231382,43.285663],[1.231542,43.285646],[1.231621,43.285644],[1.231809,43.285613],[1.231975,43.285619],[1.232208,43.285637],[1.232347,43.285654],[1.232486,43.28568],[1.232607,43.285723],[1.232744,43.285818],[1.232884,43.285922],[1.232964,43.28599],[1.233096,43.28611],[1.2332,43.286174],[1.233302,43.286262],[1.233389,43.286359],[1.233487,43.286435],[1.233612,43.286545],[1.233683,43.286645],[1.233745,43.286743],[1.233856,43.287024],[1.233848,43.287148],[1.233858,43.287406],[1.233854,43.287514],[1.233824,43.287615],[1.233745,43.287738],[1.233632,43.287867],[1.233447,43.28802],[1.233371,43.288095],[1.23338,43.288206],[1.233412,43.288342],[1.233473,43.288409],[1.233565,43.288484],[1.233671,43.288589],[1.233744,43.288766],[1.233781,43.288892],[1.233797,43.289046],[1.233796,43.289153],[1.233783,43.289285],[1.233794,43.289405],[1.233783,43.289499],[1.233764,43.289583],[1.233718,43.289605],[1.233678,43.289602],[1.233649,43.289592],[1.233631,43.289685],[1.233542,43.289836],[1.23346,43.289904],[1.233374,43.289997],[1.233376,43.290016],[1.233394,43.290034],[1.233483,43.290002],[1.233555,43.289999],[1.233681,43.289973],[1.233864,43.290005],[1.234138,43.289929],[1.234175,43.289921],[1.2339,43.290063],[1.23371,43.290111],[1.233634,43.290172],[1.233471,43.290234],[1.233339,43.290367],[1.233312,43.29041],[1.233295,43.290518],[1.233319,43.290817],[1.233311,43.29086],[1.233331,43.290924],[1.233416,43.290952],[1.233409,43.291043],[1.233451,43.291088],[1.23335,43.291095],[1.23332,43.291114],[1.233324,43.291122],[1.233313,43.291212],[1.23331,43.291272],[1.23333,43.291329],[1.233361,43.29137],[1.233438,43.291411],[1.233502,43.291436],[1.23355,43.291465],[1.233577,43.291498],[1.233595,43.291593],[1.233593,43.291675],[1.233571,43.291721],[1.233573,43.291782],[1.233556,43.291845],[1.233546,43.291913],[1.23352,43.291959],[1.233482,43.291994],[1.233442,43.292043],[1.233401,43.292104],[1.233356,43.292209],[1.233308,43.292273],[1.23324,43.292304],[1.233214,43.292293],[1.233204,43.292258],[1.233199,43.292198],[1.233188,43.292144],[1.233201,43.292113],[1.233238,43.292062],[1.233232,43.292013],[1.233218,43.291985],[1.233228,43.291923],[1.233293,43.291846],[1.233333,43.291767],[1.233333,43.291722],[1.233289,43.291709],[1.233245,43.291741],[1.233182,43.291794],[1.233109,43.291828],[1.233067,43.291844],[1.233023,43.291822],[1.233025,43.291794],[1.233002,43.291819],[1.23295,43.291916],[1.232929,43.292021],[1.232992,43.29207],[1.233042,43.292119],[1.233064,43.292184],[1.233063,43.292239],[1.233026,43.2923],[1.232952,43.292369],[1.232815,43.292435],[1.232807,43.292445],[1.232776,43.292538],[1.232688,43.292577],[1.232675,43.292641],[1.232623,43.2927],[1.232598,43.292783],[1.232591,43.292909],[1.232544,43.292947],[1.232563,43.292973],[1.232573,43.292998],[1.232578,43.293023],[1.232586,43.293134],[1.232573,43.29318],[1.232527,43.293275],[1.232442,43.293369],[1.232335,43.293462],[1.232305,43.293479],[1.232273,43.293492],[1.232122,43.293572],[1.232182,43.293576],[1.232226,43.293574],[1.232118,43.29363],[1.232153,43.29368],[1.232161,43.293739],[1.232158,43.293809],[1.232188,43.293848],[1.232207,43.29385],[1.232253,43.293828],[1.232264,43.293744],[1.232291,43.293713],[1.232365,43.293736],[1.23241,43.293754],[1.23245,43.293745],[1.23246,43.293721],[1.232466,43.293683],[1.23249,43.29365],[1.232542,43.293663],[1.232583,43.29369],[1.232628,43.293713],[1.232719,43.293756],[1.232761,43.293772],[1.232818,43.293808],[1.232906,43.293853],[1.233013,43.293882],[1.233094,43.293888],[1.233246,43.293882],[1.233417,43.293882],[1.233496,43.293901],[1.233693,43.294073],[1.233819,43.294163],[1.233965,43.294239],[1.234116,43.29433],[1.234226,43.294389],[1.234269,43.294441],[1.23429,43.294504],[1.234263,43.294519],[1.234229,43.294517],[1.234172,43.294501],[1.234135,43.294483],[1.234051,43.294428],[1.234007,43.294407],[1.233953,43.294401],[1.233929,43.294407],[1.233947,43.29446],[1.234093,43.294588],[1.23431,43.294809],[1.234528,43.295053],[1.234605,43.295146],[1.234617,43.295181],[1.234648,43.295247],[1.234666,43.295322],[1.23468,43.295408],[1.234669,43.295589],[1.234671,43.295749],[1.234667,43.295854],[1.234673,43.295934],[1.234682,43.295974],[1.234705,43.296004],[1.234731,43.296014],[1.234858,43.296016],[1.234929,43.296002],[1.235003,43.296],[1.235367,43.295963],[1.235574,43.295918],[1.23561,43.295899],[1.235631,43.295875],[1.235626,43.295853],[1.235591,43.295832],[1.235427,43.29583],[1.23535,43.295841],[1.235264,43.295875],[1.235145,43.295907],[1.235032,43.295916],[1.234956,43.295918],[1.234885,43.295904],[1.234852,43.295883],[1.234843,43.29586],[1.23484,43.295827],[1.234856,43.29577],[1.234892,43.295684],[1.23494,43.295627],[1.235056,43.295525],[1.23515,43.295399],[1.23517,43.295332],[1.235181,43.295194],[1.234829,43.295089],[1.235113,43.294858],[1.234962,43.294824],[1.234946,43.294798],[1.234941,43.294766],[1.234955,43.294727],[1.235039,43.294585],[1.235043,43.294541],[1.235032,43.294505],[1.234958,43.294398],[1.234916,43.29435],[1.23489,43.294308],[1.234875,43.294271],[1.234883,43.294234],[1.234929,43.294168],[1.234939,43.294103],[1.234941,43.294053],[1.234931,43.293997],[1.234895,43.293944],[1.234842,43.293894],[1.234773,43.293863],[1.234651,43.293838],[1.234553,43.293828],[1.234465,43.293802],[1.234389,43.293767],[1.234317,43.29374],[1.234266,43.293688],[1.234178,43.293622],[1.234095,43.293586],[1.233984,43.293573],[1.233908,43.293557],[1.233836,43.293531],[1.233772,43.293518],[1.233582,43.293504],[1.233453,43.293485],[1.233295,43.293475],[1.233161,43.293418],[1.233101,43.293372],[1.233087,43.293331],[1.233226,43.293274],[1.233388,43.293269],[1.233432,43.293299],[1.233588,43.29331],[1.233814,43.293042],[1.233809,43.292902],[1.233894,43.292818],[1.233934,43.292756],[1.233933,43.292624],[1.233926,43.292585],[1.234098,43.292235],[1.234047,43.292033],[1.234094,43.291931],[1.234117,43.291802],[1.234119,43.291728],[1.234153,43.291616],[1.234289,43.291554],[1.234377,43.291494],[1.234448,43.291375],[1.234364,43.291346],[1.234386,43.29127],[1.234391,43.291229],[1.234431,43.291065],[1.234325,43.29094],[1.234263,43.290843],[1.234059,43.29067],[1.234025,43.290598],[1.234051,43.290562],[1.234188,43.290455],[1.234326,43.290432],[1.234583,43.290428],[1.234689,43.290413],[1.234805,43.29037],[1.2349,43.290327],[1.234965,43.290278],[1.235026,43.290218],[1.235097,43.290083],[1.235179,43.290055],[1.235256,43.290056],[1.235386,43.290048],[1.235487,43.290037],[1.235556,43.290013],[1.23561,43.28996],[1.23562,43.289896],[1.23562,43.289842],[1.235592,43.289771],[1.235552,43.289705],[1.235535,43.28962],[1.235559,43.289543],[1.235612,43.289506],[1.235734,43.289452],[1.235835,43.289387],[1.235925,43.289322],[1.236003,43.289248],[1.236131,43.289174],[1.236334,43.289109],[1.236464,43.28906],[1.236579,43.289015],[1.236637,43.288986],[1.236803,43.288916],[1.236839,43.288835],[1.236942,43.288707],[1.236955,43.288653],[1.236933,43.28864],[1.236892,43.288647],[1.236822,43.288672],[1.236735,43.288706],[1.236622,43.288829],[1.236553,43.288875],[1.236478,43.288906],[1.236387,43.288956],[1.23629,43.288995],[1.236201,43.289006],[1.236176,43.289001],[1.236217,43.288964],[1.236315,43.288834],[1.236362,43.288724],[1.236386,43.288648],[1.236447,43.28852],[1.236488,43.288378],[1.236587,43.288204],[1.23662,43.288171],[1.236657,43.288165],[1.236749,43.288246],[1.236846,43.288273],[1.236931,43.288291],[1.237001,43.288276],[1.237174,43.288254],[1.237284,43.28821],[1.237432,43.288132],[1.237589,43.288037],[1.237687,43.287926],[1.237741,43.287843],[1.237882,43.287805],[1.23824,43.28775],[1.238617,43.287682],[1.238467,43.287661],[1.238065,43.287691],[1.237886,43.287683],[1.237714,43.287695],[1.237591,43.287743],[1.237473,43.287831],[1.237376,43.287913],[1.237297,43.287972],[1.237243,43.287992],[1.23717,43.287979],[1.237083,43.28789],[1.237155,43.287637],[1.237452,43.287281],[1.237562,43.287204],[1.237731,43.287143],[1.237827,43.287051],[1.237952,43.286982],[1.238061,43.286933],[1.238171,43.286893],[1.238166,43.286851],[1.238142,43.286841],[1.238039,43.286835],[1.237916,43.286884],[1.237767,43.28697],[1.237681,43.287016],[1.237637,43.287057],[1.237543,43.287055],[1.237466,43.287025],[1.237404,43.286978],[1.237341,43.286912],[1.237281,43.286864],[1.23725,43.286831],[1.237156,43.28682],[1.237078,43.286815],[1.236839,43.286946],[1.236701,43.28705],[1.236634,43.287231],[1.23654,43.287331],[1.236455,43.287414],[1.236309,43.287612],[1.236299,43.287705],[1.236336,43.287747],[1.23645,43.287753],[1.236528,43.287714],[1.236605,43.287663],[1.236736,43.287634],[1.236836,43.287686],[1.236851,43.287737],[1.236765,43.287814],[1.236629,43.287966],[1.236495,43.288028],[1.236248,43.288131],[1.23619,43.288177],[1.236187,43.288135],[1.236192,43.288057],[1.236155,43.288027],[1.236105,43.288021],[1.236016,43.288063],[1.235821,43.288294],[1.235777,43.288383],[1.235699,43.288502],[1.235563,43.288693],[1.235492,43.288783],[1.235362,43.288907],[1.235237,43.288985],[1.235119,43.28905],[1.235028,43.289131],[1.234948,43.289217],[1.234902,43.289289],[1.234877,43.289373],[1.234831,43.289459],[1.234792,43.289491],[1.234744,43.28952],[1.234699,43.28952],[1.234648,43.289508],[1.23464,43.289497],[1.234367,43.28947],[1.234178,43.289489],[1.234305,43.2894],[1.234316,43.289302],[1.234339,43.289244],[1.234331,43.289178],[1.234364,43.28906],[1.234462,43.288779],[1.234568,43.288518],[1.234511,43.288356],[1.234374,43.288242],[1.234394,43.288114],[1.234329,43.287921],[1.234395,43.287769],[1.234545,43.287673],[1.234618,43.287567],[1.234641,43.287351],[1.234655,43.287094],[1.234682,43.286857],[1.23462,43.286451],[1.234576,43.28628],[1.234442,43.286187],[1.234288,43.286031],[1.234107,43.285903],[1.234015,43.285806],[1.233677,43.285566],[1.233324,43.285454],[1.233019,43.28533],[1.23287,43.28528],[1.232501,43.285228],[1.232233,43.285125],[1.232061,43.285122],[1.231777,43.285154],[1.231197,43.285189],[1.230666,43.285244],[1.230444,43.285275],[1.230447,43.285123],[1.230503,43.285121],[1.230625,43.284982],[1.23081,43.284828],[1.230937,43.284834],[1.231048,43.284817],[1.231143,43.284714],[1.23119,43.284633],[1.231149,43.284615],[1.231132,43.284586],[1.231123,43.284539],[1.231125,43.284478],[1.231158,43.2844],[1.23127,43.284366],[1.231347,43.284354],[1.231488,43.28435],[1.231568,43.284342],[1.231732,43.284343],[1.231872,43.284354],[1.232062,43.28436],[1.232148,43.284336],[1.232187,43.284302],[1.232197,43.284193],[1.232254,43.284125],[1.232343,43.284095],[1.232505,43.284129],[1.23256,43.28413],[1.232581,43.284108],[1.232559,43.284058],[1.232445,43.283988],[1.232361,43.283959],[1.232134,43.28392],[1.231997,43.283883],[1.231778,43.283865],[1.231707,43.283842],[1.231696,43.283789],[1.231722,43.283715],[1.23177,43.283653],[1.231868,43.28359],[1.231951,43.283559],[1.232075,43.283539],[1.232068,43.283501],[1.232061,43.283402],[1.232071,43.283314],[1.232068,43.28325],[1.232088,43.283188],[1.232137,43.283161],[1.232192,43.283125],[1.232511,43.28332],[1.232992,43.283483],[1.233049,43.283442],[1.233294,43.283249],[1.233574,43.282966],[1.233912,43.282229],[1.234377,43.281507],[1.234873,43.280872],[1.235166,43.280527],[1.235283,43.280251],[1.235539,43.279902],[1.235975,43.279623],[1.236709,43.279405],[1.237432,43.27932],[1.238742,43.279041],[1.239677,43.278855],[1.240279,43.278762],[1.241072,43.278719],[1.241535,43.278699],[1.242045,43.278605],[1.242296,43.278586],[1.242653,43.278639],[1.242793,43.278672],[1.242925,43.278738],[1.242982,43.278743],[1.243087,43.278624],[1.243095,43.278482],[1.243023,43.278315],[1.24275,43.278105],[1.242504,43.277901],[1.242447,43.277734],[1.242456,43.277583],[1.242309,43.277536],[1.242184,43.277582],[1.242111,43.277605]],[[1.23214,43.281704],[1.232045,43.281826],[1.231949,43.281998],[1.231982,43.282049],[1.232003,43.282098],[1.231933,43.282156],[1.231784,43.282219],[1.231714,43.282276],[1.231576,43.282364],[1.231413,43.282461],[1.231328,43.282566],[1.230873,43.282537],[1.230979,43.282399],[1.231203,43.282184],[1.23186,43.281811],[1.232242,43.281515],[1.23214,43.281704]],[[1.23403,43.291254],[1.23402,43.291356],[1.233995,43.29142],[1.233965,43.291457],[1.233918,43.291496],[1.233882,43.291515],[1.233839,43.291509],[1.233832,43.291469],[1.233819,43.291436],[1.233771,43.291409],[1.233703,43.2914],[1.233667,43.291387],[1.233644,43.291357],[1.233644,43.291315],[1.233657,43.291273],[1.2337,43.291258],[1.233756,43.29125],[1.233836,43.291253],[1.233884,43.291227],[1.233902,43.29119],[1.233919,43.291135],[1.233922,43.291085],[1.233916,43.29104],[1.233904,43.290993],[1.233852,43.290909],[1.233799,43.290837],[1.233776,43.290811],[1.233795,43.290792],[1.233829,43.290792],[1.2339,43.290806],[1.233946,43.290844],[1.233986,43.290899],[1.233999,43.290936],[1.234033,43.291139],[1.23403,43.291254]],[[1.234623,43.294109],[1.23456,43.294159],[1.23453,43.294187],[1.234491,43.294236],[1.234459,43.294258],[1.234426,43.294259],[1.23439,43.294242],[1.234353,43.294199],[1.234282,43.29415],[1.234272,43.294108],[1.234295,43.294057],[1.234343,43.294042],[1.234404,43.294043],[1.234581,43.294068],[1.234638,43.294062],[1.234623,43.294109]],[[1.234707,43.294616],[1.234693,43.29466],[1.234649,43.294715],[1.234622,43.294699],[1.234582,43.294661],[1.234551,43.294602],[1.234539,43.294563],[1.234532,43.294518],[1.234531,43.294476],[1.234543,43.294431],[1.234566,43.294392],[1.234607,43.294389],[1.234651,43.294426],[1.234671,43.294452],[1.2347,43.29451],[1.234711,43.294569],[1.234707,43.294616]]],"type":"Polygon"},"properties":{"zoneCode":"Rg","zoneLabel":"Rouge mouvement de terrain (glissement)","zoneColor":"#E2001A","codeZone":"20150002_185","typeReg":"03","libelleZone":"Zone Rouge"}},{"type":"Feature","geometry":{"coordinates":[[[1.234511,43.301889],[1.234518,43.301777],[1.234497,43.301749],[1.234517,43.301696],[1.234492,43.30168],[1.234477,43.30165],[1.234491,43.301587],[1.234485,43.301509],[1.234416,43.301317],[1.234416,43.301289],[1.234406,43.301256],[1.234423,43.301227],[1.234416,43.301181],[1.234454,43.301146],[1.234448,43.301108],[1.234415,43.301101],[1.234396,43.301073],[1.234401,43.301047],[1.2344,43.301028],[1.234364,43.301022],[1.234329,43.301009],[1.234321,43.300999],[1.234317,43.300963],[1.234247,43.300819],[1.234199,43.300701],[1.23416,43.300637],[1.234036,43.300485],[1.233978,43.300522],[1.234177,43.300791],[1.234193,43.300928],[1.234339,43.301055],[1.234336,43.301143],[1.234398,43.301154],[1.234294,43.301206],[1.234298,43.301341],[1.234364,43.301648],[1.234391,43.301658],[1.234365,43.301756],[1.234398,43.301793],[1.234325,43.30187],[1.23434,43.301927],[1.234244,43.302024],[1.23427,43.302323],[1.234193,43.302583],[1.234191,43.30278],[1.234035,43.303313],[1.233689,43.304013],[1.233699,43.304238],[1.233389,43.304773],[1.233123,43.305356],[1.233149,43.305408],[1.233092,43.305442],[1.2331,43.305454],[1.233112,43.305528],[1.233124,43.305525],[1.233168,43.305484],[1.233222,43.305454],[1.23322,43.305384],[1.233231,43.305373],[1.233261,43.305359],[1.233275,43.305356],[1.233278,43.305343],[1.233259,43.305328],[1.233244,43.30531],[1.233272,43.305266],[1.233286,43.305267],[1.233292,43.305221],[1.233299,43.305198],[1.233312,43.305198],[1.233315,43.305239],[1.233336,43.305246],[1.233396,43.305187],[1.233399,43.30518],[1.233368,43.305159],[1.23337,43.305133],[1.233352,43.305123],[1.23339,43.3051],[1.233508,43.304909],[1.233554,43.30482],[1.233547,43.304784],[1.233676,43.304587],[1.233712,43.304591],[1.233741,43.304599],[1.233804,43.304555],[1.233788,43.304539],[1.233764,43.304542],[1.233715,43.304508],[1.233807,43.304374],[1.233809,43.304338],[1.233824,43.304303],[1.23387,43.304277],[1.233855,43.304259],[1.233875,43.304127],[1.233864,43.304106],[1.233839,43.30409],[1.233817,43.30406],[1.233856,43.304034],[1.233917,43.303943],[1.234043,43.303703],[1.234115,43.303521],[1.234182,43.303389],[1.23424,43.303203],[1.234323,43.30289],[1.234365,43.30271],[1.234378,43.30262],[1.234355,43.302545],[1.234384,43.302476],[1.234434,43.302253],[1.234442,43.302092],[1.234432,43.302048],[1.234478,43.301921],[1.234511,43.301889]]],"type":"Polygon"},"properties":{"zoneCode":"RHi","zoneLabel":"Rouge hachuree inondation","zoneColor":"#E2001A","codeZone":"20150002_188","typeReg":"03","libelleZone":"Zone Rouge Hachurée"}},{"type":"Feature","geometry":{"coordinates":[[[1.23076,43.298893],[1.230743,43.298853],[1.230731,43.298799],[1.230602,43.298761],[1.230393,43.298781],[1.230194,43.298737],[1.230012,43.298701],[1.229887,43.298792],[1.229563,43.298921],[1.229328,43.298954],[1.22919,43.299001],[1.228844,43.299002],[1.228633,43.299044],[1.228145,43.298925],[1.227972,43.298928],[1.227422,43.298787],[1.227277,43.298705],[1.227147,43.29857],[1.227017,43.298423],[1.226858,43.298309],[1.226816,43.298187],[1.226734,43.298123],[1.226667,43.298049],[1.226685,43.297965],[1.226627,43.297914],[1.226584,43.297797],[1.226448,43.297618],[1.226274,43.297242],[1.226246,43.296863],[1.22628,43.296495],[1.226372,43.296235],[1.226512,43.295941],[1.226869,43.29527],[1.226743,43.295276],[1.226737,43.295314],[1.226685,43.295375],[1.226539,43.295596],[1.226476,43.295657],[1.226474,43.295666],[1.226465,43.295667],[1.226448,43.295692],[1.226318,43.295843],[1.226317,43.296104],[1.226265,43.296231],[1.226248,43.296286],[1.22614,43.296296],[1.226138,43.296603],[1.226142,43.296712],[1.226211,43.297015],[1.226287,43.297316],[1.226381,43.297649],[1.226499,43.297968],[1.226588,43.298149],[1.226594,43.298173],[1.226526,43.298222],[1.22649,43.298262],[1.226501,43.298249],[1.226506,43.298263],[1.226542,43.298317],[1.226526,43.298359],[1.226547,43.298388],[1.226665,43.298504],[1.226671,43.298514],[1.226609,43.298526],[1.226615,43.298533],[1.226625,43.298583],[1.22662,43.298606],[1.226603,43.298624],[1.226596,43.29865],[1.226604,43.298669],[1.226642,43.29872],[1.226672,43.29875],[1.226693,43.298768],[1.226764,43.298756],[1.226818,43.298796],[1.226874,43.298856],[1.226924,43.298898],[1.226996,43.299005],[1.227043,43.299026],[1.227128,43.299058],[1.227156,43.29908],[1.227185,43.299097],[1.227124,43.299006],[1.227165,43.299022],[1.227209,43.299053],[1.227379,43.299154],[1.227324,43.29918],[1.227298,43.299164],[1.227326,43.299182],[1.227379,43.299209],[1.227567,43.29928],[1.227635,43.299248],[1.22766,43.299254],[1.227902,43.299287],[1.228124,43.299308],[1.228195,43.299311],[1.228325,43.29934],[1.22846,43.299358],[1.22859,43.299367],[1.22868,43.299364],[1.228851,43.299329],[1.228943,43.299348],[1.228989,43.299351],[1.229183,43.299352],[1.229277,43.299335],[1.229394,43.299302],[1.229468,43.299272],[1.229542,43.299276],[1.229589,43.299273],[1.229716,43.299249],[1.229749,43.299238],[1.229764,43.299248],[1.229693,43.299274],[1.229591,43.299317],[1.229581,43.299318],[1.229598,43.299317],[1.229653,43.299309],[1.229751,43.299287],[1.229802,43.29927],[1.230019,43.299211],[1.230071,43.299192],[1.230125,43.299167],[1.23022,43.299182],[1.230267,43.299184],[1.230351,43.299177],[1.230371,43.299167],[1.230386,43.299151],[1.230406,43.299119],[1.230439,43.299088],[1.230484,43.299056],[1.23055,43.299028],[1.230688,43.298956],[1.230714,43.298937],[1.23076,43.298893]]],"type":"Polygon"},"properties":{"zoneCode":"Re","zoneLabel":"Rouge mouvement de terrain (recul de berge)","zoneColor":"#D62839","codeZone":"20150002_187","typeReg":"03","libelleZone":"Zone Rouge"}},{"type":"Feature","geometry":{"coordinates":[[[[1.234687,43.310521],[1.235068,43.310419],[1.234685,43.310165],[1.234439,43.310345],[1.234594,43.31045],[1.234687,43.310521]]],[[[1.233819,43.309296],[1.233732,43.309098],[1.233667,43.308912],[1.233632,43.308714],[1.233631,43.308311],[1.233664,43.308139],[1.233718,43.30796],[1.233833,43.30773],[1.23414,43.307144],[1.234631,43.306389],[1.234953,43.305852],[1.235159,43.305396],[1.234798,43.30606],[1.233635,43.30779],[1.233591,43.308041],[1.233546,43.308506],[1.233574,43.308707],[1.233631,43.308977],[1.23383,43.309341],[1.233897,43.309411],[1.233819,43.309296]]],[[[1.235303,43.305075],[1.235464,43.304751],[1.235615,43.304299],[1.235633,43.304213],[1.235529,43.304529],[1.23521,43.305282],[1.235303,43.305075]]],[[[1.235793,43.303518],[1.235822,43.303386],[1.235873,43.303061],[1.235906,43.302321],[1.235914,43.30203],[1.235917,43.301523],[1.235904,43.30123],[1.235884,43.301004],[1.235854,43.300812],[1.235747,43.300409],[1.235633,43.300086],[1.235577,43.299948],[1.235453,43.299732],[1.235419,43.299686],[1.235704,43.300392],[1.235882,43.301292],[1.235889,43.302284],[1.235841,43.303049],[1.235733,43.303728],[1.235793,43.303518]]]],"type":"MultiPolygon"},"properties":{"zoneCode":"Ri","zoneLabel":"Rouge inondation","zoneColor":"#E2001A","codeZone":"20150005_131","typeReg":"03","libelleZone":"Zone Rouge"}},{"type":"Feature","geometry":{"coordinates":[[[1.234452,43.310547],[1.23444,43.310529],[1.234417,43.310472],[1.23439,43.310432],[1.234364,43.31042],[1.234315,43.310455],[1.234299,43.310444],[1.234283,43.310454],[1.23428,43.310457],[1.234285,43.310458],[1.234353,43.310466],[1.234372,43.310494],[1.234452,43.310547]]],"type":"Polygon"},"properties":{"zoneCode":"Rig","zoneLabel":"Rouge inondation + mouvement de terrain","zoneColor":"#B0001C","codeZone":"20150005_118","typeReg":"03","libelleZone":"Zone Rouge"}},{"type":"Feature","geometry":{"coordinates":[[[1.23426,43.310451],[1.23428,43.310457],[1.234289,43.310451],[1.234268,43.310446],[1.23426,43.310451]]],"type":"Polygon"},"properties":{"zoneCode":"Rie","zoneLabel":"Rouge inondation + recul de berge","zoneColor":"#C81E3A","codeZone":"20150005_149","typeReg":"03","libelleZone":"Zone Rouge"}},{"type":"Feature","geometry":{"coordinates":[[[1.234687,43.310521],[1.234594,43.31045],[1.234439,43.310345],[1.234299,43.310444],[1.234315,43.310455],[1.234364,43.31042],[1.23439,43.310432],[1.234417,43.310472],[1.23444,43.310529],[1.234452,43.310547],[1.234496,43.310571],[1.234687,43.310521]]],"type":"Polygon"},"properties":{"zoneCode":"Rie","zoneLabel":"Rouge inondation + recul de berge","zoneColor":"#C81E3A","codeZone":"20150005_135","typeReg":"03","libelleZone":"Zone Rouge"}},{"type":"Feature","geometry":{"coordinates":[[[1.234241,43.31064],[1.234221,43.310611],[1.234189,43.310606],[1.234132,43.31059],[1.234095,43.310625],[1.234142,43.310642],[1.234179,43.310651],[1.234182,43.310655],[1.234241,43.31064]]],"type":"Polygon"},"properties":{"zoneCode":"BFe","zoneLabel":"Bleue foncee mouvement de terrain","zoneColor":"#0033A0","codeZone":"20150005_3","typeReg":"03","libelleZone":"Zone Bleue Foncée"}},{"type":"Feature","geometry":{"coordinates":[[[1.234496,43.310571],[1.234441,43.310541],[1.234372,43.310494],[1.234353,43.310466],[1.234285,43.310458],[1.23426,43.310451],[1.234227,43.310469],[1.234242,43.310485],[1.234141,43.310546],[1.234157,43.310566],[1.234132,43.31059],[1.234189,43.310606],[1.234221,43.310611],[1.234241,43.31064],[1.234496,43.310571]]],"type":"Polygon"},"properties":{"zoneCode":"Re","zoneLabel":"Rouge mouvement de terrain (recul de berge)","zoneColor":"#D62839","codeZone":"20150005_14","typeReg":"03","libelleZone":"Zone Rouge"}},{"type":"Feature","geometry":{"coordinates":[[[1.261444,43.272099],[1.261216,43.272105],[1.26099,43.272122],[1.261065,43.27215],[1.26121,43.272148],[1.261312,43.272149],[1.26141,43.272159],[1.261511,43.272197],[1.26164,43.272275],[1.262435,43.27286],[1.262703,43.273106],[1.263181,43.273505],[1.26346,43.273852],[1.263767,43.274049],[1.263991,43.274146],[1.264165,43.274254],[1.264407,43.274387],[1.264508,43.274453],[1.264598,43.274544],[1.264612,43.274711],[1.264575,43.274983],[1.264604,43.275115],[1.264713,43.275389],[1.264807,43.275556],[1.264772,43.275711],[1.264704,43.275888],[1.2646,43.276219],[1.26458,43.276331],[1.26448,43.276454],[1.264377,43.276527],[1.264239,43.276608],[1.26375,43.276907],[1.263626,43.277104],[1.263595,43.277341],[1.263583,43.277811],[1.263551,43.277935],[1.263477,43.278064],[1.263402,43.278144],[1.263325,43.278264],[1.263291,43.278371],[1.263271,43.278512],[1.263221,43.278655],[1.263136,43.27876],[1.262988,43.278867],[1.262723,43.279066],[1.262476,43.27929],[1.262392,43.279455],[1.262307,43.279669],[1.262226,43.279855],[1.262161,43.279958],[1.262171,43.280092],[1.262179,43.280151],[1.262136,43.28023],[1.262109,43.280261],[1.262074,43.280255],[1.26201,43.280205],[1.261994,43.280231],[1.261837,43.28055],[1.261751,43.280854],[1.261716,43.280957],[1.261614,43.281387],[1.261599,43.281557],[1.261558,43.281904],[1.26144,43.282222],[1.261242,43.282511],[1.260965,43.282923],[1.260777,43.283216],[1.260587,43.283462],[1.260435,43.283721],[1.260373,43.283846],[1.260273,43.284009],[1.259963,43.284458],[1.259893,43.284565],[1.259828,43.284681],[1.259766,43.284867],[1.259628,43.28524],[1.259598,43.285273],[1.259556,43.285297],[1.2595,43.285311],[1.25932,43.285333],[1.258963,43.285281],[1.258895,43.28534],[1.259254,43.285415],[1.259402,43.285488],[1.259485,43.285545],[1.259525,43.285585],[1.259842,43.285691],[1.259826,43.285704],[1.259872,43.285718],[1.259973,43.285758],[1.260001,43.285726],[1.260167,43.285379],[1.260236,43.285226],[1.260251,43.285144],[1.260213,43.285052],[1.260131,43.28497],[1.260019,43.284886],[1.260001,43.28484],[1.259976,43.284826],[1.259953,43.28475],[1.259976,43.28469],[1.260051,43.28464],[1.260135,43.284605],[1.260234,43.284542],[1.260315,43.284467],[1.260356,43.284401],[1.260368,43.284337],[1.260357,43.284278],[1.260364,43.284232],[1.260378,43.284202],[1.26037,43.284173],[1.260418,43.284112],[1.26044,43.284079],[1.26048,43.28401],[1.260505,43.283931],[1.26053,43.283919],[1.260566,43.283851],[1.260592,43.283776],[1.260595,43.283668],[1.26062,43.283616],[1.260655,43.283579],[1.260698,43.283543],[1.26079,43.283484],[1.260982,43.283401],[1.261079,43.283333],[1.261106,43.283297],[1.261112,43.283095],[1.261245,43.282818],[1.261272,43.282774],[1.261297,43.282711],[1.261407,43.282553],[1.261474,43.282467],[1.261561,43.282284],[1.261618,43.282113],[1.261657,43.282049],[1.261665,43.282044],[1.261696,43.281969],[1.26171,43.281906],[1.261739,43.281816],[1.261744,43.281711],[1.26176,43.281612],[1.261757,43.28154],[1.261774,43.281465],[1.261782,43.281389],[1.261784,43.281323],[1.261794,43.281276],[1.261797,43.281161],[1.26183,43.281081],[1.26189,43.281028],[1.262056,43.280932],[1.262289,43.280824],[1.262337,43.280791],[1.262331,43.280752],[1.26234,43.280661],[1.262277,43.280561],[1.262203,43.280469],[1.262197,43.28037],[1.26224,43.280278],[1.262327,43.280198],[1.262761,43.279986],[1.262927,43.279924],[1.26309,43.279896],[1.263201,43.279835],[1.263277,43.279758],[1.263336,43.279654],[1.263354,43.279535],[1.263364,43.279418],[1.263368,43.279339],[1.263364,43.279323],[1.263389,43.279213],[1.263402,43.279064],[1.263424,43.278925],[1.263499,43.278787],[1.26354,43.27864],[1.263546,43.278521],[1.263577,43.278386],[1.263642,43.278307],[1.263771,43.278219],[1.263991,43.278132],[1.264014,43.278115],[1.264106,43.278077],[1.264194,43.278018],[1.26429,43.277944],[1.264289,43.277823],[1.264166,43.277616],[1.264019,43.277433],[1.263905,43.27731],[1.263865,43.277199],[1.263939,43.277122],[1.264039,43.277063],[1.264126,43.277019],[1.264229,43.276981],[1.264347,43.276948],[1.264404,43.276927],[1.264484,43.276889],[1.264536,43.276895],[1.264582,43.276878],[1.264633,43.276845],[1.264736,43.276918],[1.264914,43.27697],[1.26499,43.277015],[1.265114,43.277115],[1.265146,43.277131],[1.265171,43.277063],[1.2652,43.276903],[1.265245,43.276298],[1.265316,43.276013],[1.2654,43.275835],[1.265419,43.275658],[1.265576,43.275148],[1.265596,43.274946],[1.265584,43.27472],[1.265589,43.274459],[1.265756,43.274174],[1.265905,43.274046],[1.266234,43.273893],[1.266398,43.273813],[1.266513,43.273718],[1.266613,43.273625],[1.266763,43.273496],[1.267024,43.273344],[1.267239,43.273214],[1.267438,43.273003],[1.267325,43.273101],[1.267197,43.273172],[1.26718,43.273193],[1.266983,43.27329],[1.26659,43.273511],[1.266117,43.27377],[1.266072,43.273805],[1.266019,43.2739],[1.265961,43.273966],[1.26583,43.273998],[1.265686,43.274071],[1.265577,43.274134],[1.265437,43.274204],[1.265246,43.274256],[1.265019,43.274387],[1.264979,43.274416],[1.264955,43.27445],[1.26494,43.274495],[1.26495,43.274518],[1.264933,43.274531],[1.264909,43.274536],[1.264905,43.274528],[1.264853,43.274504],[1.264782,43.274465],[1.264725,43.274425],[1.264731,43.274418],[1.264611,43.274297],[1.264576,43.274269],[1.264545,43.274259],[1.264409,43.274201],[1.26407,43.274035],[1.263897,43.273954],[1.263705,43.273845],[1.263558,43.273751],[1.263392,43.273623],[1.263291,43.273507],[1.263175,43.273387],[1.263053,43.273278],[1.262997,43.273201],[1.262903,43.273115],[1.262772,43.272983],[1.262315,43.272639],[1.262021,43.272407],[1.261675,43.27211],[1.261644,43.272087],[1.261444,43.272099]]],"type":"Polygon"},"properties":{"zoneCode":"Ri","zoneLabel":"Rouge inondation","zoneColor":"#E2001A","codeZone":"20150002_86","typeReg":"03","libelleZone":"Zone Rouge"}},{"type":"Feature","geometry":{"coordinates":[[[1.213275,43.276124],[1.213238,43.27601],[1.213211,43.275885],[1.213204,43.27583],[1.213213,43.275677],[1.213237,43.275532],[1.213244,43.275444],[1.213237,43.275402],[1.213216,43.275353],[1.213156,43.275298],[1.213114,43.275283],[1.212993,43.275283],[1.212774,43.275298],[1.212546,43.275338],[1.212459,43.275382],[1.212428,43.275391],[1.212297,43.275421],[1.212271,43.275425],[1.212237,43.275427],[1.212179,43.275424],[1.21218,43.275456],[1.212169,43.275551],[1.21215,43.275588],[1.212121,43.275618],[1.212164,43.275636],[1.212333,43.275595],[1.212451,43.275641],[1.212693,43.27586],[1.21283,43.275955],[1.212955,43.276011],[1.213123,43.276063],[1.213275,43.276124]]],"type":"Polygon"},"properties":{"zoneCode":"Ri","zoneLabel":"Rouge inondation","zoneColor":"#E2001A","codeZone":"20150002_88","typeReg":"03","libelleZone":"Zone Rouge"}},{"type":"Feature","geometry":{"coordinates":[[[1.226687,43.285877],[1.226688,43.285815],[1.226584,43.285702],[1.226561,43.285681],[1.22636,43.28569],[1.22626,43.28577],[1.226184,43.285794],[1.226173,43.285795],[1.226152,43.285825],[1.225985,43.285888],[1.225882,43.285918],[1.225621,43.28592],[1.225456,43.285911],[1.22524,43.285907],[1.225081,43.285882],[1.224968,43.285843],[1.224783,43.285785],[1.224649,43.285806],[1.22462,43.285842],[1.224493,43.285892],[1.224323,43.286],[1.224125,43.286033],[1.224009,43.286114],[1.223801,43.286248],[1.223737,43.286369],[1.223605,43.286394],[1.223609,43.286424],[1.224012,43.28681],[1.224146,43.286947],[1.22431,43.287153],[1.224392,43.287261],[1.224499,43.287368],[1.225012,43.287862],[1.225157,43.287956],[1.225235,43.287986],[1.225274,43.288011],[1.225345,43.288091],[1.225358,43.288111],[1.225382,43.288163],[1.225462,43.288216],[1.2256,43.288287],[1.225783,43.288338],[1.225782,43.288288],[1.225727,43.28819],[1.225761,43.288152],[1.225781,43.288089],[1.225792,43.288034],[1.225765,43.287956],[1.225846,43.287703],[1.22591,43.287531],[1.225991,43.287431],[1.226054,43.287332],[1.226062,43.287224],[1.226052,43.287146],[1.226094,43.286977],[1.22618,43.286729],[1.226286,43.286574],[1.226364,43.286486],[1.226552,43.286181],[1.226622,43.286035],[1.226649,43.285957],[1.226687,43.285877]]],"type":"Polygon"},"properties":{"zoneCode":"Ri","zoneLabel":"Rouge inondation","zoneColor":"#E2001A","codeZone":"20150002_87","typeReg":"03","libelleZone":"Zone Rouge"}},{"type":"Feature","geometry":{"coordinates":[[[1.235852,43.297746],[1.235853,43.297717],[1.235807,43.297722],[1.235757,43.297717],[1.235683,43.297695],[1.235598,43.297662],[1.235539,43.297616],[1.235487,43.29759],[1.23554,43.297633],[1.235738,43.297819],[1.235831,43.297925],[1.235835,43.297903],[1.235833,43.297834],[1.235852,43.297746]]],"type":"Polygon"},"properties":{"zoneCode":"RHg","zoneLabel":"Rouge hachuree mouvement de terrain","zoneColor":"#E2001A","codeZone":"20150002_81","typeReg":"03","libelleZone":"Zone Rouge Hachurée"}},{"type":"Feature","geometry":{"coordinates":[[[1.232797,43.278306],[1.23274,43.278257],[1.232695,43.278276],[1.232745,43.278323],[1.232797,43.278306]]],"type":"Polygon"},"properties":{"zoneCode":"RHg","zoneLabel":"Rouge hachuree mouvement de terrain","zoneColor":"#E2001A","codeZone":"20150002_84","typeReg":"03","libelleZone":"Zone Rouge Hachurée"}},{"type":"Feature","geometry":{"coordinates":[[[1.23277,43.307705],[1.232748,43.307559],[1.232728,43.307594],[1.23271,43.307657],[1.232711,43.307704],[1.232727,43.307757],[1.23277,43.307705]]],"type":"Polygon"},"properties":{"zoneCode":"Bg","zoneLabel":"Bleue mouvement de terrain","zoneColor":"#7EC8E3","codeZone":"20150002_83","typeReg":"02","libelleZone":"Zone Bleue"}},{"type":"Feature","geometry":{"coordinates":[[[1.233063,43.292239],[1.233064,43.292184],[1.233042,43.292119],[1.232992,43.29207],[1.232929,43.292021],[1.232927,43.292032],[1.232851,43.292131],[1.232844,43.292319],[1.232881,43.292364],[1.232815,43.292435],[1.232952,43.292369],[1.233026,43.2923],[1.233063,43.292239]]],"type":"Polygon"},"properties":{"zoneCode":"RHg","zoneLabel":"Rouge hachuree mouvement de terrain","zoneColor":"#E2001A","codeZone":"20150002_78","typeReg":"03","libelleZone":"Zone Rouge Hachurée"}},{"type":"Feature","geometry":{"coordinates":[[[1.226184,43.285102],[1.226185,43.285064],[1.226125,43.285037],[1.226024,43.285031],[1.225921,43.28503],[1.225872,43.285023],[1.225827,43.284993],[1.225753,43.284984],[1.225789,43.285003],[1.225821,43.285059],[1.225817,43.285126],[1.225744,43.285142],[1.225694,43.285144],[1.225599,43.285156],[1.225713,43.285175],[1.225805,43.285205],[1.22591,43.285217],[1.226005,43.285199],[1.226077,43.285178],[1.226151,43.28514],[1.226184,43.285102]]],"type":"Polygon"},"properties":{"zoneCode":"RHg","zoneLabel":"Rouge hachuree mouvement de terrain","zoneColor":"#E2001A","codeZone":"20150002_77","typeReg":"03","libelleZone":"Zone Rouge Hachurée"}},{"type":"Feature","geometry":{"coordinates":[[[1.234711,43.294569],[1.2347,43.29451],[1.234671,43.294452],[1.234651,43.294426],[1.234607,43.294389],[1.234566,43.294392],[1.234543,43.294431],[1.234531,43.294476],[1.234532,43.294518],[1.234539,43.294563],[1.234551,43.294602],[1.234582,43.294661],[1.234622,43.294699],[1.234649,43.294715],[1.234693,43.29466],[1.234707,43.294616],[1.234711,43.294569]]],"type":"Polygon"},"properties":{"zoneCode":"RHg","zoneLabel":"Rouge hachuree mouvement de terrain","zoneColor":"#E2001A","codeZone":"20150002_80","typeReg":"03","libelleZone":"Zone Rouge Hachurée"}},{"type":"Feature","geometry":{"coordinates":[[[1.234638,43.294062],[1.234581,43.294068],[1.234404,43.294043],[1.234343,43.294042],[1.234295,43.294057],[1.234272,43.294108],[1.234282,43.29415],[1.234353,43.294199],[1.23439,43.294242],[1.234426,43.294259],[1.234459,43.294258],[1.234491,43.294236],[1.23453,43.294187],[1.23456,43.294159],[1.234623,43.294109],[1.234638,43.294062]]],"type":"Polygon"},"properties":{"zoneCode":"RHg","zoneLabel":"Rouge hachuree mouvement de terrain","zoneColor":"#E2001A","codeZone":"20150002_79","typeReg":"03","libelleZone":"Zone Rouge Hachurée"}},{"type":"Feature","geometry":{"coordinates":[[[1.225208,43.284488],[1.225086,43.284466],[1.224896,43.284286],[1.224816,43.284246],[1.224705,43.284217],[1.224704,43.28422],[1.224939,43.284415],[1.224896,43.284464],[1.224788,43.284567],[1.224711,43.284667],[1.22465,43.284736],[1.224637,43.284784],[1.224666,43.284807],[1.224716,43.284804],[1.224778,43.284756],[1.224976,43.284632],[1.225124,43.284545],[1.225208,43.284488]]],"type":"Polygon"},"properties":{"zoneCode":"RHg","zoneLabel":"Rouge hachuree mouvement de terrain","zoneColor":"#E2001A","codeZone":"20150002_74","typeReg":"03","libelleZone":"Zone Rouge Hachurée"}},{"type":"Feature","geometry":{"coordinates":[[[1.233794,43.289405],[1.233783,43.289285],[1.233796,43.289153],[1.233797,43.289046],[1.233781,43.288892],[1.233744,43.288766],[1.233671,43.288589],[1.233565,43.288484],[1.233488,43.28842],[1.233492,43.288451],[1.233527,43.288539],[1.23355,43.288621],[1.233568,43.288659],[1.233649,43.28877],[1.233665,43.288801],[1.233675,43.288835],[1.233679,43.288868],[1.233677,43.288993],[1.233657,43.289156],[1.233658,43.289195],[1.233695,43.28931],[1.233704,43.289345],[1.233707,43.289388],[1.233747,43.289455],[1.233776,43.289489],[1.233783,43.289492],[1.233794,43.289405]]],"type":"Polygon"},"properties":{"zoneCode":"RHg","zoneLabel":"Rouge hachuree mouvement de terrain","zoneColor":"#E2001A","codeZone":"20150002_73","typeReg":"03","libelleZone":"Zone Rouge Hachurée"}},{"type":"Feature","geometry":{"coordinates":[[[1.240431,43.286392],[1.240389,43.286315],[1.240318,43.286292],[1.240235,43.286304],[1.240128,43.28633],[1.240045,43.286366],[1.239974,43.286426],[1.239947,43.286503],[1.239966,43.286553],[1.240034,43.28657],[1.240095,43.286561],[1.24017,43.286517],[1.240209,43.286467],[1.240286,43.286418],[1.240431,43.286392]]],"type":"Polygon"},"properties":{"zoneCode":"RHg","zoneLabel":"Rouge hachuree mouvement de terrain","zoneColor":"#E2001A","codeZone":"20150002_76","typeReg":"03","libelleZone":"Zone Rouge Hachurée"}},{"type":"Feature","geometry":{"coordinates":[[[1.23426,43.300359],[1.234259,43.300351],[1.234231,43.300346],[1.234191,43.300333],[1.234137,43.30031],[1.234109,43.300272],[1.23407,43.300266],[1.234067,43.300297],[1.234042,43.300336],[1.233954,43.300398],[1.233863,43.300437],[1.233809,43.300457],[1.233812,43.30046],[1.2334,43.300629],[1.233394,43.300643],[1.233439,43.30064],[1.233868,43.300545],[1.233867,43.300543],[1.23398,43.30052],[1.234193,43.300395],[1.23426,43.300359]]],"type":"Polygon"},"properties":{"zoneCode":"RHg","zoneLabel":"Rouge hachuree mouvement de terrain","zoneColor":"#E2001A","codeZone":"20150002_75","typeReg":"03","libelleZone":"Zone Rouge Hachurée"}},{"type":"Feature","geometry":{"coordinates":[[[1.21748,43.281598],[1.217277,43.281179],[1.2172,43.281],[1.217124,43.280787],[1.217122,43.280877],[1.217149,43.281151],[1.217257,43.281484],[1.217352,43.281592],[1.217409,43.281631],[1.217446,43.281618],[1.21748,43.281598]]],"type":"Polygon"},"properties":{"zoneCode":"Rie","zoneLabel":"Rouge inondation + recul de berge","zoneColor":"#C81E3A","codeZone":"20150002_102","typeReg":"03","libelleZone":"Zone Rouge"}},{"type":"Feature","geometry":{"coordinates":[[[1.232544,43.292947],[1.232513,43.292901],[1.232269,43.292924],[1.232282,43.292911],[1.232257,43.292925],[1.232121,43.293059],[1.231547,43.293412],[1.231166,43.293734],[1.230761,43.29393],[1.230443,43.294154],[1.230267,43.294223],[1.230274,43.29423],[1.230412,43.294231],[1.23042,43.294218],[1.230924,43.293916],[1.231072,43.293883],[1.231325,43.293734],[1.231389,43.293655],[1.231623,43.293488],[1.231825,43.293415],[1.23197,43.293304],[1.232183,43.293182],[1.232249,43.293102],[1.232427,43.293079],[1.23247,43.293007],[1.232544,43.292947]]],"type":"Polygon"},"properties":{"zoneCode":"Rie","zoneLabel":"Rouge inondation + recul de berge","zoneColor":"#C81E3A","codeZone":"20150002_101","typeReg":"03","libelleZone":"Zone Rouge"}},{"type":"Feature","geometry":{"coordinates":[[[1.186639,43.281683],[1.186717,43.281679],[1.186872,43.281662],[1.187057,43.281647],[1.187033,43.281644],[1.18679,43.281584],[1.186654,43.281578],[1.186639,43.281683]]],"type":"Polygon"},"properties":{"zoneCode":"Rie","zoneLabel":"Rouge inondation + recul de berge","zoneColor":"#C81E3A","codeZone":"20150002_104","typeReg":"03","libelleZone":"Zone Rouge"}},{"type":"Feature","geometry":{"coordinates":[[[1.191262,43.280954],[1.191141,43.280936],[1.190925,43.280964],[1.19072,43.281028],[1.190632,43.281026],[1.190458,43.281094],[1.1903,43.281106],[1.190162,43.281137],[1.190075,43.281192],[1.190341,43.281149],[1.190606,43.281122],[1.190871,43.281051],[1.191256,43.280965],[1.191262,43.280954]]],"type":"Polygon"},"properties":{"zoneCode":"Rie","zoneLabel":"Rouge inondation + recul de berge","zoneColor":"#C81E3A","codeZone":"20150002_103","typeReg":"03","libelleZone":"Zone Rouge"}},{"type":"Feature","geometry":{"coordinates":[[[1.230731,43.298799],[1.23072,43.29877],[1.230694,43.298729],[1.230659,43.298686],[1.230611,43.298648],[1.230381,43.298626],[1.230211,43.298619],[1.230065,43.298621],[1.229932,43.298645],[1.229767,43.298696],[1.229575,43.298777],[1.22946,43.298807],[1.229338,43.298826],[1.229221,43.298857],[1.229114,43.298871],[1.228723,43.298905],[1.228494,43.298887],[1.228278,43.298844],[1.228108,43.298798],[1.227958,43.298772],[1.22777,43.298721],[1.227567,43.298625],[1.227395,43.298511],[1.22713,43.298303],[1.227018,43.298207],[1.2269,43.298082],[1.226866,43.298029],[1.226817,43.298059],[1.226741,43.297964],[1.226715,43.297892],[1.226643,43.297804],[1.22649,43.297367],[1.226357,43.297069],[1.226329,43.296937],[1.226333,43.296802],[1.226326,43.296641],[1.226409,43.296438],[1.226467,43.296263],[1.226564,43.296007],[1.226631,43.295923],[1.226698,43.295862],[1.22671,43.295835],[1.226723,43.295753],[1.22676,43.295651],[1.2268,43.295578],[1.227026,43.295263],[1.226869,43.29527],[1.226512,43.295941],[1.226372,43.296235],[1.22628,43.296495],[1.226246,43.296863],[1.226274,43.297242],[1.226448,43.297618],[1.226584,43.297797],[1.226627,43.297914],[1.226685,43.297965],[1.226667,43.298049],[1.226734,43.298123],[1.226816,43.298187],[1.226858,43.298309],[1.227017,43.298423],[1.227147,43.29857],[1.227277,43.298705],[1.227422,43.298787],[1.227972,43.298928],[1.228145,43.298925],[1.228633,43.299044],[1.228844,43.299002],[1.22919,43.299001],[1.229328,43.298954],[1.229563,43.298921],[1.229887,43.298792],[1.230012,43.298701],[1.230194,43.298737],[1.230393,43.298781],[1.230602,43.298761],[1.230731,43.298799]]],"type":"Polygon"},"properties":{"zoneCode":"Rie","zoneLabel":"Rouge inondation + recul de berge","zoneColor":"#C81E3A","codeZone":"20150002_98","typeReg":"03","libelleZone":"Zone Rouge"}},{"type":"Feature","geometry":{"coordinates":[[[1.225959,43.288384],[1.225937,43.288368],[1.225883,43.288345],[1.225854,43.288338],[1.225783,43.288338],[1.2256,43.288287],[1.225462,43.288216],[1.225382,43.288163],[1.225358,43.288111],[1.225345,43.288091],[1.225274,43.288011],[1.225235,43.287986],[1.225157,43.287956],[1.225012,43.287862],[1.224499,43.287368],[1.224392,43.287261],[1.22431,43.287153],[1.224146,43.286947],[1.224012,43.28681],[1.223609,43.286424],[1.223599,43.286366],[1.22359,43.286344],[1.223563,43.286364],[1.223491,43.286462],[1.223476,43.286495],[1.223398,43.286461],[1.223279,43.286379],[1.223309,43.286347],[1.223278,43.286269],[1.223349,43.286172],[1.223159,43.28597],[1.22298,43.285644],[1.222778,43.285454],[1.222669,43.28523],[1.222631,43.285177],[1.222596,43.285047],[1.222488,43.284796],[1.222447,43.284582],[1.222401,43.284839],[1.222414,43.284883],[1.222475,43.284989],[1.222543,43.285091],[1.222633,43.285211],[1.223013,43.28616],[1.223068,43.286246],[1.223148,43.286355],[1.223184,43.286383],[1.223303,43.286491],[1.223361,43.286577],[1.223388,43.286596],[1.223478,43.286631],[1.223523,43.286671],[1.22383,43.286986],[1.22396,43.28714],[1.22407,43.287313],[1.22423,43.287542],[1.224375,43.287684],[1.224603,43.287886],[1.224901,43.288118],[1.224994,43.288183],[1.225093,43.288244],[1.225145,43.288273],[1.225214,43.288303],[1.225451,43.288437],[1.225555,43.288471],[1.225688,43.288476],[1.225759,43.288484],[1.225854,43.28847],[1.225923,43.288425],[1.225959,43.288384]]],"type":"Polygon"},"properties":{"zoneCode":"Rie","zoneLabel":"Rouge inondation + recul de berge","zoneColor":"#C81E3A","codeZone":"20150002_97","typeReg":"03","libelleZone":"Zone Rouge"}},{"type":"Feature","geometry":{"coordinates":[[[1.207936,43.287827],[1.207918,43.287796],[1.207895,43.28773],[1.207905,43.287679],[1.207906,43.28765],[1.207882,43.287626],[1.207767,43.287481],[1.207762,43.28739],[1.207653,43.287342],[1.207483,43.287102],[1.20739,43.286952],[1.207317,43.286816],[1.207273,43.286753],[1.207275,43.286702],[1.207227,43.286647],[1.207169,43.286561],[1.207098,43.286443],[1.207055,43.286308],[1.207009,43.286262],[1.206884,43.286017],[1.206797,43.285786],[1.2067,43.285636],[1.206583,43.285563],[1.206534,43.285471],[1.206509,43.285344],[1.206424,43.285166],[1.206421,43.285109],[1.206274,43.284648],[1.206233,43.284551],[1.206211,43.284449],[1.206133,43.284304],[1.206096,43.28415],[1.206031,43.284042],[1.205984,43.283897],[1.205892,43.283786],[1.205852,43.283596],[1.20563,43.283233],[1.205455,43.283061],[1.205435,43.282978],[1.205361,43.282841],[1.205239,43.282786],[1.20507,43.282675],[1.205028,43.282692],[1.205111,43.282806],[1.205183,43.282857],[1.205323,43.282919],[1.205364,43.282992],[1.205425,43.283072],[1.205487,43.283168],[1.205607,43.283376],[1.205698,43.28348],[1.205747,43.283552],[1.205835,43.283748],[1.205887,43.283854],[1.205949,43.283948],[1.206013,43.284093],[1.206179,43.284552],[1.206205,43.284693],[1.206338,43.285007],[1.206364,43.285118],[1.206344,43.285198],[1.206318,43.285283],[1.206355,43.285384],[1.206519,43.285683],[1.206722,43.28599],[1.206855,43.286272],[1.206986,43.286507],[1.207134,43.286762],[1.207448,43.287281],[1.207552,43.287497],[1.207597,43.28754],[1.207659,43.287635],[1.207749,43.287756],[1.207786,43.28778],[1.207801,43.287825],[1.207851,43.28791],[1.207903,43.287871],[1.207936,43.287827]]],"type":"Polygon"},"properties":{"zoneCode":"Rie","zoneLabel":"Rouge inondation + recul de berge","zoneColor":"#C81E3A","codeZone":"20150002_100","typeReg":"03","libelleZone":"Zone Rouge"}},{"type":"Feature","geometry":{"coordinates":[[[1.234439,43.310345],[1.234122,43.310119],[1.233912,43.309947],[1.233654,43.309673],[1.233532,43.309509],[1.233452,43.309392],[1.233285,43.309049],[1.233277,43.308973],[1.233231,43.308883],[1.233148,43.308671],[1.233109,43.308498],[1.233094,43.308311],[1.233092,43.308211],[1.233126,43.308116],[1.233169,43.308039],[1.233042,43.30794],[1.232946,43.307837],[1.232885,43.307829],[1.232891,43.307814],[1.232779,43.307818],[1.232732,43.307825],[1.232761,43.307948],[1.232826,43.30802],[1.232823,43.308286],[1.232802,43.308326],[1.232838,43.308427],[1.232822,43.308506],[1.232857,43.308642],[1.232924,43.308886],[1.233141,43.309401],[1.233262,43.30944],[1.233502,43.309795],[1.233731,43.310048],[1.233912,43.310165],[1.234171,43.310283],[1.234251,43.31036],[1.234247,43.310449],[1.234258,43.310451],[1.234268,43.310446],[1.234283,43.310454],[1.234439,43.310345]]],"type":"Polygon"},"properties":{"zoneCode":"Rie","zoneLabel":"Rouge inondation + recul de berge","zoneColor":"#C81E3A","codeZone":"20150002_99","typeReg":"03","libelleZone":"Zone Rouge"}},{"type":"Feature","geometry":{"coordinates":[[[1.206082,43.288366],[1.206018,43.288312],[1.205918,43.288164],[1.205815,43.287993],[1.205619,43.287866],[1.20554,43.28788],[1.205581,43.287918],[1.205761,43.28814],[1.206045,43.288418],[1.206082,43.288366]]],"type":"Polygon"},"properties":{"zoneCode":"Ri","zoneLabel":"Rouge inondation","zoneColor":"#E2001A","codeZone":"20150002_94","typeReg":"03","libelleZone":"Zone Rouge"}},{"type":"Feature","geometry":{"coordinates":[[[1.217548,43.291796],[1.217546,43.291781],[1.217527,43.291743],[1.217475,43.291718],[1.217382,43.291707],[1.217324,43.291748],[1.217334,43.291809],[1.217332,43.291855],[1.217315,43.291876],[1.217307,43.291905],[1.217322,43.291955],[1.217407,43.29202],[1.217459,43.292056],[1.21747,43.292071],[1.217489,43.292081],[1.217503,43.292074],[1.217516,43.292051],[1.217542,43.292031],[1.217548,43.291796]]],"type":"Polygon"},"properties":{"zoneCode":"Ri","zoneLabel":"Rouge inondation","zoneColor":"#E2001A","codeZone":"20150002_93","typeReg":"03","libelleZone":"Zone Rouge"}},{"type":"Feature","geometry":{"coordinates":[[[1.228893,43.288268],[1.228867,43.288238],[1.228842,43.288235],[1.22881,43.288259],[1.228826,43.288268],[1.228838,43.288281],[1.228869,43.288288],[1.228883,43.288284],[1.228893,43.288268]]],"type":"Polygon"},"properties":{"zoneCode":"Ri","zoneLabel":"Rouge inondation","zoneColor":"#E2001A","codeZone":"20150002_96","typeReg":"03","libelleZone":"Zone Rouge"}},{"type":"Feature","geometry":{"coordinates":[[[1.229082,43.288398],[1.228864,43.288344],[1.228912,43.288382],[1.229082,43.288398]]],"type":"Polygon"},"properties":{"zoneCode":"Ri","zoneLabel":"Rouge inondation","zoneColor":"#E2001A","codeZone":"20150002_95","typeReg":"03","libelleZone":"Zone Rouge"}},{"type":"Feature","geometry":{"coordinates":[[[1.215977,43.291396],[1.215966,43.291345],[1.215859,43.291287],[1.215774,43.291305],[1.215697,43.2914],[1.215677,43.291558],[1.21568,43.291651],[1.215741,43.291965],[1.215757,43.292],[1.215738,43.292069],[1.215759,43.29215],[1.21579,43.292164],[1.215846,43.29216],[1.215893,43.292123],[1.215947,43.291921],[1.215918,43.291864],[1.215916,43.291829],[1.215946,43.291705],[1.215934,43.291653],[1.215938,43.291517],[1.215977,43.291396]]],"type":"Polygon"},"properties":{"zoneCode":"Ri","zoneLabel":"Rouge inondation","zoneColor":"#E2001A","codeZone":"20150002_90","typeReg":"03","libelleZone":"Zone Rouge"}},{"type":"Feature","geometry":{"coordinates":[[[1.210865,43.274957],[1.210686,43.274939],[1.210635,43.274965],[1.210553,43.274991],[1.210525,43.275005],[1.210606,43.275072],[1.210667,43.275064],[1.210727,43.274974],[1.210802,43.275031],[1.210894,43.275077],[1.21124,43.275232],[1.211354,43.275263],[1.211421,43.275267],[1.211556,43.275264],[1.211699,43.275254],[1.212124,43.275192],[1.212448,43.27513],[1.212773,43.275054],[1.212895,43.275035],[1.212969,43.275027],[1.213013,43.275025],[1.213252,43.274993],[1.213354,43.274999],[1.213341,43.274988],[1.213317,43.274977],[1.213153,43.274947],[1.213124,43.274944],[1.212912,43.274944],[1.212638,43.274992],[1.211972,43.275146],[1.211943,43.27515],[1.21142,43.275197],[1.211391,43.275194],[1.211217,43.275156],[1.211192,43.275145],[1.210865,43.274957]]],"type":"Polygon"},"properties":{"zoneCode":"Ri","zoneLabel":"Rouge inondation","zoneColor":"#E2001A","codeZone":"20150002_89","typeReg":"03","libelleZone":"Zone Rouge"}},{"type":"Feature","geometry":{"coordinates":[[[1.207414,43.289399],[1.20733,43.289335],[1.207111,43.289231],[1.206622,43.288862],[1.206261,43.28861],[1.206152,43.288478],[1.206212,43.288661],[1.206255,43.288661],[1.206324,43.28872],[1.206514,43.288828],[1.206688,43.288977],[1.20675,43.289047],[1.206821,43.2891],[1.207172,43.289316],[1.207325,43.289429],[1.207399,43.28943],[1.207414,43.289399]]],"type":"Polygon"},"properties":{"zoneCode":"Ri","zoneLabel":"Rouge inondation","zoneColor":"#E2001A","codeZone":"20150002_92","typeReg":"03","libelleZone":"Zone Rouge"}},{"type":"Feature","geometry":{"coordinates":[[[1.214833,43.277074],[1.214826,43.277021],[1.214791,43.277006],[1.214754,43.276994],[1.214719,43.276989],[1.214631,43.276991],[1.214564,43.277026],[1.214525,43.277041],[1.214484,43.277052],[1.21444,43.277058],[1.214398,43.27706],[1.21425,43.277056],[1.214266,43.277083],[1.214312,43.277184],[1.214326,43.277182],[1.214367,43.277182],[1.214386,43.277189],[1.214403,43.277229],[1.214424,43.277349],[1.214443,43.277389],[1.214473,43.277404],[1.214491,43.277404],[1.214513,43.277388],[1.214535,43.277337],[1.214557,43.277315],[1.214587,43.277318],[1.214621,43.277352],[1.21463,43.277403],[1.214629,43.277475],[1.214784,43.27712],[1.214833,43.277074]]],"type":"Polygon"},"properties":{"zoneCode":"Ri","zoneLabel":"Rouge inondation","zoneColor":"#E2001A","codeZone":"20150002_91","typeReg":"03","libelleZone":"Zone Rouge"}},{"type":"Feature","geometry":{"coordinates":[[[1.230906,43.29034],[1.23077,43.290314],[1.230643,43.290281],[1.230386,43.290277],[1.22983,43.290291],[1.229617,43.29028],[1.229537,43.290249],[1.229525,43.290359],[1.229579,43.290427],[1.229665,43.290399],[1.229868,43.29042],[1.230538,43.290442],[1.230874,43.290358],[1.230906,43.29034]]],"type":"Polygon"},"properties":{"zoneCode":"Bi","zoneLabel":"Bleue inondation","zoneColor":"#4FA8E0","codeZone":"20150002_118","typeReg":"02","libelleZone":"Zone Bleue"}},{"type":"Feature","geometry":{"coordinates":[[[1.218759,43.292055],[1.21869,43.292005],[1.218582,43.292018],[1.218547,43.292069],[1.218532,43.292107],[1.218548,43.292125],[1.218622,43.292142],[1.218699,43.292139],[1.218741,43.292089],[1.218759,43.292055]]],"type":"Polygon"},"properties":{"zoneCode":"Bi","zoneLabel":"Bleue inondation","zoneColor":"#4FA8E0","codeZone":"20150002_117","typeReg":"02","libelleZone":"Zone Bleue : Zone de prescriptions"}},{"type":"Feature","geometry":{"coordinates":[[[1.228848,43.288129],[1.228813,43.288051],[1.228744,43.288038],[1.228655,43.288064],[1.228658,43.288095],[1.228755,43.288113],[1.228779,43.288193],[1.228768,43.288234],[1.22878,43.288236],[1.228848,43.288129]]],"type":"Polygon"},"properties":{"zoneCode":"GHi","zoneLabel":"Grise hachuree inondation (remblai)","zoneColor":"#8A8A8A","codeZone":"20150002_120","typeReg":"01","libelleZone":"Zone Grise Hachurée"}},{"type":"Feature","geometry":{"coordinates":[[[1.217429,43.292155],[1.217419,43.292114],[1.217391,43.292076],[1.217308,43.292053],[1.217269,43.292002],[1.217249,43.291967],[1.217272,43.291951],[1.217289,43.2919],[1.217324,43.29182],[1.21727,43.291785],[1.217191,43.291782],[1.217099,43.29176],[1.217102,43.291811],[1.217091,43.291834],[1.217092,43.29184],[1.217114,43.291833],[1.217157,43.291886],[1.217189,43.291873],[1.21721,43.291881],[1.217202,43.29192],[1.217209,43.291925],[1.217249,43.291929],[1.217249,43.291938],[1.217223,43.291949],[1.217199,43.291972],[1.217193,43.292008],[1.217182,43.292011],[1.217177,43.291941],[1.217112,43.29192],[1.217079,43.291876],[1.217055,43.291909],[1.216997,43.291905],[1.216917,43.292175],[1.21693,43.292223],[1.216917,43.292331],[1.216836,43.292371],[1.216856,43.292476],[1.216948,43.292547],[1.216974,43.29255],[1.217025,43.292543],[1.217069,43.292474],[1.217099,43.292456],[1.217073,43.292433],[1.217095,43.292422],[1.217186,43.292479],[1.217196,43.292477],[1.217196,43.292459],[1.217288,43.292474],[1.217269,43.29249],[1.217302,43.292489],[1.217333,43.292476],[1.217345,43.292477],[1.217374,43.292438],[1.217401,43.292434],[1.217406,43.292416],[1.217391,43.292407],[1.217319,43.292286],[1.217318,43.292261],[1.217332,43.292219],[1.217429,43.292155]]],"type":"Polygon"},"properties":{"zoneCode":"GHi","zoneLabel":"Grise hachuree inondation (remblai)","zoneColor":"#8A8A8A","codeZone":"20150002_119","typeReg":"01","libelleZone":"Zone Grise Hachurée"}},{"type":"Feature","geometry":{"coordinates":[[[1.210674,43.274937],[1.210565,43.274951],[1.210481,43.27497],[1.210525,43.275005],[1.210553,43.274991],[1.210635,43.274965],[1.210686,43.274939],[1.210674,43.274937]]],"type":"Polygon"},"properties":{"zoneCode":"Rig","zoneLabel":"Rouge inondation + mouvement de terrain","zoneColor":"#B0001C","codeZone":"20150002_114","typeReg":"03","libelleZone":"Zone Rouge"}},{"type":"Feature","geometry":{"coordinates":[[[1.262179,43.280151],[1.262171,43.280092],[1.262161,43.279958],[1.26201,43.280205],[1.262074,43.280255],[1.262109,43.280261],[1.262136,43.28023],[1.262179,43.280151]]],"type":"Polygon"},"properties":{"zoneCode":"Rig","zoneLabel":"Rouge inondation + mouvement de terrain","zoneColor":"#B0001C","codeZone":"20150002_113","typeReg":"03","libelleZone":"Zone Rouge"}},{"type":"Feature","geometry":{"coordinates":[[[1.259671,43.285658],[1.259826,43.285704],[1.259842,43.285691],[1.259525,43.285585],[1.25957,43.285643],[1.259671,43.285658]]],"type":"Polygon"},"properties":{"zoneCode":"Rig","zoneLabel":"Rouge inondation + mouvement de terrain","zoneColor":"#B0001C","codeZone":"20150002_116","typeReg":"03","libelleZone":"Zone Rouge"}},{"type":"Feature","geometry":{"coordinates":[[[1.23421,43.297885],[1.233909,43.297793],[1.23385,43.297771],[1.233823,43.297825],[1.233908,43.297864],[1.233979,43.297885],[1.234054,43.297896],[1.234133,43.297887],[1.23421,43.297885]]],"type":"Polygon"},"properties":{"zoneCode":"Rig","zoneLabel":"Rouge inondation + mouvement de terrain","zoneColor":"#B0001C","codeZone":"20150002_115","typeReg":"03","libelleZone":"Zone Rouge"}},{"type":"Feature","geometry":{"coordinates":[[[1.230412,43.294231],[1.230274,43.29423],[1.230255,43.294209],[1.230021,43.294323],[1.22984,43.294403],[1.229581,43.294589],[1.230034,43.294389],[1.230155,43.294328],[1.23022,43.294337],[1.230213,43.294362],[1.230162,43.294419],[1.23002,43.294494],[1.22992,43.294557],[1.229783,43.294625],[1.229563,43.294705],[1.229485,43.294702],[1.229443,43.294704],[1.229401,43.294715],[1.229359,43.29475],[1.229446,43.294793],[1.229456,43.294784],[1.229529,43.294774],[1.229718,43.29469],[1.230047,43.294568],[1.230365,43.294321],[1.230412,43.294231]]],"type":"Polygon"},"properties":{"zoneCode":"Rig","zoneLabel":"Rouge inondation + mouvement de terrain","zoneColor":"#B0001C","codeZone":"20150002_110","typeReg":"03","libelleZone":"Zone Rouge"}},{"type":"Feature","geometry":{"coordinates":[[[1.231951,43.298932],[1.231917,43.298913],[1.231633,43.298877],[1.231038,43.29877],[1.230862,43.298713],[1.230743,43.298668],[1.230611,43.298648],[1.230659,43.298686],[1.230694,43.298729],[1.23072,43.29877],[1.230731,43.298799],[1.230847,43.298832],[1.231091,43.29889],[1.231384,43.298952],[1.231468,43.298964],[1.231618,43.298974],[1.231812,43.298959],[1.231951,43.298932]]],"type":"Polygon"},"properties":{"zoneCode":"Rig","zoneLabel":"Rouge inondation + mouvement de terrain","zoneColor":"#B0001C","codeZone":"20150002_109","typeReg":"03","libelleZone":"Zone Rouge"}},{"type":"Feature","geometry":{"coordinates":[[[1.216964,43.289426],[1.216947,43.289344],[1.216911,43.28935],[1.216739,43.289361],[1.216739,43.289359],[1.216321,43.28926],[1.216105,43.289118],[1.215887,43.289028],[1.215732,43.289012],[1.215917,43.289089],[1.216008,43.289132],[1.216148,43.289249],[1.216224,43.289336],[1.216388,43.28939],[1.216637,43.289431],[1.216964,43.289426]]],"type":"Polygon"},"properties":{"zoneCode":"Rig","zoneLabel":"Rouge inondation + mouvement de terrain","zoneColor":"#B0001C","codeZone":"20150002_112","typeReg":"03","libelleZone":"Zone Rouge"}},{"type":"Feature","geometry":{"coordinates":[[[1.213329,43.276298],[1.213275,43.276124],[1.213123,43.276063],[1.212955,43.276011],[1.21283,43.275955],[1.212693,43.27586],[1.212451,43.275641],[1.212333,43.275595],[1.212164,43.275636],[1.21233,43.275708],[1.212848,43.275995],[1.21331,43.276331],[1.213329,43.276298]]],"type":"Polygon"},"properties":{"zoneCode":"Rig","zoneLabel":"Rouge inondation + mouvement de terrain","zoneColor":"#B0001C","codeZone":"20150002_111","typeReg":"03","libelleZone":"Zone Rouge"}},{"type":"Feature","geometry":{"coordinates":[[[1.227871,43.285683],[1.227843,43.285641],[1.227819,43.285582],[1.227805,43.285581],[1.227656,43.285592],[1.227539,43.285575],[1.227347,43.285587],[1.227263,43.285575],[1.227137,43.285614],[1.227077,43.285595],[1.226965,43.285627],[1.226908,43.285617],[1.226718,43.285696],[1.226655,43.285705],[1.226593,43.285679],[1.226561,43.285681],[1.226584,43.285702],[1.226688,43.285815],[1.226687,43.285877],[1.226649,43.285957],[1.226622,43.286035],[1.226552,43.286181],[1.226364,43.286486],[1.226286,43.286574],[1.22618,43.286729],[1.226094,43.286977],[1.226052,43.287146],[1.226062,43.287224],[1.226054,43.287332],[1.225991,43.287431],[1.22591,43.287531],[1.225846,43.287703],[1.225765,43.287956],[1.225792,43.288034],[1.225781,43.288089],[1.225761,43.288152],[1.225727,43.28819],[1.225782,43.288288],[1.225783,43.288338],[1.225854,43.288338],[1.22591,43.288354],[1.225883,43.288258],[1.225845,43.28819],[1.225844,43.288127],[1.22589,43.287997],[1.225898,43.287856],[1.225898,43.287761],[1.225944,43.287639],[1.225984,43.287582],[1.226087,43.287456],[1.226134,43.287365],[1.226161,43.287259],[1.226191,43.287067],[1.226248,43.286851],[1.226366,43.28663],[1.226531,43.286408],[1.226584,43.286331],[1.226649,43.286297],[1.226704,43.286251],[1.226716,43.286206],[1.226725,43.286152],[1.226766,43.286093],[1.226872,43.285974],[1.227029,43.285905],[1.227242,43.285834],[1.227437,43.285712],[1.227536,43.285712],[1.227764,43.285674],[1.227871,43.285683]]],"type":"Polygon"},"properties":{"zoneCode":"Rig","zoneLabel":"Rouge inondation + mouvement de terrain","zoneColor":"#B0001C","codeZone":"20150002_106","typeReg":"03","libelleZone":"Zone Rouge"}},{"type":"Feature","geometry":{"coordinates":[[[1.222503,43.284035],[1.222474,43.283869],[1.222335,43.283641],[1.222332,43.28367],[1.222439,43.283986],[1.222447,43.284151],[1.222444,43.284268],[1.222469,43.284142],[1.222503,43.284035]]],"type":"Polygon"},"properties":{"zoneCode":"Rie","zoneLabel":"Rouge inondation + recul de berge","zoneColor":"#C81E3A","codeZone":"20150002_105","typeReg":"03","libelleZone":"Zone Rouge"}},{"type":"Feature","geometry":{"coordinates":[[[1.233125,43.305609],[1.233112,43.305528],[1.2331,43.305533],[1.233017,43.305667],[1.232963,43.305926],[1.232847,43.306095],[1.23281,43.306662],[1.232701,43.306948],[1.232705,43.307137],[1.232732,43.307464],[1.23277,43.307705],[1.232719,43.307767],[1.232732,43.307825],[1.232779,43.307818],[1.232891,43.307814],[1.232903,43.307792],[1.232906,43.307729],[1.232867,43.307625],[1.232821,43.30757],[1.232804,43.307539],[1.232767,43.307503],[1.232777,43.307476],[1.232771,43.307388],[1.23275,43.30726],[1.232759,43.307045],[1.232757,43.30701],[1.232837,43.306874],[1.2329,43.3067],[1.232947,43.306394],[1.232915,43.306208],[1.232913,43.306091],[1.232938,43.30603],[1.233014,43.305945],[1.233057,43.305862],[1.233107,43.305731],[1.233125,43.305609]]],"type":"Polygon"},"properties":{"zoneCode":"Rig","zoneLabel":"Rouge inondation + mouvement de terrain","zoneColor":"#B0001C","codeZone":"20150002_108","typeReg":"03","libelleZone":"Zone Rouge"}},{"type":"Feature","geometry":{"coordinates":[[[1.215835,43.289177],[1.21557,43.289043],[1.215245,43.289042],[1.21485,43.289075],[1.214381,43.289079],[1.214183,43.289135],[1.213937,43.289116],[1.213864,43.289091],[1.213801,43.289144],[1.21359,43.289169],[1.213317,43.289228],[1.212936,43.289233],[1.212357,43.28922],[1.212051,43.289173],[1.21181,43.288981],[1.211693,43.288803],[1.211609,43.288626],[1.211507,43.288624],[1.211616,43.288782],[1.211717,43.288952],[1.211717,43.28902],[1.211778,43.289062],[1.211828,43.289084],[1.211995,43.289239],[1.212216,43.289289],[1.212531,43.289307],[1.212911,43.289312],[1.213328,43.289304],[1.213572,43.289276],[1.213754,43.289222],[1.213868,43.289239],[1.213932,43.289202],[1.214041,43.28918],[1.214343,43.289151],[1.214581,43.289114],[1.214689,43.289116],[1.214983,43.289089],[1.215207,43.289083],[1.2154,43.289097],[1.215556,43.289104],[1.215621,43.28911],[1.215714,43.289133],[1.215835,43.289177]]],"type":"Polygon"},"properties":{"zoneCode":"Rig","zoneLabel":"Rouge inondation + mouvement de terrain","zoneColor":"#B0001C","codeZone":"20150002_107","typeReg":"03","libelleZone":"Zone Rouge"}},{"type":"Feature","geometry":{"coordinates":[[[1.234175,43.289921],[1.234138,43.289929],[1.233864,43.290005],[1.233681,43.289973],[1.233555,43.289999],[1.233483,43.290002],[1.233394,43.290034],[1.233376,43.290016],[1.233374,43.289997],[1.233365,43.290007],[1.23332,43.290095],[1.233296,43.290147],[1.233295,43.290158],[1.233283,43.290171],[1.23326,43.290148],[1.233155,43.290154],[1.233158,43.290199],[1.233157,43.290422],[1.233143,43.290541],[1.233109,43.290655],[1.233085,43.290891],[1.233093,43.291054],[1.233145,43.291157],[1.233124,43.291226],[1.233096,43.291361],[1.233056,43.291427],[1.232984,43.291527],[1.232932,43.291608],[1.232897,43.291736],[1.232864,43.291803],[1.232716,43.291949],[1.232646,43.292026],[1.232582,43.292109],[1.232503,43.292235],[1.232516,43.292276],[1.232584,43.292383],[1.232613,43.292443],[1.232612,43.292469],[1.232587,43.292512],[1.232513,43.292586],[1.232367,43.292805],[1.232317,43.292874],[1.232269,43.292924],[1.232513,43.292901],[1.232544,43.292947],[1.232591,43.292909],[1.232598,43.292783],[1.232623,43.2927],[1.232675,43.292641],[1.232688,43.292577],[1.232776,43.292538],[1.232807,43.292445],[1.232881,43.292364],[1.232844,43.292319],[1.232851,43.292131],[1.232927,43.292032],[1.23295,43.291916],[1.233002,43.291819],[1.233084,43.29173],[1.233091,43.291669],[1.233128,43.291632],[1.233151,43.291578],[1.233163,43.291526],[1.233194,43.291476],[1.233198,43.29143],[1.233295,43.291291],[1.233281,43.291139],[1.23335,43.291095],[1.233451,43.291088],[1.233409,43.291043],[1.233416,43.290952],[1.233331,43.290924],[1.233311,43.29086],[1.233319,43.290817],[1.233295,43.290518],[1.233312,43.29041],[1.233339,43.290367],[1.233471,43.290234],[1.233634,43.290172],[1.23371,43.290111],[1.2339,43.290063],[1.234175,43.289921]]],"type":"Polygon"},"properties":{"zoneCode":"Rig","zoneLabel":"Rouge inondation + mouvement de terrain","zoneColor":"#B0001C","codeZone":"20150002_134","typeReg":"03","libelleZone":"Zone Rouge"}},{"type":"Feature","geometry":{"coordinates":[[[1.233426,43.289513],[1.233383,43.289341],[1.233311,43.28913],[1.233308,43.289052],[1.233286,43.288846],[1.233232,43.288781],[1.233207,43.288673],[1.233254,43.288556],[1.233308,43.288448],[1.233258,43.288377],[1.233252,43.28835],[1.233206,43.288348],[1.233171,43.288321],[1.233186,43.28824],[1.23313,43.288235],[1.233098,43.288203],[1.233136,43.288122],[1.233081,43.288058],[1.233112,43.288015],[1.233037,43.287887],[1.232933,43.287823],[1.232846,43.287713],[1.232863,43.287659],[1.232801,43.287465],[1.232762,43.287343],[1.232716,43.287306],[1.232727,43.287296],[1.232789,43.287316],[1.232778,43.287272],[1.232679,43.287258],[1.232618,43.287215],[1.232601,43.287151],[1.232537,43.28708],[1.232503,43.286994],[1.232418,43.286976],[1.23243,43.286897],[1.232367,43.286832],[1.232336,43.286769],[1.232153,43.28663],[1.231927,43.286447],[1.23186,43.286257],[1.231774,43.286241],[1.231604,43.286121],[1.231578,43.286063],[1.231449,43.285989],[1.231253,43.285976],[1.231196,43.285922],[1.231068,43.285874],[1.230874,43.285872],[1.230766,43.285814],[1.230703,43.285794],[1.230643,43.285752],[1.230584,43.28572],[1.230556,43.285731],[1.230547,43.285691],[1.230474,43.285661],[1.230275,43.285713],[1.229958,43.285623],[1.229577,43.285602],[1.229449,43.285543],[1.229597,43.285367],[1.229423,43.285361],[1.229388,43.285362],[1.229304,43.28537],[1.229238,43.285366],[1.22927,43.285324],[1.229266,43.285324],[1.229174,43.285412],[1.229127,43.285428],[1.228988,43.285538],[1.228907,43.285552],[1.22875,43.285647],[1.22854,43.285658],[1.228454,43.285634],[1.228062,43.285613],[1.228,43.285592],[1.227819,43.285582],[1.227843,43.285641],[1.227871,43.285683],[1.227943,43.285756],[1.228037,43.285741],[1.228151,43.285772],[1.228378,43.2858],[1.228602,43.285795],[1.229302,43.285747],[1.22948,43.285729],[1.229812,43.285733],[1.230553,43.28591],[1.230813,43.286012],[1.231144,43.28615],[1.231433,43.286289],[1.23167,43.28643],[1.231943,43.286574],[1.232077,43.286676],[1.232192,43.286784],[1.232341,43.286956],[1.232449,43.287143],[1.232523,43.287247],[1.232598,43.287415],[1.232714,43.287826],[1.232951,43.288498],[1.233018,43.288748],[1.233107,43.289258],[1.233111,43.289416],[1.233155,43.290154],[1.23326,43.290148],[1.233283,43.290171],[1.233295,43.290158],[1.233296,43.290147],[1.23332,43.290095],[1.233365,43.290007],[1.233374,43.289997],[1.233364,43.289935],[1.233426,43.289513]]],"type":"Polygon"},"properties":{"zoneCode":"Rie","zoneLabel":"Rouge inondation + recul de berge","zoneColor":"#C81E3A","codeZone":"20150002_133","typeReg":"03","libelleZone":"Zone Rouge"}},{"type":"Feature","geometry":{"coordinates":[[[1.226869,43.29527],[1.226902,43.295211],[1.2269,43.295138],[1.22703,43.294861],[1.22703,43.294762],[1.22718,43.294656],[1.22722,43.294564],[1.227254,43.294526],[1.227293,43.294398],[1.227295,43.294374],[1.227292,43.294348],[1.227283,43.294327],[1.227259,43.2943],[1.227179,43.294242],[1.227106,43.294209],[1.227047,43.29419],[1.227034,43.294191],[1.227028,43.294195],[1.227054,43.294223],[1.227101,43.294253],[1.227141,43.294292],[1.227156,43.294317],[1.227161,43.294339],[1.227159,43.294361],[1.227142,43.294422],[1.227095,43.294514],[1.227062,43.294562],[1.226977,43.294642],[1.226921,43.294716],[1.226906,43.294749],[1.226891,43.294804],[1.226856,43.294901],[1.226811,43.294984],[1.226789,43.295036],[1.226775,43.295082],[1.226752,43.295194],[1.226743,43.295276],[1.226869,43.29527]]],"type":"Polygon"},"properties":{"zoneCode":"BFg","zoneLabel":"Bleue foncee mouvement de terrain","zoneColor":"#0033A0","codeZone":"20150002_136","typeReg":"03","libelleZone":"Zone Bleue Foncée"}},{"type":"Feature","geometry":{"coordinates":[[[1.227054,43.294223],[1.227028,43.294195],[1.227024,43.294199],[1.227021,43.294222],[1.227065,43.29432],[1.227068,43.294352],[1.227056,43.294389],[1.227035,43.294433],[1.226826,43.29472],[1.226764,43.294885],[1.226695,43.295186],[1.226684,43.295245],[1.226685,43.295274],[1.226702,43.295354],[1.226737,43.295314],[1.226741,43.295296],[1.226752,43.295194],[1.226775,43.295082],[1.226789,43.295036],[1.226811,43.294984],[1.226856,43.294901],[1.226891,43.294804],[1.226906,43.294749],[1.226921,43.294716],[1.226977,43.294642],[1.227062,43.294562],[1.227095,43.294514],[1.227142,43.294422],[1.227159,43.294361],[1.227161,43.294339],[1.227156,43.294317],[1.227141,43.294292],[1.227101,43.294253],[1.227054,43.294223]]],"type":"Polygon"},"properties":{"zoneCode":"GHg","zoneLabel":"Grise hachuree (aggravation glissement)","zoneColor":"#6E6E6E","codeZone":"20150002_135","typeReg":"01","libelleZone":"Zone Grise Hachurée"}},{"type":"Feature","geometry":{"coordinates":[[[1.226173,43.285795],[1.226122,43.285797],[1.225783,43.285843],[1.225333,43.285834],[1.225076,43.285787],[1.224808,43.285685],[1.224649,43.285661],[1.224573,43.285698],[1.224471,43.28573],[1.224398,43.285801],[1.22422,43.285907],[1.22372,43.28625],[1.22359,43.286344],[1.223605,43.286394],[1.223737,43.286369],[1.223801,43.286248],[1.224009,43.286114],[1.224125,43.286033],[1.224323,43.286],[1.224493,43.285892],[1.22462,43.285842],[1.224649,43.285806],[1.224783,43.285785],[1.224968,43.285843],[1.225081,43.285882],[1.22524,43.285907],[1.225456,43.285911],[1.225621,43.28592],[1.225882,43.285918],[1.225985,43.285888],[1.226152,43.285825],[1.226173,43.285795]]],"type":"Polygon"},"properties":{"zoneCode":"Rig","zoneLabel":"Rouge inondation + mouvement de terrain","zoneColor":"#B0001C","codeZone":"20150002_130","typeReg":"03","libelleZone":"Zone Rouge"}},{"type":"Feature","geometry":{"coordinates":[[[1.221707,43.282641],[1.221632,43.282683],[1.22155,43.282752],[1.221618,43.282776],[1.221764,43.282836],[1.221861,43.282883],[1.221906,43.282933],[1.221976,43.283033],[1.22201,43.283104],[1.222129,43.283209],[1.222209,43.283328],[1.222278,43.283453],[1.222271,43.283426],[1.222224,43.283284],[1.222114,43.283092],[1.221987,43.282937],[1.221876,43.28278],[1.221732,43.282649],[1.221707,43.282641]]],"type":"Polygon"},"properties":{"zoneCode":"Rie","zoneLabel":"Rouge inondation + recul de berge","zoneColor":"#C81E3A","codeZone":"20150002_129","typeReg":"03","libelleZone":"Zone Rouge"}},{"type":"Feature","geometry":{"coordinates":[[[1.229963,43.284833],[1.22983,43.284843],[1.229707,43.284974],[1.229345,43.285253],[1.229321,43.285288],[1.229266,43.285324],[1.22927,43.285324],[1.229238,43.285366],[1.229304,43.28537],[1.229388,43.285362],[1.229423,43.285361],[1.229597,43.285367],[1.229776,43.285155],[1.229963,43.284833]]],"type":"Polygon"},"properties":{"zoneCode":"Rig","zoneLabel":"Rouge inondation + mouvement de terrain","zoneColor":"#B0001C","codeZone":"20150002_132","typeReg":"03","libelleZone":"Zone Rouge"}},{"type":"Feature","geometry":{"coordinates":[[[1.228279,43.286738],[1.228244,43.286687],[1.228195,43.28666],[1.228138,43.286639],[1.227949,43.286802],[1.227779,43.28692],[1.227639,43.287058],[1.227537,43.28719],[1.227465,43.28744],[1.227429,43.287526],[1.227356,43.287621],[1.227305,43.287751],[1.227239,43.287883],[1.227188,43.288031],[1.227153,43.288189],[1.227117,43.288278],[1.22706,43.28838],[1.227006,43.288507],[1.227013,43.288603],[1.227034,43.288736],[1.227067,43.288836],[1.227116,43.288842],[1.227194,43.288805],[1.227255,43.288724],[1.227267,43.288699],[1.227272,43.288676],[1.227276,43.288652],[1.227274,43.288616],[1.227297,43.288544],[1.227325,43.288514],[1.227345,43.288481],[1.227363,43.288402],[1.227372,43.288382],[1.227393,43.288366],[1.227426,43.288318],[1.227474,43.288194],[1.227484,43.288155],[1.227479,43.288091],[1.227495,43.288025],[1.227526,43.287995],[1.227547,43.287961],[1.227592,43.287732],[1.227619,43.287671],[1.227679,43.287608],[1.227706,43.287571],[1.22776,43.28743],[1.227767,43.287397],[1.227765,43.287374],[1.227783,43.287337],[1.227851,43.287298],[1.227957,43.287228],[1.22799,43.287198],[1.228031,43.287127],[1.228046,43.28709],[1.228087,43.287062],[1.228105,43.287045],[1.228162,43.286951],[1.228201,43.286912],[1.228254,43.286834],[1.228273,43.286785],[1.228281,43.286754],[1.228279,43.286738]],[[1.22802,43.287044],[1.228021,43.287043],[1.228022,43.287042],[1.22802,43.287044]]],"type":"Polygon"},"properties":{"zoneCode":"Rie","zoneLabel":"Rouge inondation + recul de berge","zoneColor":"#C81E3A","codeZone":"20150002_131","typeReg":"03","libelleZone":"Zone Rouge"}},{"type":"Feature","geometry":{"coordinates":[[[1.231459,43.298963],[1.231384,43.298952],[1.231091,43.29889],[1.230847,43.298832],[1.230731,43.298799],[1.230743,43.298853],[1.23076,43.298893],[1.230936,43.298934],[1.231053,43.299009],[1.23109,43.298992],[1.231152,43.298971],[1.231459,43.298963]]],"type":"Polygon"},"properties":{"zoneCode":"BFg","zoneLabel":"Bleue foncee mouvement de terrain","zoneColor":"#0033A0","codeZone":"20150002_126","typeReg":"03","libelleZone":"Zone Bleue Foncée"}},{"type":"Feature","geometry":{"coordinates":[[[1.207865,43.289818],[1.207841,43.289777],[1.207814,43.289709],[1.207802,43.289665],[1.207761,43.289653],[1.207728,43.289662],[1.207702,43.2896],[1.207494,43.289528],[1.207397,43.289474],[1.207275,43.289429],[1.20698,43.289239],[1.20697,43.289213],[1.206713,43.289073],[1.206663,43.288991],[1.206216,43.288669],[1.206212,43.288661],[1.206189,43.288661],[1.206094,43.288707],[1.205991,43.288783],[1.206078,43.288784],[1.206165,43.288717],[1.20632,43.288867],[1.206439,43.288936],[1.206608,43.289051],[1.206762,43.289163],[1.207002,43.289317],[1.207036,43.289355],[1.207063,43.289405],[1.207096,43.28944],[1.207322,43.289549],[1.20743,43.289609],[1.207414,43.289635],[1.207662,43.289754],[1.207865,43.289818]]],"type":"Polygon"},"properties":{"zoneCode":"BFg","zoneLabel":"Bleue foncee mouvement de terrain","zoneColor":"#0033A0","codeZone":"20150002_125","typeReg":"03","libelleZone":"Zone Bleue Foncée"}},{"type":"Feature","geometry":{"coordinates":[[[1.222178,43.282514],[1.222101,43.282525],[1.221995,43.282559],[1.221949,43.282561],[1.221816,43.282588],[1.221788,43.282597],[1.221707,43.282641],[1.221732,43.282649],[1.221876,43.28278],[1.221987,43.282937],[1.222114,43.283092],[1.222224,43.283284],[1.222271,43.283426],[1.222278,43.283453],[1.222287,43.28347],[1.222308,43.283592],[1.222335,43.283641],[1.222474,43.283869],[1.222503,43.284035],[1.222469,43.284142],[1.222444,43.284268],[1.222442,43.28452],[1.222453,43.284553],[1.222447,43.284582],[1.222488,43.284796],[1.222596,43.285047],[1.222631,43.285177],[1.222669,43.28523],[1.222778,43.285454],[1.22298,43.285644],[1.223159,43.28597],[1.223349,43.286172],[1.223278,43.286269],[1.223309,43.286347],[1.223279,43.286379],[1.223398,43.286461],[1.223476,43.286495],[1.223491,43.286462],[1.223563,43.286364],[1.22359,43.286344],[1.223588,43.286337],[1.223559,43.286296],[1.223447,43.28617],[1.223396,43.286126],[1.223361,43.286036],[1.223338,43.286005],[1.223309,43.285976],[1.223296,43.285912],[1.223283,43.285874],[1.223247,43.285812],[1.223249,43.285772],[1.223244,43.285742],[1.223232,43.285712],[1.223176,43.285628],[1.223044,43.285578],[1.223,43.285575],[1.222917,43.285436],[1.222822,43.285202],[1.22271,43.285034],[1.222599,43.284852],[1.222595,43.284797],[1.222629,43.284614],[1.222841,43.284426],[1.222885,43.284364],[1.222954,43.284225],[1.222956,43.284216],[1.222894,43.284211],[1.22291,43.284166],[1.222901,43.28398],[1.222888,43.283928],[1.222827,43.283801],[1.222839,43.283742],[1.222917,43.283607],[1.223011,43.283468],[1.22311,43.283367],[1.223128,43.283346],[1.223148,43.283305],[1.223021,43.283279],[1.222974,43.283254],[1.222913,43.283228],[1.222915,43.28321],[1.222884,43.283169],[1.222845,43.283092],[1.222834,43.28305],[1.222726,43.283009],[1.222616,43.282911],[1.222567,43.282824],[1.222616,43.282815],[1.222663,43.282813],[1.222738,43.282828],[1.222809,43.282859],[1.222866,43.282896],[1.222923,43.282925],[1.222949,43.282974],[1.222946,43.283068],[1.223045,43.283128],[1.223161,43.28322],[1.22316,43.283196],[1.223148,43.283148],[1.22311,43.283096],[1.223083,43.283042],[1.223065,43.28299],[1.223051,43.282965],[1.223031,43.282943],[1.222981,43.282906],[1.222884,43.282866],[1.222828,43.282817],[1.222778,43.282733],[1.222757,43.282711],[1.22273,43.28269],[1.222701,43.282674],[1.222636,43.282652],[1.222438,43.28263],[1.222371,43.282591],[1.222178,43.282514]]],"type":"Polygon"},"properties":{"zoneCode":"Re","zoneLabel":"Rouge mouvement de terrain (recul de berge)","zoneColor":"#D62839","codeZone":"20150002_128","typeReg":"03","libelleZone":"Zone Rouge"}},{"type":"Feature","geometry":{"coordinates":[[[1.22034,43.282469],[1.2202,43.282438],[1.220005,43.282415],[1.219829,43.282421],[1.219565,43.282409],[1.219238,43.282389],[1.21897,43.28236],[1.218485,43.282262],[1.218285,43.282198],[1.218083,43.28212],[1.218007,43.282084],[1.218106,43.282159],[1.218459,43.282388],[1.218622,43.282449],[1.218798,43.282499],[1.219043,43.282524],[1.219416,43.282576],[1.219905,43.282581],[1.22018,43.282633],[1.220201,43.282634],[1.220317,43.282508],[1.22034,43.282469]]],"type":"Polygon"},"properties":{"zoneCode":"Rie","zoneLabel":"Rouge inondation + recul de berge","zoneColor":"#C81E3A","codeZone":"20150002_127","typeReg":"03","libelleZone":"Zone Rouge"}},{"type":"Feature","geometry":{"coordinates":[[[1.227379,43.299154],[1.227209,43.299053],[1.227165,43.299022],[1.227124,43.299006],[1.227185,43.299098],[1.227324,43.29918],[1.227379,43.299154]]],"type":"Polygon"},"properties":{"zoneCode":"BFe","zoneLabel":"Bleue foncee mouvement de terrain","zoneColor":"#0033A0","codeZone":"20150002_122","typeReg":"03","libelleZone":"Zone Bleue Foncée"}},{"type":"Feature","geometry":{"coordinates":[[[1.217874,43.29157],[1.217717,43.291535],[1.217536,43.291455],[1.21723,43.291371],[1.216941,43.291276],[1.216658,43.291148],[1.216769,43.291484],[1.216795,43.291475],[1.216817,43.29149],[1.216858,43.29148],[1.217127,43.291529],[1.217169,43.291549],[1.217224,43.291564],[1.217286,43.291561],[1.217272,43.291596],[1.217493,43.291644],[1.21763,43.291638],[1.21772,43.291658],[1.2178,43.291661],[1.217897,43.291707],[1.217965,43.291688],[1.217962,43.291655],[1.217874,43.29157]]],"type":"Polygon"},"properties":{"zoneCode":"GHi","zoneLabel":"Grise hachuree inondation (remblai)","zoneColor":"#8A8A8A","codeZone":"20150002_121","typeReg":"01","libelleZone":"Zone Grise Hachurée"}},{"type":"Feature","geometry":{"coordinates":[[[1.205582,43.288046],[1.205868,43.288387],[1.20597,43.288552],[1.206052,43.28867],[1.206085,43.288565],[1.206101,43.288497],[1.206078,43.288464],[1.206109,43.288459],[1.20595,43.288385],[1.20563,43.288026],[1.205582,43.288046]]],"type":"Polygon"},"properties":{"zoneCode":"BFg","zoneLabel":"Bleue foncee mouvement de terrain","zoneColor":"#0033A0","codeZone":"20150002_124","typeReg":"03","libelleZone":"Zone Bleue Foncée"}},{"type":"Feature","geometry":{"coordinates":[[[1.234112,43.31058],[1.234015,43.31054],[1.23389,43.310478],[1.233947,43.31056],[1.233998,43.310585],[1.234087,43.310622],[1.234112,43.31058]]],"type":"Polygon"},"properties":{"zoneCode":"BFe","zoneLabel":"Bleue foncee mouvement de terrain","zoneColor":"#0033A0","codeZone":"20150002_123","typeReg":"03","libelleZone":"Zone Bleue Foncée"}},{"type":"Feature","geometry":{"coordinates":[[[1.249643,43.277099],[1.24963,43.277049],[1.249547,43.277027],[1.249444,43.27702],[1.24934,43.277035],[1.249266,43.27705],[1.24902,43.277133],[1.248942,43.277143],[1.248854,43.277131],[1.2487,43.277135],[1.248624,43.277151],[1.248551,43.277072],[1.248488,43.277026],[1.248406,43.276975],[1.248302,43.276938],[1.248172,43.276907],[1.248053,43.276906],[1.247972,43.276921],[1.247764,43.276938],[1.247658,43.276952],[1.247505,43.277006],[1.247435,43.277061],[1.247377,43.277128],[1.247265,43.277226],[1.247221,43.277307],[1.247235,43.277348],[1.247332,43.277374],[1.247442,43.277431],[1.247565,43.277457],[1.247585,43.277489],[1.247473,43.277558],[1.247388,43.277652],[1.247284,43.277758],[1.247227,43.27784],[1.247202,43.277918],[1.247245,43.277949],[1.247298,43.27797],[1.247403,43.277971],[1.247465,43.277957],[1.247528,43.277912],[1.247597,43.277857],[1.24776,43.277818],[1.248114,43.27772],[1.248358,43.277626],[1.248874,43.277471],[1.249041,43.277397],[1.249161,43.277332],[1.249286,43.277318],[1.249425,43.277275],[1.249551,43.277164],[1.249643,43.277099]]],"type":"Polygon"},"properties":{"zoneCode":"Rg","zoneLabel":"Rouge mouvement de terrain (glissement)","zoneColor":"#E2001A","codeZone":"20150002_22","typeReg":"03","libelleZone":"Zone Rouge"}},{"type":"Feature","geometry":{"coordinates":[[[1.244066,43.287679],[1.243867,43.287654],[1.243712,43.287688],[1.2436,43.287722],[1.243509,43.287743],[1.243397,43.287812],[1.243292,43.287862],[1.243069,43.287884],[1.242914,43.28791],[1.24279,43.287934],[1.242662,43.287978],[1.242582,43.287951],[1.242484,43.287914],[1.242457,43.287833],[1.242431,43.287776],[1.242361,43.287762],[1.242298,43.287771],[1.242158,43.287826],[1.242067,43.287881],[1.241955,43.28794],[1.241826,43.287995],[1.241647,43.288038],[1.241533,43.288072],[1.241462,43.288199],[1.241363,43.288279],[1.241276,43.288363],[1.241198,43.288457],[1.241163,43.288551],[1.241203,43.288633],[1.241265,43.288699],[1.241364,43.288717],[1.241573,43.288687],[1.242077,43.288602],[1.242295,43.288509],[1.242492,43.288449],[1.242844,43.28837],[1.243013,43.288298],[1.243331,43.28822],[1.243539,43.288149],[1.243767,43.288022],[1.243901,43.287958],[1.244042,43.287756],[1.244066,43.287679]]],"type":"Polygon"},"properties":{"zoneCode":"Rg","zoneLabel":"Rouge mouvement de terrain (glissement)","zoneColor":"#E2001A","codeZone":"20150002_21","typeReg":"03","libelleZone":"Zone Rouge"}},{"type":"Feature","geometry":{"coordinates":[[[1.260064,43.273226],[1.260067,43.273104],[1.260029,43.273013],[1.259924,43.272968],[1.259799,43.272936],[1.259678,43.272936],[1.259521,43.272891],[1.259342,43.272909],[1.25921,43.272892],[1.259117,43.272906],[1.259032,43.272959],[1.258904,43.272986],[1.258725,43.272978],[1.258511,43.273017],[1.258412,43.273074],[1.258363,43.273166],[1.258376,43.273194],[1.258435,43.273228],[1.258613,43.273222],[1.258832,43.273188],[1.2589,43.273189],[1.259045,43.273218],[1.259137,43.273269],[1.259197,43.273323],[1.259234,43.273348],[1.25934,43.273382],[1.259453,43.273407],[1.259571,43.273415],[1.259705,43.27342],[1.259836,43.273421],[1.25997,43.27338],[1.26003,43.273331],[1.260064,43.273226]]],"type":"Polygon"},"properties":{"zoneCode":"Rg","zoneLabel":"Rouge mouvement de terrain (glissement)","zoneColor":"#E2001A","codeZone":"20150002_24","typeReg":"03","libelleZone":"Zone Rouge"}},{"type":"Feature","geometry":{"coordinates":[[[1.258671,43.28551],[1.258665,43.285477],[1.258502,43.285457],[1.258279,43.285446],[1.257807,43.285382],[1.257455,43.28534],[1.257185,43.285321],[1.256935,43.285292],[1.256772,43.285284],[1.256342,43.285172],[1.256123,43.285112],[1.255893,43.285097],[1.255753,43.285095],[1.255512,43.285159],[1.255242,43.285138],[1.255128,43.28516],[1.255267,43.285258],[1.25545,43.285358],[1.25571,43.285409],[1.255945,43.285476],[1.256174,43.285554],[1.256401,43.285605],[1.256637,43.285672],[1.256838,43.285673],[1.257,43.285687],[1.257215,43.285678],[1.257518,43.285681],[1.257756,43.285722],[1.257896,43.28568],[1.258336,43.285569],[1.258518,43.285529],[1.258671,43.28551]]],"type":"Polygon"},"properties":{"zoneCode":"Rg","zoneLabel":"Rouge mouvement de terrain (glissement)","zoneColor":"#E2001A","codeZone":"20150002_23","typeReg":"03","libelleZone":"Zone Rouge"}},{"type":"Feature","geometry":{"coordinates":[[[1.236066,43.297781],[1.236058,43.297701],[1.23606,43.297628],[1.236079,43.297555],[1.236113,43.297492],[1.236143,43.297464],[1.236212,43.297461],[1.236315,43.297503],[1.236359,43.297537],[1.236501,43.297419],[1.236543,43.297246],[1.236552,43.297176],[1.236504,43.297151],[1.236379,43.297095],[1.236306,43.297031],[1.23616,43.296925],[1.236066,43.296874],[1.235965,43.296832],[1.235894,43.296784],[1.235709,43.296573],[1.235552,43.296467],[1.23542,43.296395],[1.235323,43.296324],[1.2353,43.296281],[1.235305,43.296229],[1.235331,43.296175],[1.235384,43.296143],[1.235448,43.296123],[1.235513,43.29612],[1.23561,43.296121],[1.235573,43.296088],[1.235484,43.29608],[1.23532,43.296085],[1.234753,43.296113],[1.234659,43.296101],[1.234601,43.296073],[1.234547,43.296013],[1.234534,43.295936],[1.234523,43.295582],[1.234536,43.295487],[1.23454,43.295419],[1.234501,43.295312],[1.234473,43.295219],[1.234394,43.295111],[1.234361,43.29509],[1.234358,43.295133],[1.234378,43.295204],[1.234402,43.295348],[1.234372,43.295546],[1.234348,43.29562],[1.234329,43.295727],[1.23425,43.295923],[1.234241,43.296027],[1.234258,43.296111],[1.234253,43.296204],[1.234276,43.296267],[1.234314,43.296308],[1.234408,43.296341],[1.23451,43.296358],[1.234578,43.296361],[1.23479,43.296363],[1.23489,43.296351],[1.234979,43.296358],[1.235044,43.296386],[1.235101,43.296444],[1.235187,43.296522],[1.235288,43.296639],[1.23536,43.296715],[1.23542,43.296791],[1.23549,43.296869],[1.235793,43.297108],[1.235808,43.297191],[1.235822,43.297315],[1.23584,43.297579],[1.235853,43.297661],[1.235852,43.297746],[1.235833,43.297834],[1.235835,43.297903],[1.235822,43.297984],[1.236066,43.297781]]],"type":"Polygon"},"properties":{"zoneCode":"Rg","zoneLabel":"Rouge mouvement de terrain (glissement)","zoneColor":"#E2001A","codeZone":"20150002_18","typeReg":"03","libelleZone":"Zone Rouge"}},{"type":"Feature","geometry":{"coordinates":[[[1.256438,43.284591],[1.256429,43.284419],[1.256431,43.284287],[1.256212,43.284161],[1.256084,43.284094],[1.255577,43.28403],[1.255384,43.283954],[1.255022,43.283845],[1.254852,43.283824],[1.254568,43.283812],[1.254319,43.283819],[1.254112,43.283807],[1.253967,43.283751],[1.253918,43.283653],[1.253855,43.283567],[1.253743,43.283453],[1.253689,43.283442],[1.253611,43.28348],[1.253568,43.283563],[1.253568,43.28364],[1.253578,43.283764],[1.253603,43.283879],[1.25368,43.283974],[1.253782,43.28406],[1.253885,43.284128],[1.254193,43.284274],[1.254426,43.284342],[1.254659,43.284429],[1.255048,43.284557],[1.255423,43.284599],[1.2558,43.28465],[1.256073,43.284682],[1.256412,43.284656],[1.256438,43.284591]]],"type":"Polygon"},"properties":{"zoneCode":"Rg","zoneLabel":"Rouge mouvement de terrain (glissement)","zoneColor":"#E2001A","codeZone":"20150002_17","typeReg":"03","libelleZone":"Zone Rouge"}},{"type":"Feature","geometry":{"coordinates":[[[1.25268,43.285202],[1.252606,43.28517],[1.252489,43.285141],[1.252341,43.285123],[1.252127,43.285127],[1.251937,43.285135],[1.251697,43.285171],[1.251523,43.285184],[1.251054,43.285245],[1.250859,43.285296],[1.250638,43.285385],[1.250422,43.285448],[1.250215,43.285538],[1.249939,43.285681],[1.249821,43.285739],[1.249736,43.285829],[1.249631,43.285904],[1.249667,43.28598],[1.249777,43.28603],[1.249925,43.286042],[1.250029,43.286026],[1.250229,43.286023],[1.250411,43.286052],[1.250522,43.286059],[1.250892,43.286051],[1.251076,43.286043],[1.251466,43.286037],[1.251638,43.286014],[1.251943,43.285954],[1.252186,43.285914],[1.252349,43.285878],[1.252371,43.28584],[1.252204,43.285774],[1.251983,43.285724],[1.251746,43.285699],[1.251541,43.285664],[1.251358,43.285604],[1.251291,43.285538],[1.251285,43.285473],[1.251406,43.2854],[1.251546,43.285336],[1.251741,43.285291],[1.251969,43.28528],[1.252094,43.285289],[1.25236,43.285291],[1.252536,43.285281],[1.252655,43.285261],[1.25268,43.285202]]],"type":"Polygon"},"properties":{"zoneCode":"Rg","zoneLabel":"Rouge mouvement de terrain (glissement)","zoneColor":"#E2001A","codeZone":"20150002_20","typeReg":"03","libelleZone":"Zone Rouge"}},{"type":"Feature","geometry":{"coordinates":[[[1.253136,43.28382],[1.253141,43.283585],[1.253055,43.283143],[1.252953,43.28299],[1.252879,43.282859],[1.252866,43.282658],[1.252799,43.282555],[1.252698,43.282477],[1.252604,43.282483],[1.252526,43.282558],[1.252516,43.282653],[1.252529,43.282945],[1.252572,43.283084],[1.252627,43.283236],[1.252615,43.283381],[1.252641,43.283484],[1.252648,43.283645],[1.252618,43.283781],[1.25251,43.283925],[1.252425,43.283979],[1.252273,43.284033],[1.252093,43.284038],[1.25194,43.284015],[1.251809,43.283944],[1.251707,43.283923],[1.251489,43.283921],[1.251281,43.283954],[1.250996,43.283951],[1.250711,43.283934],[1.250449,43.283931],[1.250239,43.283936],[1.250098,43.28399],[1.250069,43.284088],[1.250113,43.284161],[1.250216,43.284238],[1.250411,43.284283],[1.250584,43.284313],[1.250914,43.284336],[1.251103,43.284338],[1.251282,43.284328],[1.251625,43.284268],[1.251893,43.284188],[1.25203,43.284189],[1.252125,43.284218],[1.252227,43.284259],[1.252389,43.284276],[1.252569,43.284291],[1.252759,43.284231],[1.252872,43.284184],[1.252989,43.284117],[1.253085,43.283985],[1.253136,43.28382]]],"type":"Polygon"},"properties":{"zoneCode":"Rg","zoneLabel":"Rouge mouvement de terrain (glissement)","zoneColor":"#E2001A","codeZone":"20150002_19","typeReg":"03","libelleZone":"Zone Rouge"}},{"type":"Feature","geometry":{"coordinates":[[[1.212121,43.275618],[1.212009,43.27557],[1.211571,43.275424],[1.211226,43.275322],[1.211016,43.275284],[1.210838,43.275211],[1.21063,43.27509],[1.210606,43.275072],[1.210486,43.275091],[1.210513,43.275218],[1.21052,43.275235],[1.210585,43.275322],[1.210645,43.275359],[1.210741,43.275386],[1.210759,43.275421],[1.210805,43.275479],[1.210825,43.275496],[1.210872,43.27552],[1.2109,43.275528],[1.211003,43.27554],[1.211118,43.275527],[1.211183,43.275502],[1.211239,43.275497],[1.211282,43.275513],[1.211304,43.275517],[1.211344,43.27553],[1.21153,43.275655],[1.211573,43.275678],[1.211625,43.275691],[1.211733,43.275705],[1.21189,43.275712],[1.211966,43.275707],[1.211993,43.275703],[1.212017,43.275695],[1.212061,43.275672],[1.212121,43.275618]]],"type":"Polygon"},"properties":{"zoneCode":"Re","zoneLabel":"Rouge mouvement de terrain (recul de berge)","zoneColor":"#D62839","codeZone":"20150002_14","typeReg":"03","libelleZone":"Zone Rouge"}},{"type":"Feature","geometry":{"coordinates":[[[1.229266,43.285324],[1.229126,43.285297],[1.228973,43.285272],[1.228789,43.285254],[1.228785,43.285298],[1.228499,43.285318],[1.228279,43.285338],[1.228151,43.285363],[1.228006,43.285406],[1.227969,43.285419],[1.227836,43.28548],[1.227819,43.28549],[1.227811,43.28552],[1.227819,43.285582],[1.228,43.285592],[1.228062,43.285613],[1.228454,43.285634],[1.22854,43.285658],[1.22875,43.285647],[1.228907,43.285552],[1.228988,43.285538],[1.229127,43.285428],[1.229174,43.285412],[1.229266,43.285324]]],"type":"Polygon"},"properties":{"zoneCode":"Re","zoneLabel":"Rouge mouvement de terrain (recul de berge)","zoneColor":"#D62839","codeZone":"20150002_13","typeReg":"03","libelleZone":"Zone Rouge"}},{"type":"Feature","geometry":{"coordinates":[[[1.246721,43.279373],[1.246584,43.279265],[1.246369,43.279231],[1.246036,43.279155],[1.245784,43.279076],[1.245578,43.278984],[1.245382,43.278881],[1.245307,43.278798],[1.245283,43.278679],[1.245389,43.278575],[1.245642,43.278506],[1.245953,43.278434],[1.24611,43.278361],[1.246232,43.278254],[1.246328,43.27818],[1.246224,43.278134],[1.246039,43.278063],[1.245848,43.278031],[1.24565,43.278053],[1.245423,43.278126],[1.245318,43.278271],[1.245178,43.278369],[1.245175,43.278496],[1.245121,43.278621],[1.244947,43.278695],[1.244688,43.278655],[1.244537,43.278583],[1.244415,43.278493],[1.244253,43.278461],[1.244131,43.27851],[1.24412,43.278593],[1.244222,43.278776],[1.244313,43.278908],[1.244368,43.279123],[1.244463,43.27922],[1.244887,43.279167],[1.245064,43.279212],[1.245406,43.279493],[1.24563,43.27959],[1.246181,43.279602],[1.246606,43.279523],[1.246721,43.279373]]],"type":"Polygon"},"properties":{"zoneCode":"Rg","zoneLabel":"Rouge mouvement de terrain (glissement)","zoneColor":"#E2001A","codeZone":"20150002_16","typeReg":"03","libelleZone":"Zone Rouge"}},{"type":"Feature","geometry":{"coordinates":[[[1.229014,43.279066],[1.228961,43.27897],[1.228879,43.278908],[1.228752,43.278908],[1.228508,43.278929],[1.228308,43.278941],[1.228137,43.278978],[1.227858,43.279054],[1.227572,43.279158],[1.227274,43.279294],[1.227125,43.279424],[1.22697,43.279593],[1.226883,43.279784],[1.226817,43.279987],[1.226618,43.280415],[1.226795,43.280502],[1.227168,43.280382],[1.227445,43.280277],[1.227756,43.280164],[1.228118,43.279976],[1.228567,43.279718],[1.228785,43.279519],[1.228979,43.279242],[1.229014,43.279066]]],"type":"Polygon"},"properties":{"zoneCode":"Rg","zoneLabel":"Rouge mouvement de terrain (glissement)","zoneColor":"#E2001A","codeZone":"20150002_15","typeReg":"03","libelleZone":"Zone Rouge"}},{"type":"Feature","geometry":{"coordinates":[[[1.222452,43.28967],[1.222394,43.289665],[1.222241,43.289669],[1.221936,43.289653],[1.221672,43.289646],[1.221495,43.289631],[1.221431,43.289609],[1.221352,43.289591],[1.22131,43.289589],[1.221233,43.289592],[1.221096,43.28956],[1.220784,43.28947],[1.220488,43.289409],[1.220313,43.289337],[1.220274,43.289324],[1.220081,43.289279],[1.219985,43.289273],[1.219888,43.289253],[1.219841,43.289246],[1.219796,43.289244],[1.219683,43.289247],[1.219631,43.289257],[1.219536,43.289282],[1.219501,43.289285],[1.219637,43.289359],[1.219759,43.289487],[1.220221,43.289611],[1.220314,43.289651],[1.22118,43.289848],[1.221329,43.28984],[1.221507,43.289893],[1.222091,43.289923],[1.222369,43.289871],[1.222433,43.289704],[1.222452,43.28967]]],"type":"Polygon"},"properties":{"zoneCode":"Re","zoneLabel":"Rouge mouvement de terrain (recul de berge)","zoneColor":"#D62839","codeZone":"20150002_10","typeReg":"03","libelleZone":"Zone Rouge"}},{"type":"Feature","geometry":{"coordinates":[[[1.222939,43.286832],[1.222968,43.286768],[1.222962,43.286696],[1.222927,43.286578],[1.222848,43.286559],[1.222791,43.286477],[1.222507,43.286212],[1.22241,43.285896],[1.222131,43.285208],[1.222035,43.285111],[1.221988,43.285053],[1.221942,43.284921],[1.221926,43.284825],[1.221833,43.28468],[1.221802,43.284564],[1.221787,43.284444],[1.221774,43.284371],[1.221726,43.284218],[1.22163,43.284337],[1.221509,43.28458],[1.221498,43.284624],[1.221501,43.284715],[1.221512,43.284747],[1.22171,43.2851],[1.221696,43.285128],[1.221692,43.285166],[1.221723,43.285288],[1.221733,43.285305],[1.22176,43.285335],[1.221866,43.285421],[1.221908,43.285744],[1.221914,43.28576],[1.221937,43.285793],[1.221959,43.285981],[1.221944,43.28607],[1.221943,43.286108],[1.221949,43.286147],[1.221966,43.286184],[1.222035,43.2863],[1.222056,43.286324],[1.222289,43.286496],[1.222345,43.286527],[1.22237,43.286559],[1.222533,43.286719],[1.222818,43.286623],[1.222813,43.286618],[1.222897,43.286583],[1.222884,43.286589],[1.222867,43.286606],[1.22284,43.286643],[1.222832,43.286687],[1.222834,43.286708],[1.222854,43.286748],[1.222939,43.286832]]],"type":"Polygon"},"properties":{"zoneCode":"Re","zoneLabel":"Rouge mouvement de terrain (recul de berge)","zoneColor":"#D62839","codeZone":"20150002_9","typeReg":"03","libelleZone":"Zone Rouge"}},{"type":"Feature","geometry":{"coordinates":[[[1.220202,43.282634],[1.22018,43.282633],[1.219905,43.282581],[1.219416,43.282576],[1.219043,43.282524],[1.218798,43.282499],[1.218622,43.282449],[1.218459,43.282388],[1.218106,43.282159],[1.21801,43.282086],[1.217984,43.282072],[1.217967,43.282095],[1.217928,43.282245],[1.217925,43.282265],[1.217927,43.282285],[1.217932,43.282305],[1.218007,43.282427],[1.218021,43.282446],[1.218042,43.282464],[1.218093,43.282491],[1.218122,43.282499],[1.218269,43.282531],[1.218394,43.28255],[1.218484,43.282595],[1.21851,43.282602],[1.218659,43.282621],[1.2187,43.282648],[1.218745,43.282665],[1.2188,43.282672],[1.218921,43.282676],[1.219058,43.282672],[1.219559,43.282734],[1.219801,43.282747],[1.219833,43.282747],[1.219969,43.282736],[1.219989,43.282731],[1.220152,43.282672],[1.220188,43.282648],[1.220202,43.282634]]],"type":"Polygon"},"properties":{"zoneCode":"Re","zoneLabel":"Rouge mouvement de terrain (recul de berge)","zoneColor":"#D62839","codeZone":"20150002_12","typeReg":"03","libelleZone":"Zone Rouge"}},{"type":"Feature","geometry":{"coordinates":[[[1.232586,43.293134],[1.232578,43.293023],[1.232573,43.292998],[1.232563,43.292973],[1.232544,43.292947],[1.23247,43.293007],[1.232427,43.293079],[1.232249,43.293102],[1.232183,43.293182],[1.23197,43.293304],[1.231825,43.293415],[1.231623,43.293488],[1.231389,43.293655],[1.231325,43.293734],[1.231072,43.293883],[1.230924,43.293916],[1.23042,43.294218],[1.230412,43.294231],[1.23047,43.294233],[1.230445,43.294253],[1.230423,43.294284],[1.230421,43.29432],[1.230386,43.294352],[1.230412,43.294364],[1.230486,43.294368],[1.230604,43.294356],[1.230655,43.29434],[1.230708,43.294311],[1.230795,43.294253],[1.230866,43.294195],[1.230889,43.29417],[1.230939,43.294143],[1.231008,43.294095],[1.23107,43.294084],[1.231098,43.294075],[1.231123,43.294062],[1.231175,43.294029],[1.231216,43.293989],[1.231269,43.293966],[1.231316,43.293938],[1.231368,43.293923],[1.231469,43.293872],[1.231502,43.29385],[1.231565,43.293793],[1.231632,43.293748],[1.231665,43.293749],[1.23169,43.29377],[1.231723,43.293778],[1.231758,43.293782],[1.231792,43.29378],[1.231916,43.293733],[1.231956,43.293714],[1.232226,43.293574],[1.232182,43.293576],[1.232122,43.293572],[1.232273,43.293492],[1.232305,43.293479],[1.232335,43.293462],[1.232442,43.293369],[1.232527,43.293275],[1.232573,43.29318],[1.232586,43.293134]]],"type":"Polygon"},"properties":{"zoneCode":"Re","zoneLabel":"Rouge mouvement de terrain (recul de berge)","zoneColor":"#D62839","codeZone":"20150002_11","typeReg":"03","libelleZone":"Zone Rouge"}},{"type":"Feature","geometry":{"coordinates":[[[1.210481,43.27497],[1.210424,43.274995],[1.210384,43.275002],[1.210347,43.275],[1.210238,43.274983],[1.210164,43.274967],[1.210083,43.274954],[1.210036,43.274952],[1.210005,43.274989],[1.210076,43.275019],[1.210177,43.275042],[1.210259,43.275103],[1.210305,43.275099],[1.210375,43.275101],[1.210405,43.275138],[1.210499,43.275145],[1.210477,43.275053],[1.210502,43.275017],[1.210525,43.275005],[1.210481,43.27497]]],"type":"Polygon"},"properties":{"zoneCode":"Rg","zoneLabel":"Rouge mouvement de terrain (glissement)","zoneColor":"#E2001A","codeZone":"20150002_38","typeReg":"03","libelleZone":"Zone Rouge"}},{"type":"Feature","geometry":{"coordinates":[[[1.191149,43.281121],[1.191135,43.281119],[1.190996,43.281139],[1.190783,43.281201],[1.19075,43.281206],[1.190692,43.281207],[1.190576,43.281254],[1.190517,43.28127],[1.190346,43.281285],[1.190283,43.281298],[1.190152,43.28138],[1.189908,43.281459],[1.190264,43.281376],[1.190669,43.281298],[1.190965,43.281197],[1.191149,43.281121]]],"type":"Polygon"},"properties":{"zoneCode":"Rg","zoneLabel":"Rouge mouvement de terrain (glissement)","zoneColor":"#E2001A","codeZone":"20150002_37","typeReg":"03","libelleZone":"Zone Rouge"}},{"type":"Feature","geometry":{"coordinates":[[[1.25887,43.285585],[1.25924,43.285603],[1.259335,43.285611],[1.25957,43.285643],[1.259525,43.285585],[1.259488,43.285572],[1.259202,43.285455],[1.259011,43.285403],[1.258681,43.285354],[1.258578,43.285296],[1.258526,43.285214],[1.258537,43.285123],[1.258616,43.285043],[1.25882,43.284961],[1.2589,43.284912],[1.258891,43.284842],[1.258665,43.284833],[1.258357,43.284834],[1.258015,43.284775],[1.257713,43.284745],[1.257487,43.284731],[1.257235,43.284692],[1.256966,43.284586],[1.256665,43.284411],[1.25652,43.284115],[1.256358,43.283986],[1.256219,43.283961],[1.255836,43.283911],[1.25541,43.283875],[1.255168,43.283797],[1.254809,43.283716],[1.254401,43.283733],[1.254089,43.283659],[1.253927,43.283384],[1.253719,43.283179],[1.253625,43.283058],[1.253131,43.28263],[1.25297,43.282407],[1.252822,43.282247],[1.252598,43.282133],[1.2525,43.281988],[1.252427,43.281869],[1.252418,43.281757],[1.252289,43.281629],[1.25203,43.281515],[1.251942,43.281538],[1.251874,43.281729],[1.251881,43.281872],[1.252064,43.282039],[1.252329,43.282352],[1.252356,43.282631],[1.252408,43.282905],[1.252431,43.283043],[1.252485,43.283169],[1.252516,43.283304],[1.252505,43.283537],[1.252522,43.283652],[1.252412,43.283804],[1.252296,43.283854],[1.252142,43.283795],[1.251783,43.283791],[1.251521,43.28381],[1.251017,43.283805],[1.25062,43.283765],[1.250398,43.283656],[1.250014,43.283625],[1.249636,43.283557],[1.249376,43.283497],[1.249075,43.283439],[1.248894,43.283358],[1.248478,43.283255],[1.248186,43.283253],[1.248021,43.283379],[1.24801,43.283527],[1.248162,43.283656],[1.24839,43.283799],[1.248746,43.283909],[1.248968,43.284059],[1.249343,43.284177],[1.250113,43.284491],[1.250395,43.284499],[1.250696,43.284489],[1.251336,43.284497],[1.251898,43.284473],[1.252295,43.284464],[1.252714,43.284383],[1.252918,43.284328],[1.253113,43.284258],[1.253472,43.284284],[1.254033,43.284445],[1.254357,43.284547],[1.254524,43.28457],[1.254611,43.284628],[1.254531,43.284684],[1.254376,43.284711],[1.25402,43.284675],[1.253567,43.284704],[1.2532,43.284768],[1.25297,43.284964],[1.251775,43.285017],[1.251455,43.285025],[1.251121,43.285066],[1.250665,43.285171],[1.250238,43.285332],[1.249484,43.285682],[1.249332,43.285792],[1.248837,43.286284],[1.248547,43.286468],[1.248009,43.286637],[1.247705,43.286725],[1.247283,43.286761],[1.246771,43.286848],[1.246662,43.286921],[1.246422,43.287029],[1.246106,43.287072],[1.245771,43.287158],[1.245692,43.287237],[1.24579,43.287279],[1.246016,43.287318],[1.24634,43.28733],[1.24669,43.287321],[1.246992,43.287319],[1.24742,43.287347],[1.247949,43.287319],[1.248306,43.287261],[1.24913,43.287002],[1.249408,43.286868],[1.249618,43.286661],[1.249896,43.286485],[1.250173,43.286351],[1.250479,43.286289],[1.250953,43.286251],[1.25218,43.28614],[1.252715,43.286049],[1.253147,43.286041],[1.25348,43.28604],[1.253782,43.286023],[1.254584,43.285913],[1.254822,43.285887],[1.255031,43.285819],[1.2553,43.285811],[1.2555,43.285829],[1.255612,43.285817],[1.256067,43.285853],[1.25626,43.285805],[1.256394,43.285788],[1.256727,43.2858],[1.257069,43.285854],[1.25758,43.285855],[1.257866,43.285784],[1.258185,43.285679],[1.258377,43.285667],[1.258428,43.285654],[1.25889,43.285636],[1.25887,43.285585]],[[1.256412,43.284656],[1.256073,43.284682],[1.2558,43.28465],[1.255423,43.284599],[1.255048,43.284557],[1.254659,43.284429],[1.254426,43.284342],[1.254193,43.284274],[1.253885,43.284128],[1.253782,43.28406],[1.25368,43.283974],[1.253603,43.283879],[1.253578,43.283764],[1.253568,43.28364],[1.253568,43.283563],[1.253611,43.28348],[1.253689,43.283442],[1.253743,43.283453],[1.253855,43.283567],[1.253918,43.283653],[1.253967,43.283751],[1.254112,43.283807],[1.254319,43.283819],[1.254568,43.283812],[1.254852,43.283824],[1.255022,43.283845],[1.255384,43.283954],[1.255577,43.28403],[1.256084,43.284094],[1.256212,43.284161],[1.256431,43.284287],[1.256429,43.284419],[1.256438,43.284591],[1.256412,43.284656]],[[1.253085,43.283985],[1.252989,43.284117],[1.252872,43.284184],[1.252759,43.284231],[1.252569,43.284291],[1.252389,43.284276],[1.252227,43.284259],[1.252125,43.284218],[1.25203,43.284189],[1.251893,43.284188],[1.251625,43.284268],[1.251282,43.284328],[1.251103,43.284338],[1.250914,43.284336],[1.250584,43.284313],[1.250411,43.284283],[1.250216,43.284238],[1.250113,43.284161],[1.250069,43.284088],[1.250098,43.28399],[1.250239,43.283936],[1.250449,43.283931],[1.250711,43.283934],[1.250996,43.283951],[1.251281,43.283954],[1.251489,43.283921],[1.251707,43.283923],[1.251809,43.283944],[1.25194,43.284015],[1.252093,43.284038],[1.252273,43.284033],[1.252425,43.283979],[1.25251,43.283925],[1.252618,43.283781],[1.252648,43.283645],[1.252641,43.283484],[1.252615,43.283381],[1.252627,43.283236],[1.252572,43.283084],[1.252529,43.282945],[1.252516,43.282653],[1.252526,43.282558],[1.252604,43.282483],[1.252698,43.282477],[1.252799,43.282555],[1.252866,43.282658],[1.252879,43.282859],[1.252953,43.28299],[1.253055,43.283143],[1.253141,43.283585],[1.253136,43.28382],[1.253085,43.283985]],[[1.252655,43.285261],[1.252536,43.285281],[1.25236,43.285291],[1.252094,43.285289],[1.251969,43.28528],[1.251741,43.285291],[1.251546,43.285336],[1.251406,43.2854],[1.251285,43.285473],[1.251291,43.285538],[1.251358,43.285604],[1.251541,43.285664],[1.251746,43.285699],[1.251983,43.285724],[1.252204,43.285774],[1.252371,43.28584],[1.252349,43.285878],[1.252186,43.285914],[1.251943,43.285954],[1.251638,43.286014],[1.251466,43.286037],[1.251076,43.286043],[1.250892,43.286051],[1.250522,43.286059],[1.250411,43.286052],[1.250229,43.286023],[1.250029,43.286026],[1.249925,43.286042],[1.249777,43.28603],[1.249667,43.28598],[1.249631,43.285904],[1.249736,43.285829],[1.249821,43.285739],[1.249939,43.285681],[1.250215,43.285538],[1.250422,43.285448],[1.250638,43.285385],[1.250859,43.285296],[1.251054,43.285245],[1.251523,43.285184],[1.251697,43.285171],[1.251937,43.285135],[1.252127,43.285127],[1.252341,43.285123],[1.252489,43.285141],[1.252606,43.28517],[1.25268,43.285202],[1.252655,43.285261]],[[1.258518,43.285529],[1.258336,43.285569],[1.257896,43.28568],[1.257756,43.285722],[1.257518,43.285681],[1.257215,43.285678],[1.257,43.285687],[1.256838,43.285673],[1.256637,43.285672],[1.256401,43.285605],[1.256174,43.285554],[1.255945,43.285476],[1.25571,43.285409],[1.25545,43.285358],[1.255267,43.285258],[1.255128,43.28516],[1.255242,43.285138],[1.255512,43.285159],[1.255753,43.285095],[1.255893,43.285097],[1.256123,43.285112],[1.256342,43.285172],[1.256772,43.285284],[1.256935,43.285292],[1.257185,43.285321],[1.257455,43.28534],[1.257807,43.285382],[1.258279,43.285446],[1.258502,43.285457],[1.258665,43.285477],[1.258671,43.28551],[1.258518,43.285529]],[[1.248406,43.286871],[1.248374,43.286951],[1.248218,43.28708],[1.248076,43.287131],[1.247914,43.287184],[1.247855,43.287188],[1.247663,43.287217],[1.247494,43.287227],[1.247302,43.287225],[1.247156,43.287197],[1.24701,43.287186],[1.246899,43.287173],[1.246821,43.287156],[1.246849,43.287096],[1.247052,43.287002],[1.247205,43.286925],[1.247373,43.286866],[1.247633,43.286885],[1.24778,43.28685],[1.247913,43.286801],[1.248062,43.286787],[1.248224,43.286784],[1.248319,43.28679],[1.248382,43.286839],[1.248406,43.286871]]],"type":"Polygon"},"properties":{"zoneCode":"RHg","zoneLabel":"Rouge hachuree mouvement de terrain","zoneColor":"#E2001A","codeZone":"20150002_40","typeReg":"03","libelleZone":"Zone Rouge Hachurée"}},{"type":"Feature","geometry":{"coordinates":[[[1.223464,43.28082],[1.223412,43.280901],[1.223399,43.280914],[1.223386,43.28095],[1.223355,43.281008],[1.223288,43.281191],[1.223388,43.280989],[1.223462,43.280874],[1.223464,43.28082]]],"type":"Polygon"},"properties":{"zoneCode":"Rg","zoneLabel":"Rouge mouvement de terrain (glissement)","zoneColor":"#E2001A","codeZone":"20150002_39","typeReg":"03","libelleZone":"Zone Rouge"}},{"type":"Feature","geometry":{"coordinates":[[[1.236302,43.289762],[1.236036,43.289906],[1.235781,43.290435],[1.23588,43.29039],[1.236011,43.290141],[1.236203,43.289979],[1.236302,43.289762]]],"type":"Polygon"},"properties":{"zoneCode":"Rg","zoneLabel":"Rouge mouvement de terrain (glissement)","zoneColor":"#E2001A","codeZone":"20150002_34","typeReg":"03","libelleZone":"Zone Rouge"}},{"type":"Feature","geometry":{"coordinates":[[[1.23047,43.294233],[1.230412,43.294231],[1.230365,43.294321],[1.230047,43.294568],[1.229718,43.29469],[1.229529,43.294774],[1.229456,43.294784],[1.229446,43.294793],[1.229516,43.294829],[1.229659,43.294765],[1.229795,43.294749],[1.230198,43.294598],[1.230221,43.294513],[1.230421,43.29432],[1.230423,43.294284],[1.230445,43.294253],[1.23047,43.294233]]],"type":"Polygon"},"properties":{"zoneCode":"Rg","zoneLabel":"Rouge mouvement de terrain (glissement)","zoneColor":"#E2001A","codeZone":"20150002_33","typeReg":"03","libelleZone":"Zone Rouge"}},{"type":"Feature","geometry":{"coordinates":[[[1.271029,43.271052],[1.271012,43.27101],[1.270909,43.271041],[1.270788,43.271154],[1.270667,43.271218],[1.270581,43.27129],[1.27055,43.271359],[1.270572,43.271376],[1.270674,43.271364],[1.270745,43.271339],[1.270838,43.271295],[1.270885,43.271237],[1.270896,43.271192],[1.271029,43.271052]]],"type":"Polygon"},"properties":{"zoneCode":"Rg","zoneLabel":"Rouge mouvement de terrain (glissement)","zoneColor":"#E2001A","codeZone":"20150002_36","typeReg":"03","libelleZone":"Zone Rouge"}},{"type":"Feature","geometry":{"coordinates":[[[1.222818,43.286623],[1.222533,43.286719],[1.222391,43.286802],[1.222231,43.286921],[1.221983,43.287028],[1.222046,43.287107],[1.22237,43.286929],[1.22277,43.286687],[1.222818,43.286623]]],"type":"Polygon"},"properties":{"zoneCode":"Rg","zoneLabel":"Rouge mouvement de terrain (glissement)","zoneColor":"#E2001A","codeZone":"20150002_35","typeReg":"03","libelleZone":"Zone Rouge"}},{"type":"Feature","geometry":{"coordinates":[[[1.240128,43.280646],[1.239972,43.280504],[1.239874,43.280516],[1.23969,43.280712],[1.239574,43.280825],[1.239522,43.28093],[1.239403,43.281018],[1.239251,43.281098],[1.239154,43.281176],[1.239188,43.281227],[1.239263,43.281223],[1.239461,43.281125],[1.239706,43.28102],[1.239944,43.280926],[1.240053,43.280793],[1.240128,43.280646]]],"type":"Polygon"},"properties":{"zoneCode":"Rg","zoneLabel":"Rouge mouvement de terrain (glissement)","zoneColor":"#E2001A","codeZone":"20150002_30","typeReg":"03","libelleZone":"Zone Rouge"}},{"type":"Feature","geometry":{"coordinates":[[[1.26678,43.275038],[1.266693,43.274961],[1.26661,43.274976],[1.266501,43.27504],[1.266418,43.275118],[1.266355,43.275201],[1.266291,43.275322],[1.266227,43.27547],[1.266178,43.275619],[1.266256,43.275754],[1.26633,43.275805],[1.266467,43.275796],[1.266536,43.275732],[1.266613,43.275579],[1.266692,43.275366],[1.266765,43.275188],[1.26678,43.275038]]],"type":"Polygon"},"properties":{"zoneCode":"Rg","zoneLabel":"Rouge mouvement de terrain (glissement)","zoneColor":"#E2001A","codeZone":"20150002_29","typeReg":"03","libelleZone":"Zone Rouge"}},{"type":"Feature","geometry":{"coordinates":[[[1.244474,43.28216],[1.244388,43.282145],[1.244283,43.282137],[1.244099,43.282142],[1.243782,43.282126],[1.243683,43.282153],[1.243693,43.282202],[1.243781,43.282245],[1.243942,43.282274],[1.244058,43.282283],[1.244445,43.282195],[1.244474,43.28216]]],"type":"Polygon"},"properties":{"zoneCode":"Rg","zoneLabel":"Rouge mouvement de terrain (glissement)","zoneColor":"#E2001A","codeZone":"20150002_32","typeReg":"03","libelleZone":"Zone Rouge"}},{"type":"Feature","geometry":{"coordinates":[[[1.257729,43.278242],[1.257628,43.278159],[1.257494,43.278105],[1.257277,43.278003],[1.257156,43.277982],[1.257042,43.278033],[1.257032,43.27809],[1.257074,43.278158],[1.257242,43.278264],[1.257336,43.2783],[1.257432,43.278317],[1.25751,43.278311],[1.257707,43.278284],[1.257729,43.278242]]],"type":"Polygon"},"properties":{"zoneCode":"Rg","zoneLabel":"Rouge mouvement de terrain (glissement)","zoneColor":"#E2001A","codeZone":"20150002_31","typeReg":"03","libelleZone":"Zone Rouge"}},{"type":"Feature","geometry":{"coordinates":[[[1.23913,43.294208],[1.239069,43.294169],[1.23885,43.294173],[1.238671,43.294228],[1.238389,43.294257],[1.23824,43.294288],[1.238079,43.294357],[1.238001,43.294434],[1.237981,43.29451],[1.238022,43.294605],[1.238119,43.294659],[1.238268,43.29468],[1.238682,43.29462],[1.238957,43.294488],[1.239117,43.29433],[1.23913,43.294208]]],"type":"Polygon"},"properties":{"zoneCode":"Rg","zoneLabel":"Rouge mouvement de terrain (glissement)","zoneColor":"#E2001A","codeZone":"20150002_26","typeReg":"03","libelleZone":"Zone Rouge"}},{"type":"Feature","geometry":{"coordinates":[[[1.248406,43.286871],[1.248382,43.286839],[1.248319,43.28679],[1.248224,43.286784],[1.248062,43.286787],[1.247913,43.286801],[1.24778,43.28685],[1.247633,43.286885],[1.247373,43.286866],[1.247205,43.286925],[1.247052,43.287002],[1.246849,43.287096],[1.246821,43.287156],[1.246899,43.287173],[1.24701,43.287186],[1.247156,43.287197],[1.247302,43.287225],[1.247494,43.287227],[1.247663,43.287217],[1.247855,43.287188],[1.247914,43.287184],[1.248076,43.287131],[1.248218,43.28708],[1.248374,43.286951],[1.248406,43.286871]]],"type":"Polygon"},"properties":{"zoneCode":"Rg","zoneLabel":"Rouge mouvement de terrain (glissement)","zoneColor":"#E2001A","codeZone":"20150002_25","typeReg":"03","libelleZone":"Zone Rouge"}},{"type":"Feature","geometry":{"coordinates":[[[1.213289,43.27637],[1.21331,43.276331],[1.212848,43.275995],[1.21233,43.275708],[1.212164,43.275636],[1.212079,43.275657],[1.212061,43.275672],[1.212017,43.275695],[1.211966,43.275707],[1.21189,43.275712],[1.211733,43.275705],[1.211625,43.275691],[1.211573,43.275678],[1.211551,43.275668],[1.211344,43.27553],[1.211304,43.275517],[1.2114,43.275628],[1.211486,43.275684],[1.211529,43.275723],[1.211628,43.275779],[1.211729,43.275819],[1.211915,43.275862],[1.211996,43.275858],[1.212064,43.275831],[1.212185,43.275798],[1.212279,43.27579],[1.212325,43.275825],[1.212428,43.275937],[1.212833,43.276233],[1.212998,43.276349],[1.213122,43.276443],[1.213205,43.276538],[1.213241,43.276443],[1.213289,43.27637]]],"type":"Polygon"},"properties":{"zoneCode":"Rg","zoneLabel":"Rouge mouvement de terrain (glissement)","zoneColor":"#E2001A","codeZone":"20150002_28","typeReg":"03","libelleZone":"Zone Rouge"}},{"type":"Feature","geometry":{"coordinates":[[[1.215569,43.289043],[1.215467,43.288993],[1.215275,43.288958],[1.215111,43.288945],[1.214921,43.288975],[1.214581,43.289006],[1.214441,43.288962],[1.214385,43.28896],[1.214328,43.288963],[1.214218,43.289024],[1.214103,43.289044],[1.213996,43.289031],[1.213814,43.288887],[1.213779,43.28885],[1.213758,43.288868],[1.213751,43.288867],[1.213705,43.288905],[1.21369,43.288978],[1.21367,43.289037],[1.2136,43.289048],[1.213427,43.289148],[1.213281,43.289199],[1.213156,43.289172],[1.21308,43.28916],[1.212968,43.289178],[1.212771,43.289169],[1.2126,43.289157],[1.212469,43.28919],[1.212214,43.289163],[1.212076,43.289108],[1.211933,43.289014],[1.211859,43.288882],[1.211725,43.288746],[1.211722,43.288651],[1.211709,43.288628],[1.211609,43.288626],[1.211693,43.288803],[1.21181,43.288981],[1.212051,43.289173],[1.212357,43.28922],[1.212936,43.289233],[1.213317,43.289228],[1.21359,43.289169],[1.213801,43.289144],[1.213864,43.289091],[1.213937,43.289116],[1.214183,43.289135],[1.214381,43.289079],[1.21485,43.289075],[1.215245,43.289042],[1.215569,43.289043]]],"type":"Polygon"},"properties":{"zoneCode":"Rg","zoneLabel":"Rouge mouvement de terrain (glissement)","zoneColor":"#E2001A","codeZone":"20150002_27","typeReg":"03","libelleZone":"Zone Rouge"}},{"type":"Feature","geometry":{"coordinates":[[[1.273325,43.273363],[1.273239,43.27328],[1.273067,43.273246],[1.272712,43.273256],[1.272455,43.273298],[1.272174,43.273389],[1.271774,43.273506],[1.271617,43.273505],[1.271408,43.273534],[1.271145,43.273615],[1.27089,43.273771],[1.270714,43.273902],[1.270512,43.274029],[1.270027,43.274308],[1.269896,43.274396],[1.269727,43.27452],[1.269776,43.274656],[1.26997,43.274658],[1.270161,43.274589],[1.270321,43.274528],[1.2706,43.27439],[1.270688,43.274353],[1.270961,43.274203],[1.271372,43.27405],[1.271611,43.273937],[1.271952,43.273807],[1.272396,43.273773],[1.272613,43.273745],[1.272884,43.273651],[1.273085,43.273576],[1.273246,43.273476],[1.273325,43.273363]]],"type":"Polygon"},"properties":{"zoneCode":"RHg","zoneLabel":"Rouge hachuree mouvement de terrain","zoneColor":"#E2001A","codeZone":"20150002_54","typeReg":"03","libelleZone":"Zone Rouge Hachurée"}},{"type":"Feature","geometry":{"coordinates":[[[1.234167,43.284066],[1.234162,43.284022],[1.234115,43.284013],[1.234026,43.284042],[1.233865,43.284118],[1.233717,43.284211],[1.233506,43.284309],[1.233292,43.284405],[1.233195,43.284443],[1.233086,43.284465],[1.232987,43.284472],[1.232913,43.284451],[1.23288,43.284396],[1.232895,43.284326],[1.232969,43.28427],[1.23303,43.284236],[1.233215,43.284155],[1.23328,43.284131],[1.233344,43.284112],[1.233438,43.284054],[1.233541,43.283983],[1.233584,43.283958],[1.233641,43.283908],[1.233683,43.283866],[1.233687,43.283822],[1.233649,43.283791],[1.233584,43.283783],[1.233525,43.283791],[1.233441,43.283825],[1.233395,43.28384],[1.233312,43.283843],[1.233228,43.283816],[1.233154,43.28376],[1.233049,43.283729],[1.232795,43.283699],[1.232686,43.283696],[1.23257,43.283712],[1.23246,43.283704],[1.232278,43.283722],[1.232203,43.2837],[1.232129,43.283657],[1.232083,43.283608],[1.232075,43.283539],[1.231951,43.283559],[1.231868,43.28359],[1.23177,43.283653],[1.231722,43.283715],[1.231696,43.283789],[1.231707,43.283842],[1.231778,43.283865],[1.231997,43.283883],[1.232134,43.28392],[1.232361,43.283959],[1.232445,43.283988],[1.232559,43.284058],[1.232581,43.284108],[1.23256,43.28413],[1.232505,43.284129],[1.232343,43.284095],[1.232254,43.284125],[1.232197,43.284193],[1.232187,43.284302],[1.232148,43.284336],[1.232062,43.28436],[1.231872,43.284354],[1.231732,43.284343],[1.231568,43.284342],[1.231488,43.28435],[1.231347,43.284354],[1.23127,43.284366],[1.231158,43.2844],[1.231125,43.284478],[1.231123,43.284539],[1.231132,43.284586],[1.231149,43.284615],[1.23119,43.284633],[1.231189,43.284631],[1.231336,43.284633],[1.231482,43.284632],[1.231653,43.28462],[1.231848,43.284603],[1.232065,43.284589],[1.232183,43.284605],[1.232284,43.284611],[1.232717,43.284617],[1.233036,43.284657],[1.233173,43.284652],[1.233257,43.284641],[1.23334,43.284615],[1.233405,43.284583],[1.233511,43.284519],[1.233539,43.284466],[1.233574,43.284413],[1.233725,43.284332],[1.233786,43.284288],[1.233884,43.284245],[1.233969,43.2842],[1.234046,43.284154],[1.234104,43.284125],[1.234154,43.28409],[1.234167,43.284066]]],"type":"Polygon"},"properties":{"zoneCode":"RHg","zoneLabel":"Rouge hachuree mouvement de terrain","zoneColor":"#E2001A","codeZone":"20150002_53","typeReg":"03","libelleZone":"Zone Rouge Hachurée"}},{"type":"Feature","geometry":{"coordinates":[[[1.238315,43.285561],[1.238317,43.285449],[1.238309,43.285362],[1.238229,43.28528],[1.23814,43.285228],[1.237998,43.285196],[1.237857,43.285202],[1.237756,43.285245],[1.237641,43.285347],[1.237469,43.28547],[1.237251,43.28572],[1.237175,43.285925],[1.237144,43.286124],[1.237222,43.28622],[1.237393,43.286251],[1.237575,43.286246],[1.237778,43.286197],[1.23794,43.28611],[1.238074,43.286045],[1.238179,43.285965],[1.23826,43.285819],[1.238282,43.285686],[1.238315,43.285561]]],"type":"Polygon"},"properties":{"zoneCode":"RHg","zoneLabel":"Rouge hachuree mouvement de terrain","zoneColor":"#E2001A","codeZone":"20150002_56","typeReg":"03","libelleZone":"Zone Rouge Hachurée"}},{"type":"Feature","geometry":{"coordinates":[[[1.24045,43.280488],[1.240389,43.280443],[1.240206,43.2804],[1.240088,43.2804],[1.240007,43.280402],[1.239929,43.280417],[1.239827,43.280451],[1.239682,43.280518],[1.239619,43.280569],[1.239438,43.280658],[1.23936,43.280702],[1.239305,43.280752],[1.239238,43.280837],[1.239068,43.28099],[1.238962,43.281095],[1.238878,43.281185],[1.238721,43.281217],[1.238479,43.281226],[1.238396,43.28129],[1.238318,43.281359],[1.238174,43.281417],[1.238049,43.281491],[1.237943,43.281596],[1.237885,43.281685],[1.237927,43.281725],[1.238086,43.281712],[1.23823,43.281709],[1.238293,43.281664],[1.23846,43.281575],[1.238508,43.281542],[1.238618,43.281547],[1.238755,43.281563],[1.238913,43.28152],[1.239086,43.281414],[1.239232,43.281364],[1.23934,43.281339],[1.239417,43.28137],[1.239541,43.281401],[1.239646,43.281383],[1.239848,43.281242],[1.240039,43.28121],[1.240185,43.281072],[1.240229,43.280933],[1.240271,43.280777],[1.240366,43.280637],[1.240442,43.280568],[1.24045,43.280488]],[[1.240128,43.280646],[1.240053,43.280793],[1.239944,43.280926],[1.239706,43.28102],[1.239461,43.281125],[1.239263,43.281223],[1.239188,43.281227],[1.239154,43.281176],[1.239251,43.281098],[1.239403,43.281018],[1.239522,43.28093],[1.239574,43.280825],[1.23969,43.280712],[1.239874,43.280516],[1.239972,43.280504],[1.240128,43.280646]]],"type":"Polygon"},"properties":{"zoneCode":"RHg","zoneLabel":"Rouge hachuree mouvement de terrain","zoneColor":"#E2001A","codeZone":"20150002_55","typeReg":"03","libelleZone":"Zone Rouge Hachurée"}},{"type":"Feature","geometry":{"coordinates":[[[1.230422,43.282705],[1.230157,43.28268],[1.229839,43.282676],[1.229743,43.282763],[1.229658,43.282876],[1.229573,43.282962],[1.229547,43.283038],[1.229514,43.283116],[1.229502,43.283175],[1.229459,43.28325],[1.229395,43.283334],[1.229319,43.283379],[1.22922,43.283418],[1.228991,43.283528],[1.228876,43.283593],[1.228683,43.283766],[1.228621,43.283811],[1.228539,43.283904],[1.228431,43.283986],[1.228337,43.284045],[1.228254,43.284113],[1.228136,43.284175],[1.22782,43.284253],[1.227762,43.284247],[1.22773,43.284232],[1.227685,43.284192],[1.227663,43.284188],[1.227587,43.284197],[1.227502,43.284238],[1.227361,43.28433],[1.227298,43.284364],[1.227214,43.284393],[1.227124,43.284406],[1.227058,43.284406],[1.226992,43.284381],[1.226843,43.284317],[1.226728,43.284279],[1.226607,43.284248],[1.226554,43.28425],[1.226467,43.284269],[1.226422,43.284285],[1.226413,43.284295],[1.226402,43.284333],[1.226374,43.284356],[1.226356,43.284456],[1.226482,43.284466],[1.226506,43.284444],[1.22659,43.284409],[1.226719,43.284436],[1.22689,43.284424],[1.227085,43.284498],[1.227232,43.284567],[1.227391,43.284714],[1.22776,43.285084],[1.227949,43.285193],[1.228066,43.285245],[1.228227,43.285239],[1.228374,43.285119],[1.228387,43.284989],[1.2283,43.284822],[1.228283,43.284667],[1.228387,43.284514],[1.228645,43.28434],[1.228989,43.283797],[1.229494,43.28349],[1.229863,43.283092],[1.230422,43.282705]]],"type":"Polygon"},"properties":{"zoneCode":"RHg","zoneLabel":"Rouge hachuree mouvement de terrain","zoneColor":"#E2001A","codeZone":"20150002_50","typeReg":"03","libelleZone":"Zone Rouge Hachurée"}},{"type":"Feature","geometry":{"coordinates":[[[1.236851,43.287737],[1.236836,43.287686],[1.236736,43.287634],[1.236605,43.287663],[1.236528,43.287714],[1.23645,43.287753],[1.236336,43.287747],[1.236299,43.287705],[1.236309,43.287612],[1.236455,43.287414],[1.23654,43.287331],[1.236634,43.287231],[1.236701,43.28705],[1.236694,43.287041],[1.236298,43.287289],[1.236117,43.287383],[1.235966,43.287444],[1.235868,43.287492],[1.235836,43.287534],[1.235836,43.287591],[1.235855,43.287646],[1.235845,43.287694],[1.235782,43.287751],[1.235602,43.28787],[1.235487,43.287952],[1.235395,43.288063],[1.235249,43.288263],[1.235189,43.288314],[1.235058,43.2884],[1.234934,43.288462],[1.234767,43.288525],[1.234684,43.288565],[1.234521,43.288628],[1.234447,43.288821],[1.234364,43.28906],[1.234331,43.289178],[1.234339,43.289244],[1.234316,43.289302],[1.234305,43.2894],[1.234178,43.289489],[1.234367,43.28947],[1.23464,43.289497],[1.234648,43.289508],[1.234699,43.28952],[1.234744,43.28952],[1.234792,43.289491],[1.234831,43.289459],[1.234877,43.289373],[1.234902,43.289289],[1.234948,43.289217],[1.235028,43.289131],[1.235119,43.28905],[1.235237,43.288985],[1.235362,43.288907],[1.235492,43.288783],[1.235563,43.288693],[1.235699,43.288502],[1.235777,43.288383],[1.235821,43.288294],[1.236016,43.288063],[1.236105,43.288021],[1.236155,43.288027],[1.236192,43.288057],[1.236187,43.288135],[1.23619,43.288177],[1.236248,43.288131],[1.236495,43.288028],[1.236629,43.287966],[1.236765,43.287814],[1.236851,43.287737]]],"type":"Polygon"},"properties":{"zoneCode":"RHg","zoneLabel":"Rouge hachuree mouvement de terrain","zoneColor":"#E2001A","codeZone":"20150002_49","typeReg":"03","libelleZone":"Zone Rouge Hachurée"}},{"type":"Feature","geometry":{"coordinates":[[[1.264265,43.275088],[1.264164,43.274875],[1.263905,43.274431],[1.263701,43.274148],[1.263586,43.274088],[1.263137,43.273879],[1.262975,43.273784],[1.262804,43.273613],[1.262796,43.2734],[1.262592,43.273135],[1.262536,43.272981],[1.262386,43.272861],[1.262062,43.272764],[1.261844,43.272624],[1.261578,43.272496],[1.261393,43.272477],[1.261173,43.2725],[1.261067,43.272515],[1.2609,43.272649],[1.260888,43.272735],[1.261005,43.272763],[1.261211,43.272772],[1.261494,43.272851],[1.261777,43.273085],[1.261879,43.273237],[1.261983,43.273298],[1.262086,43.273417],[1.262154,43.273512],[1.262243,43.273615],[1.262384,43.273685],[1.262648,43.273806],[1.262692,43.273883],[1.262702,43.273977],[1.262841,43.274096],[1.262992,43.274166],[1.26313,43.274236],[1.263291,43.274323],[1.263464,43.274375],[1.263604,43.274454],[1.263716,43.274597],[1.263781,43.274829],[1.263826,43.274939],[1.264064,43.27518],[1.264239,43.275223],[1.264265,43.275088]]],"type":"Polygon"},"properties":{"zoneCode":"RHg","zoneLabel":"Rouge hachuree mouvement de terrain","zoneColor":"#E2001A","codeZone":"20150002_52","typeReg":"03","libelleZone":"Zone Rouge Hachurée"}},{"type":"Feature","geometry":{"coordinates":[[[1.260228,43.273214],[1.260223,43.273027],[1.260142,43.272935],[1.259979,43.272873],[1.259763,43.27284],[1.259567,43.27282],[1.259174,43.272828],[1.258909,43.272844],[1.258653,43.272854],[1.258444,43.272875],[1.257903,43.273094],[1.257644,43.27318],[1.257404,43.273294],[1.257192,43.273443],[1.257179,43.273558],[1.25723,43.273663],[1.257378,43.273717],[1.257551,43.273719],[1.257712,43.273679],[1.257925,43.273595],[1.258193,43.273508],[1.258357,43.273493],[1.258541,43.273456],[1.258709,43.273374],[1.258909,43.273321],[1.259063,43.273397],[1.259269,43.273476],[1.259601,43.273541],[1.2599,43.273525],[1.26004,43.273471],[1.260183,43.273358],[1.260228,43.273214]],[[1.260064,43.273226],[1.26003,43.273331],[1.25997,43.27338],[1.259836,43.273421],[1.259705,43.27342],[1.259571,43.273415],[1.259453,43.273407],[1.25934,43.273382],[1.259234,43.273348],[1.259197,43.273323],[1.259137,43.273269],[1.259045,43.273218],[1.2589,43.273189],[1.258832,43.273188],[1.258613,43.273222],[1.258435,43.273228],[1.258376,43.273194],[1.258363,43.273166],[1.258412,43.273074],[1.258511,43.273017],[1.258725,43.272978],[1.258904,43.272986],[1.259032,43.272959],[1.259117,43.272906],[1.25921,43.272892],[1.259342,43.272909],[1.259521,43.272891],[1.259678,43.272936],[1.259799,43.272936],[1.259924,43.272968],[1.260029,43.273013],[1.260067,43.273104],[1.260064,43.273226]]],"type":"Polygon"},"properties":{"zoneCode":"RHg","zoneLabel":"Rouge hachuree mouvement de terrain","zoneColor":"#E2001A","codeZone":"20150002_51","typeReg":"03","libelleZone":"Zone Rouge Hachurée"}},{"type":"Feature","geometry":{"coordinates":[[[1.233858,43.287406],[1.233848,43.287148],[1.233856,43.287024],[1.233745,43.286743],[1.233683,43.286645],[1.233612,43.286545],[1.233487,43.286435],[1.233389,43.286359],[1.233302,43.286262],[1.2332,43.286174],[1.233096,43.28611],[1.232964,43.28599],[1.232884,43.285922],[1.232744,43.285818],[1.232607,43.285723],[1.232486,43.28568],[1.232347,43.285654],[1.232208,43.285637],[1.231975,43.285619],[1.231809,43.285613],[1.231621,43.285644],[1.231542,43.285646],[1.231382,43.285663],[1.231255,43.285659],[1.231153,43.285652],[1.231045,43.285638],[1.230934,43.285609],[1.230751,43.285566],[1.230695,43.285578],[1.230884,43.285629],[1.231047,43.285678],[1.231451,43.285808],[1.231622,43.285878],[1.231776,43.285949],[1.231816,43.285971],[1.232062,43.286136],[1.232293,43.286322],[1.232674,43.286668],[1.232742,43.286746],[1.232874,43.286932],[1.232894,43.286966],[1.232962,43.287115],[1.233018,43.28727],[1.233081,43.287372],[1.233122,43.287419],[1.233201,43.287522],[1.233222,43.287559],[1.233268,43.28766],[1.233319,43.287756],[1.233404,43.287928],[1.233418,43.287968],[1.233427,43.288039],[1.233632,43.287867],[1.233745,43.287738],[1.233824,43.287615],[1.233854,43.287514],[1.233858,43.287406]]],"type":"Polygon"},"properties":{"zoneCode":"RHg","zoneLabel":"Rouge hachuree mouvement de terrain","zoneColor":"#E2001A","codeZone":"20150002_46","typeReg":"03","libelleZone":"Zone Rouge Hachurée"}},{"type":"Feature","geometry":{"coordinates":[[[1.244633,43.287516],[1.244575,43.287465],[1.244456,43.287479],[1.244161,43.287453],[1.243856,43.287443],[1.243667,43.287499],[1.243478,43.287599],[1.243161,43.287702],[1.242874,43.287706],[1.24271,43.287648],[1.242286,43.287694],[1.241878,43.287778],[1.241493,43.287786],[1.240768,43.287896],[1.239538,43.287992],[1.239103,43.288038],[1.238672,43.288079],[1.238346,43.288089],[1.237949,43.288226],[1.237912,43.288309],[1.23808,43.288323],[1.238475,43.288289],[1.238729,43.288304],[1.238915,43.288337],[1.239045,43.288482],[1.239532,43.288562],[1.239753,43.288504],[1.239922,43.288407],[1.240204,43.288369],[1.240615,43.288344],[1.240766,43.288371],[1.240891,43.288454],[1.240861,43.288575],[1.240867,43.288668],[1.240952,43.288696],[1.241043,43.288812],[1.241337,43.288894],[1.241428,43.288861],[1.241707,43.288738],[1.241941,43.288623],[1.241573,43.288687],[1.241364,43.288717],[1.241265,43.288699],[1.241203,43.288633],[1.241163,43.288551],[1.241198,43.288457],[1.241276,43.288363],[1.241363,43.288279],[1.241462,43.288199],[1.241533,43.288072],[1.241647,43.288038],[1.241826,43.287995],[1.241955,43.28794],[1.242067,43.287881],[1.242158,43.287826],[1.242298,43.287771],[1.242361,43.287762],[1.242431,43.287776],[1.242457,43.287833],[1.242484,43.287914],[1.242582,43.287951],[1.242662,43.287978],[1.24279,43.287934],[1.242914,43.28791],[1.243069,43.287884],[1.243292,43.287862],[1.243397,43.287812],[1.243509,43.287743],[1.2436,43.287722],[1.243712,43.287688],[1.243867,43.287654],[1.244066,43.287679],[1.244042,43.287756],[1.243901,43.287958],[1.244181,43.287808],[1.24429,43.287758],[1.24461,43.28763],[1.244633,43.287516]]],"type":"Polygon"},"properties":{"zoneCode":"RHg","zoneLabel":"Rouge hachuree mouvement de terrain","zoneColor":"#E2001A","codeZone":"20150002_45","typeReg":"03","libelleZone":"Zone Rouge Hachurée"}},{"type":"Feature","geometry":{"coordinates":[[[1.258386,43.278332],[1.258311,43.278227],[1.258212,43.278164],[1.258056,43.278111],[1.25786,43.278057],[1.257717,43.278003],[1.257562,43.277934],[1.257443,43.27787],[1.257215,43.277822],[1.256796,43.27776],[1.256613,43.277758],[1.256384,43.277803],[1.256212,43.277801],[1.256073,43.277758],[1.255787,43.277724],[1.255608,43.277779],[1.255359,43.277756],[1.255111,43.277769],[1.254936,43.277835],[1.254902,43.277903],[1.2549,43.278012],[1.255011,43.278037],[1.255289,43.278083],[1.255409,43.27811],[1.255553,43.278168],[1.255691,43.278238],[1.255871,43.278281],[1.256096,43.278319],[1.256391,43.278419],[1.256434,43.278414],[1.256392,43.278419],[1.256746,43.278534],[1.256903,43.278541],[1.256853,43.278513],[1.256904,43.278541],[1.257081,43.278549],[1.257451,43.278531],[1.257566,43.278521],[1.257906,43.278446],[1.258071,43.278448],[1.258273,43.278455],[1.258386,43.278332]],[[1.257729,43.278242],[1.257707,43.278284],[1.25751,43.278311],[1.257432,43.278317],[1.257336,43.2783],[1.257242,43.278264],[1.257074,43.278158],[1.257032,43.27809],[1.257042,43.278033],[1.257156,43.277982],[1.257277,43.278003],[1.257494,43.278105],[1.257628,43.278159],[1.257729,43.278242]]],"type":"Polygon"},"properties":{"zoneCode":"RHg","zoneLabel":"Rouge hachuree mouvement de terrain","zoneColor":"#E2001A","codeZone":"20150002_48","typeReg":"03","libelleZone":"Zone Rouge Hachurée"}},{"type":"Feature","geometry":{"coordinates":[[[1.266108,43.27737],[1.266286,43.27738],[1.266497,43.277397],[1.266635,43.27744],[1.266701,43.277449],[1.266796,43.277443],[1.266947,43.277402],[1.267095,43.277356],[1.267048,43.277305],[1.266855,43.27724],[1.266569,43.277195],[1.266158,43.277076],[1.26598,43.276973],[1.265895,43.276842],[1.265887,43.276729],[1.266223,43.276334],[1.266372,43.276203],[1.266512,43.276123],[1.266678,43.275998],[1.266802,43.275826],[1.266754,43.275517],[1.266828,43.275378],[1.266896,43.275298],[1.266968,43.275172],[1.266972,43.274946],[1.266949,43.274763],[1.266875,43.274639],[1.266748,43.274586],[1.266659,43.274584],[1.266506,43.27464],[1.266444,43.274702],[1.266364,43.274795],[1.266293,43.27494],[1.266196,43.275051],[1.266083,43.275571],[1.265959,43.275766],[1.265771,43.276276],[1.265748,43.27643],[1.265669,43.276512],[1.265598,43.27668],[1.265577,43.276834],[1.265574,43.276982],[1.265676,43.277193],[1.265733,43.277257],[1.265874,43.277336],[1.265897,43.277345],[1.266108,43.27737]],[[1.266765,43.275188],[1.266692,43.275366],[1.266613,43.275579],[1.266536,43.275732],[1.266467,43.275796],[1.26633,43.275805],[1.266256,43.275754],[1.266178,43.275619],[1.266227,43.27547],[1.266291,43.275322],[1.266355,43.275201],[1.266418,43.275118],[1.266501,43.27504],[1.26661,43.274976],[1.266693,43.274961],[1.26678,43.275038],[1.266765,43.275188]]],"type":"Polygon"},"properties":{"zoneCode":"RHg","zoneLabel":"Rouge hachuree mouvement de terrain","zoneColor":"#E2001A","codeZone":"20150002_47","typeReg":"03","libelleZone":"Zone Rouge Hachurée"}},{"type":"Feature","geometry":{"coordinates":[[[1.2408,43.296557],[1.240961,43.296235],[1.241383,43.295828],[1.241905,43.295475],[1.242314,43.295115],[1.242528,43.294859],[1.242624,43.29442],[1.24255,43.294166],[1.242379,43.293726],[1.242243,43.293565],[1.241996,43.293506],[1.241729,43.293515],[1.241481,43.293603],[1.241386,43.293716],[1.241119,43.293861],[1.240681,43.293901],[1.240325,43.293887],[1.239658,43.293957],[1.239486,43.293956],[1.239032,43.294077],[1.238579,43.294107],[1.238084,43.294136],[1.237727,43.294064],[1.23776,43.293962],[1.237902,43.293918],[1.238337,43.293865],[1.238791,43.293678],[1.239717,43.2932],[1.240032,43.292954],[1.240285,43.292728],[1.24054,43.29238],[1.240605,43.292233],[1.240673,43.292006],[1.24061,43.291916],[1.240489,43.291824],[1.24021,43.291809],[1.239787,43.291986],[1.239331,43.292118],[1.238865,43.292192],[1.23835,43.29238],[1.23791,43.292523],[1.23754,43.2926],[1.237114,43.29273],[1.237067,43.292798],[1.236924,43.293057],[1.236919,43.29325],[1.236932,43.293523],[1.237095,43.293819],[1.237167,43.294104],[1.237177,43.294376],[1.237031,43.294714],[1.236965,43.294953],[1.23707,43.295078],[1.23724,43.295137],[1.237458,43.295138],[1.237862,43.294996],[1.238257,43.294797],[1.238569,43.294741],[1.238849,43.29471],[1.239129,43.294702],[1.239532,43.294739],[1.239859,43.294788],[1.240275,43.294907],[1.24058,43.295147],[1.240654,43.295386],[1.240399,43.295739],[1.240241,43.295874],[1.240081,43.296122],[1.240015,43.296349],[1.240035,43.296527],[1.2408,43.296557]],[[1.239117,43.29433],[1.238957,43.294488],[1.238682,43.29462],[1.238268,43.29468],[1.238119,43.294659],[1.238022,43.294605],[1.237981,43.29451],[1.238001,43.294434],[1.238079,43.294357],[1.23824,43.294288],[1.238389,43.294257],[1.238671,43.294228],[1.23885,43.294173],[1.239069,43.294169],[1.23913,43.294208],[1.239117,43.29433]]],"type":"Polygon"},"properties":{"zoneCode":"RHg","zoneLabel":"Rouge hachuree mouvement de terrain","zoneColor":"#E2001A","codeZone":"20150002_42","typeReg":"03","libelleZone":"Zone Rouge Hachurée"}},{"type":"Feature","geometry":{"coordinates":[[[1.250345,43.276879],[1.250288,43.276823],[1.250177,43.276796],[1.25001,43.276777],[1.249793,43.27677],[1.249581,43.276756],[1.248974,43.276797],[1.248805,43.276845],[1.248674,43.276764],[1.248455,43.276698],[1.248259,43.276713],[1.247955,43.276744],[1.247647,43.276795],[1.247303,43.276864],[1.246494,43.276889],[1.246149,43.276851],[1.245824,43.276842],[1.245559,43.276806],[1.24538,43.276832],[1.245152,43.276928],[1.244876,43.27707],[1.244581,43.277279],[1.244244,43.277462],[1.244123,43.277599],[1.244066,43.277757],[1.244074,43.277916],[1.244022,43.278154],[1.243817,43.2784],[1.243764,43.278594],[1.243792,43.278801],[1.243887,43.279015],[1.244029,43.279288],[1.244205,43.279448],[1.244282,43.279561],[1.244588,43.279709],[1.24483,43.279751],[1.245137,43.279794],[1.245587,43.279898],[1.245841,43.279861],[1.246084,43.27981],[1.246427,43.279794],[1.246711,43.279777],[1.246817,43.279838],[1.24676,43.279917],[1.246605,43.279987],[1.246189,43.27999],[1.245782,43.280046],[1.245334,43.28035],[1.245052,43.280452],[1.244792,43.280436],[1.244562,43.280281],[1.244349,43.280152],[1.244055,43.279951],[1.243723,43.279571],[1.243305,43.279238],[1.24314,43.278935],[1.242982,43.278743],[1.242925,43.278738],[1.242793,43.278672],[1.242653,43.278639],[1.242296,43.278586],[1.242045,43.278605],[1.241535,43.278699],[1.241072,43.278719],[1.240279,43.278762],[1.239677,43.278855],[1.238742,43.279041],[1.237432,43.27932],[1.236958,43.279378],[1.237226,43.279411],[1.237509,43.279397],[1.237822,43.279336],[1.238211,43.279237],[1.23857,43.27918],[1.238942,43.279108],[1.240299,43.278905],[1.240923,43.278882],[1.241394,43.278856],[1.24176,43.278883],[1.242115,43.278997],[1.242372,43.27921],[1.242554,43.27938],[1.242602,43.27959],[1.242606,43.279801],[1.24258,43.279906],[1.242608,43.279801],[1.242553,43.280012],[1.242028,43.280258],[1.241978,43.280326],[1.241799,43.280385],[1.241482,43.28051],[1.241402,43.280576],[1.241433,43.280629],[1.241488,43.280676],[1.24155,43.280706],[1.241704,43.280708],[1.241828,43.280682],[1.241984,43.280661],[1.242163,43.280565],[1.242275,43.280515],[1.242404,43.280449],[1.242572,43.280429],[1.242807,43.280603],[1.242705,43.280818],[1.242703,43.280942],[1.242676,43.281014],[1.242627,43.281095],[1.242763,43.28105],[1.242868,43.280986],[1.243183,43.280815],[1.243582,43.280756],[1.244142,43.280628],[1.24437,43.280587],[1.244554,43.280562],[1.244632,43.280589],[1.244858,43.280655],[1.244962,43.2807],[1.245074,43.280727],[1.24517,43.280754],[1.245274,43.28076],[1.245354,43.280762],[1.245598,43.280726],[1.245711,43.28067],[1.245817,43.280639],[1.245922,43.280627],[1.245991,43.280654],[1.246023,43.280711],[1.246015,43.280787],[1.24595,43.280952],[1.245888,43.281022],[1.245878,43.281111],[1.245885,43.281168],[1.245919,43.281253],[1.246013,43.28133],[1.246203,43.28142],[1.246298,43.281446],[1.24649,43.281473],[1.246735,43.281476],[1.246662,43.281571],[1.246506,43.281614],[1.246133,43.281681],[1.24583,43.281581],[1.245614,43.281566],[1.245327,43.281564],[1.245006,43.281548],[1.244799,43.281508],[1.244513,43.28139],[1.244072,43.281278],[1.243109,43.281198],[1.242302,43.281158],[1.241494,43.281323],[1.242112,43.281338],[1.243758,43.281399],[1.244174,43.281431],[1.244481,43.281538],[1.245283,43.281843],[1.245507,43.28192],[1.245298,43.281848],[1.245476,43.281917],[1.245718,43.281977],[1.24599,43.281972],[1.246324,43.281936],[1.246633,43.281844],[1.246685,43.281791],[1.246865,43.28142],[1.24701,43.281244],[1.247334,43.280939],[1.247745,43.280486],[1.248071,43.279854],[1.248124,43.279719],[1.247909,43.2795],[1.247789,43.279355],[1.247757,43.279206],[1.247644,43.27906],[1.246886,43.278955],[1.246488,43.27895],[1.246097,43.278929],[1.24593,43.278894],[1.24579,43.278808],[1.245857,43.278719],[1.246137,43.278676],[1.246523,43.278528],[1.246866,43.278442],[1.247072,43.278347],[1.247642,43.278025],[1.248637,43.277661],[1.249547,43.277302],[1.249788,43.277186],[1.250151,43.276987],[1.250275,43.276929],[1.250345,43.276879]],[[1.246721,43.279373],[1.246606,43.279523],[1.246181,43.279602],[1.24563,43.27959],[1.245406,43.279493],[1.245064,43.279212],[1.244887,43.279167],[1.244463,43.27922],[1.244368,43.279123],[1.244313,43.278908],[1.244222,43.278776],[1.24412,43.278593],[1.244131,43.27851],[1.244253,43.278461],[1.244415,43.278493],[1.244537,43.278583],[1.244688,43.278655],[1.244947,43.278695],[1.245121,43.278621],[1.245175,43.278496],[1.245178,43.278369],[1.245318,43.278271],[1.245423,43.278126],[1.24565,43.278053],[1.245848,43.278031],[1.246039,43.278063],[1.246224,43.278134],[1.246328,43.27818],[1.246232,43.278254],[1.24611,43.278361],[1.245953,43.278434],[1.245642,43.278506],[1.245389,43.278575],[1.245283,43.278679],[1.245307,43.278798],[1.245382,43.278881],[1.245578,43.278984],[1.245784,43.279076],[1.246036,43.279155],[1.246369,43.279231],[1.246584,43.279265],[1.246721,43.279373]],[[1.249643,43.277099],[1.249551,43.277164],[1.249425,43.277275],[1.249286,43.277318],[1.249161,43.277332],[1.249041,43.277397],[1.248874,43.277471],[1.248358,43.277626],[1.248114,43.27772],[1.24776,43.277818],[1.247597,43.277857],[1.247528,43.277912],[1.247465,43.277957],[1.247403,43.277971],[1.247298,43.27797],[1.247245,43.277949],[1.247202,43.277918],[1.247227,43.27784],[1.247284,43.277758],[1.247388,43.277652],[1.247473,43.277558],[1.247585,43.277489],[1.247565,43.277457],[1.247442,43.277431],[1.247332,43.277374],[1.247235,43.277348],[1.247221,43.277307],[1.247265,43.277226],[1.247377,43.277128],[1.247435,43.277061],[1.247505,43.277006],[1.247658,43.276952],[1.247764,43.276938],[1.247972,43.276921],[1.248053,43.276906],[1.248172,43.276907],[1.248302,43.276938],[1.248406,43.276975],[1.248488,43.277026],[1.248551,43.277072],[1.248624,43.277151],[1.2487,43.277135],[1.248854,43.277131],[1.248942,43.277143],[1.24902,43.277133],[1.249266,43.27705],[1.24934,43.277035],[1.249444,43.27702],[1.249547,43.277027],[1.24963,43.277049],[1.249643,43.277099]]],"type":"Polygon"},"properties":{"zoneCode":"RHg","zoneLabel":"Rouge hachuree mouvement de terrain","zoneColor":"#E2001A","codeZone":"20150002_41","typeReg":"03","libelleZone":"Zone Rouge Hachurée"}},{"type":"Feature","geometry":{"coordinates":[[[1.245483,43.282474],[1.245388,43.282387],[1.245313,43.282275],[1.245123,43.282146],[1.244814,43.282044],[1.244575,43.281978],[1.244304,43.281955],[1.244034,43.281965],[1.243109,43.281921],[1.24252,43.281915],[1.242011,43.281875],[1.241662,43.281893],[1.24132,43.282071],[1.241074,43.282344],[1.2408,43.282552],[1.240547,43.282811],[1.240123,43.283144],[1.239857,43.283388],[1.239749,43.283542],[1.239835,43.283606],[1.239952,43.283601],[1.240113,43.283567],[1.240714,43.283116],[1.241368,43.282757],[1.241891,43.282599],[1.242598,43.282501],[1.243091,43.282513],[1.243406,43.282488],[1.243613,43.282406],[1.24397,43.282382],[1.244219,43.282355],[1.244598,43.282309],[1.244789,43.282326],[1.244889,43.282405],[1.245067,43.282505],[1.24524,43.282563],[1.245386,43.282551],[1.245483,43.282474]],[[1.244474,43.28216],[1.244445,43.282195],[1.244058,43.282283],[1.243942,43.282274],[1.243781,43.282245],[1.243693,43.282202],[1.243683,43.282153],[1.243782,43.282126],[1.244099,43.282142],[1.244283,43.282137],[1.244388,43.282145],[1.244474,43.28216]]],"type":"Polygon"},"properties":{"zoneCode":"RHg","zoneLabel":"Rouge hachuree mouvement de terrain","zoneColor":"#E2001A","codeZone":"20150002_44","typeReg":"03","libelleZone":"Zone Rouge Hachurée"}},{"type":"Feature","geometry":{"coordinates":[[[1.226851,43.279436],[1.226804,43.279491],[1.226796,43.279651],[1.226639,43.279856],[1.22633,43.28005],[1.225888,43.28056],[1.22568,43.281061],[1.225562,43.281167],[1.224957,43.281314],[1.224776,43.28141],[1.224488,43.281459],[1.224405,43.281433],[1.224402,43.281311],[1.224465,43.281215],[1.224595,43.281106],[1.224649,43.281046],[1.224835,43.280962],[1.224935,43.280836],[1.225202,43.280588],[1.22536,43.280456],[1.225494,43.280291],[1.225565,43.280099],[1.225717,43.279817],[1.225619,43.279826],[1.225329,43.279828],[1.225178,43.27985],[1.225163,43.279848],[1.224941,43.279909],[1.224831,43.279911],[1.224352,43.279845],[1.224175,43.280284],[1.223926,43.280965],[1.223782,43.281196],[1.223642,43.281316],[1.2233,43.281379],[1.223466,43.281407],[1.223579,43.281476],[1.223653,43.281577],[1.223681,43.281746],[1.223714,43.281819],[1.223765,43.281875],[1.223847,43.281919],[1.223951,43.281939],[1.224107,43.281933],[1.224202,43.281872],[1.224335,43.281758],[1.224513,43.281657],[1.224832,43.281509],[1.224976,43.281499],[1.225177,43.281546],[1.225318,43.28157],[1.225399,43.281509],[1.225593,43.281414],[1.225803,43.28133],[1.225958,43.281277],[1.226163,43.28122],[1.226347,43.281176],[1.226447,43.281183],[1.226537,43.28121],[1.226544,43.281276],[1.226522,43.281344],[1.226454,43.281415],[1.226143,43.281587],[1.225956,43.281709],[1.225788,43.281777],[1.225435,43.281899],[1.224933,43.282035],[1.224738,43.282117],[1.224383,43.282391],[1.224155,43.282507],[1.223967,43.282549],[1.224009,43.282603],[1.224138,43.282716],[1.224286,43.283044],[1.224346,43.28323],[1.224326,43.28342],[1.224328,43.283617],[1.224398,43.283737],[1.224407,43.283598],[1.224459,43.28345],[1.224508,43.28337],[1.224925,43.283253],[1.224961,43.283133],[1.224938,43.283052],[1.224813,43.283035],[1.2246,43.28306],[1.22445,43.283064],[1.22439,43.282984],[1.224238,43.282739],[1.224176,43.282647],[1.224226,43.282569],[1.224549,43.282422],[1.224948,43.282179],[1.225477,43.282076],[1.22599,43.281932],[1.226532,43.28167],[1.226851,43.281432],[1.226947,43.28125],[1.227077,43.281121],[1.227011,43.280861],[1.227053,43.280699],[1.227449,43.28052],[1.22791,43.280232],[1.228482,43.279917],[1.229044,43.279482],[1.229199,43.27922],[1.229298,43.279033],[1.229313,43.278877],[1.229157,43.27881],[1.228974,43.278772],[1.228469,43.278783],[1.228273,43.278736],[1.227985,43.278851],[1.227506,43.279024],[1.226971,43.279252],[1.226883,43.279329],[1.226851,43.279436]],[[1.228979,43.279242],[1.228785,43.279519],[1.228567,43.279718],[1.228118,43.279976],[1.227756,43.280164],[1.227445,43.280277],[1.227168,43.280382],[1.226795,43.280502],[1.226618,43.280415],[1.226817,43.279987],[1.226883,43.279784],[1.22697,43.279593],[1.227125,43.279424],[1.227274,43.279294],[1.227572,43.279158],[1.227858,43.279054],[1.228137,43.278978],[1.228308,43.278941],[1.228508,43.278929],[1.228752,43.278908],[1.228879,43.278908],[1.228961,43.27897],[1.229014,43.279066],[1.228979,43.279242]]],"type":"Polygon"},"properties":{"zoneCode":"RHg","zoneLabel":"Rouge hachuree mouvement de terrain","zoneColor":"#E2001A","codeZone":"20150002_43","typeReg":"03","libelleZone":"Zone Rouge Hachurée"}},{"type":"Feature","geometry":{"coordinates":[[[1.262181,43.279707],[1.262173,43.279554],[1.262145,43.279479],[1.262101,43.279449],[1.26202,43.279461],[1.261973,43.279498],[1.261939,43.279553],[1.261895,43.279657],[1.261887,43.27977],[1.261914,43.279864],[1.261929,43.279981],[1.261946,43.280069],[1.261993,43.280193],[1.26201,43.280205],[1.262161,43.279958],[1.262163,43.279849],[1.262181,43.279707]]],"type":"Polygon"},"properties":{"zoneCode":"RHg","zoneLabel":"Rouge hachuree mouvement de terrain","zoneColor":"#E2001A","codeZone":"20150002_70","typeReg":"03","libelleZone":"Zone Rouge Hachurée"}},{"type":"Feature","geometry":{"coordinates":[[[1.243495,43.286468],[1.243464,43.286429],[1.243327,43.286422],[1.243183,43.286411],[1.243033,43.28638],[1.242936,43.286363],[1.242852,43.286368],[1.242692,43.286389],[1.242505,43.286431],[1.242428,43.28649],[1.242424,43.286558],[1.242491,43.286602],[1.24256,43.286603],[1.242675,43.286586],[1.242772,43.286583],[1.242915,43.286607],[1.243015,43.28659],[1.243122,43.286593],[1.243334,43.286572],[1.243411,43.286545],[1.243471,43.286507],[1.243495,43.286468]]],"type":"Polygon"},"properties":{"zoneCode":"RHg","zoneLabel":"Rouge hachuree mouvement de terrain","zoneColor":"#E2001A","codeZone":"20150002_69","typeReg":"03","libelleZone":"Zone Rouge Hachurée"}},{"type":"Feature","geometry":{"coordinates":[[[1.234033,43.291139],[1.233999,43.290936],[1.233986,43.290899],[1.233946,43.290844],[1.2339,43.290806],[1.233829,43.290792],[1.233795,43.290792],[1.233776,43.290811],[1.233799,43.290837],[1.233852,43.290909],[1.233904,43.290993],[1.233916,43.29104],[1.233922,43.291085],[1.233919,43.291135],[1.233902,43.29119],[1.233884,43.291227],[1.233836,43.291253],[1.233756,43.29125],[1.2337,43.291258],[1.233657,43.291273],[1.233644,43.291315],[1.233644,43.291357],[1.233667,43.291387],[1.233703,43.2914],[1.233771,43.291409],[1.233819,43.291436],[1.233832,43.291469],[1.233839,43.291509],[1.233882,43.291515],[1.233918,43.291496],[1.233965,43.291457],[1.233995,43.29142],[1.23402,43.291356],[1.23403,43.291254],[1.234033,43.291139]]],"type":"Polygon"},"properties":{"zoneCode":"RHg","zoneLabel":"Rouge hachuree mouvement de terrain","zoneColor":"#E2001A","codeZone":"20150002_72","typeReg":"03","libelleZone":"Zone Rouge Hachurée"}},{"type":"Feature","geometry":{"coordinates":[[[1.240286,43.281669],[1.240282,43.281574],[1.240257,43.281529],[1.24022,43.281524],[1.240153,43.281546],[1.240058,43.281617],[1.240001,43.281719],[1.239927,43.281786],[1.239876,43.281875],[1.239862,43.281948],[1.239755,43.282021],[1.239816,43.282033],[1.239922,43.282066],[1.239977,43.282038],[1.24007,43.281972],[1.24017,43.281892],[1.240281,43.281823],[1.240286,43.281669]]],"type":"Polygon"},"properties":{"zoneCode":"RHg","zoneLabel":"Rouge hachuree mouvement de terrain","zoneColor":"#E2001A","codeZone":"20150002_71","typeReg":"03","libelleZone":"Zone Rouge Hachurée"}},{"type":"Feature","geometry":{"coordinates":[[[1.256199,43.276199],[1.256141,43.276192],[1.256076,43.276199],[1.256009,43.276215],[1.255954,43.276244],[1.255884,43.276273],[1.255777,43.276343],[1.255643,43.276389],[1.255501,43.276434],[1.255431,43.276477],[1.255273,43.276532],[1.255208,43.276589],[1.255152,43.276644],[1.255135,43.276688],[1.255216,43.276801],[1.255287,43.276808],[1.255399,43.276801],[1.255538,43.276754],[1.25563,43.276744],[1.255697,43.276742],[1.255802,43.276722],[1.255898,43.276685],[1.25593,43.276607],[1.255991,43.276499],[1.256033,43.27644],[1.256068,43.276381],[1.256196,43.276255],[1.256199,43.276199]]],"type":"Polygon"},"properties":{"zoneCode":"RHg","zoneLabel":"Rouge hachuree mouvement de terrain","zoneColor":"#E2001A","codeZone":"20150002_66","typeReg":"03","libelleZone":"Zone Rouge Hachurée"}},{"type":"Feature","geometry":{"coordinates":[[[1.236359,43.297537],[1.236315,43.297503],[1.236212,43.297461],[1.236143,43.297464],[1.236113,43.297492],[1.236079,43.297555],[1.23606,43.297628],[1.236058,43.297701],[1.236066,43.297781],[1.236359,43.297537]]],"type":"Polygon"},"properties":{"zoneCode":"RHg","zoneLabel":"Rouge hachuree mouvement de terrain","zoneColor":"#E2001A","codeZone":"20150002_65","typeReg":"03","libelleZone":"Zone Rouge Hachurée"}},{"type":"Feature","geometry":{"coordinates":[[[1.223655,43.285492],[1.223445,43.285332],[1.223358,43.285261],[1.223297,43.285194],[1.223244,43.285025],[1.223163,43.284888],[1.223112,43.284713],[1.222976,43.284598],[1.222887,43.284536],[1.222905,43.284592],[1.222952,43.284659],[1.223011,43.284778],[1.223025,43.284869],[1.222989,43.284978],[1.222988,43.285058],[1.223007,43.285129],[1.223085,43.285181],[1.22323,43.28556],[1.223266,43.285611],[1.223367,43.285649],[1.223429,43.285709],[1.223445,43.285748],[1.223476,43.285789],[1.223495,43.28572],[1.223492,43.285675],[1.223508,43.285644],[1.223629,43.285534],[1.223655,43.285492]]],"type":"Polygon"},"properties":{"zoneCode":"RHg","zoneLabel":"Rouge hachuree mouvement de terrain","zoneColor":"#E2001A","codeZone":"20150002_68","typeReg":"03","libelleZone":"Zone Rouge Hachurée"}},{"type":"Feature","geometry":{"coordinates":[[[1.233593,43.291675],[1.233595,43.291593],[1.233577,43.291498],[1.23355,43.291465],[1.233502,43.291436],[1.233438,43.291411],[1.233361,43.29137],[1.23333,43.291329],[1.23331,43.291272],[1.233313,43.291212],[1.233324,43.291122],[1.23332,43.291115],[1.233281,43.291139],[1.233295,43.291291],[1.233198,43.29143],[1.233194,43.291476],[1.233163,43.291526],[1.233151,43.291578],[1.233128,43.291632],[1.233091,43.291669],[1.233084,43.29173],[1.233025,43.291794],[1.233023,43.291822],[1.233067,43.291844],[1.233109,43.291828],[1.233182,43.291794],[1.233245,43.291741],[1.233289,43.291709],[1.233333,43.291722],[1.233333,43.291767],[1.233293,43.291846],[1.233228,43.291923],[1.233218,43.291985],[1.233232,43.292013],[1.233238,43.292062],[1.233201,43.292113],[1.233188,43.292144],[1.233199,43.292198],[1.233204,43.292258],[1.233214,43.292293],[1.23324,43.292304],[1.233308,43.292273],[1.233356,43.292209],[1.233401,43.292104],[1.233442,43.292043],[1.233482,43.291994],[1.23352,43.291959],[1.233546,43.291913],[1.233556,43.291845],[1.233573,43.291782],[1.233571,43.291721],[1.233593,43.291675]]],"type":"Polygon"},"properties":{"zoneCode":"RHg","zoneLabel":"Rouge hachuree mouvement de terrain","zoneColor":"#E2001A","codeZone":"20150002_67","typeReg":"03","libelleZone":"Zone Rouge Hachurée"}},{"type":"Feature","geometry":{"coordinates":[[[1.240634,43.289954],[1.240629,43.289721],[1.240632,43.289643],[1.240557,43.289494],[1.240462,43.289395],[1.240182,43.289377],[1.23995,43.289431],[1.239983,43.289574],[1.240233,43.28971],[1.240157,43.290147],[1.240196,43.290189],[1.240319,43.290304],[1.240496,43.29022],[1.240583,43.290144],[1.240634,43.289954]]],"type":"Polygon"},"properties":{"zoneCode":"RHg","zoneLabel":"Rouge hachuree mouvement de terrain","zoneColor":"#E2001A","codeZone":"20150002_62","typeReg":"03","libelleZone":"Zone Rouge Hachurée"}},{"type":"Feature","geometry":{"coordinates":[[[1.232242,43.281515],[1.23186,43.281811],[1.231203,43.282184],[1.230979,43.282399],[1.230873,43.282537],[1.231328,43.282566],[1.231413,43.282461],[1.231576,43.282364],[1.231714,43.282276],[1.231784,43.282219],[1.231933,43.282156],[1.232003,43.282098],[1.231982,43.282049],[1.231949,43.281998],[1.232045,43.281826],[1.23214,43.281704],[1.232242,43.281515]]],"type":"Polygon"},"properties":{"zoneCode":"RHg","zoneLabel":"Rouge hachuree mouvement de terrain","zoneColor":"#E2001A","codeZone":"20150002_61","typeReg":"03","libelleZone":"Zone Rouge Hachurée"}},{"type":"Feature","geometry":{"coordinates":[[[1.252946,43.28029],[1.252783,43.280048],[1.252534,43.279892],[1.25238,43.279811],[1.252138,43.279702],[1.252035,43.279648],[1.2519,43.279651],[1.251898,43.279772],[1.251929,43.279903],[1.252044,43.279981],[1.25223,43.280129],[1.252344,43.280215],[1.25277,43.280378],[1.252902,43.280387],[1.252946,43.28029]]],"type":"Polygon"},"properties":{"zoneCode":"RHg","zoneLabel":"Rouge hachuree mouvement de terrain","zoneColor":"#E2001A","codeZone":"20150002_64","typeReg":"03","libelleZone":"Zone Rouge Hachurée"}},{"type":"Feature","geometry":{"coordinates":[[[1.243613,43.285244],[1.243598,43.285187],[1.243473,43.285194],[1.24335,43.285248],[1.243205,43.285303],[1.243053,43.285369],[1.242882,43.285401],[1.242625,43.285474],[1.242547,43.285523],[1.242527,43.285626],[1.24243,43.285731],[1.242421,43.285798],[1.242609,43.285807],[1.242684,43.285801],[1.242782,43.285774],[1.242904,43.285727],[1.243019,43.285715],[1.243152,43.285692],[1.243216,43.285654],[1.243343,43.285614],[1.243412,43.285559],[1.24344,43.28552],[1.243536,43.285437],[1.243603,43.285348],[1.243613,43.285244]]],"type":"Polygon"},"properties":{"zoneCode":"RHg","zoneLabel":"Rouge hachuree mouvement de terrain","zoneColor":"#E2001A","codeZone":"20150002_63","typeReg":"03","libelleZone":"Zone Rouge Hachurée"}},{"type":"Feature","geometry":{"coordinates":[[[1.237174,43.288254],[1.237001,43.288276],[1.236931,43.288291],[1.236846,43.288273],[1.236749,43.288246],[1.236657,43.288165],[1.23662,43.288171],[1.236587,43.288204],[1.236488,43.288378],[1.236447,43.28852],[1.236386,43.288648],[1.236362,43.288724],[1.236315,43.288834],[1.236217,43.288964],[1.236176,43.289001],[1.236201,43.289006],[1.23629,43.288995],[1.236387,43.288956],[1.236478,43.288906],[1.236553,43.288875],[1.236622,43.288829],[1.236735,43.288706],[1.236822,43.288672],[1.236892,43.288647],[1.236933,43.28864],[1.236955,43.288653],[1.236942,43.288707],[1.236839,43.288835],[1.236803,43.288916],[1.236637,43.288986],[1.236579,43.289015],[1.236464,43.28906],[1.236334,43.289109],[1.236131,43.289174],[1.236003,43.289248],[1.235925,43.289322],[1.236142,43.289219],[1.236248,43.28919],[1.236294,43.289196],[1.236315,43.28923],[1.236315,43.289281],[1.236337,43.28931],[1.236448,43.289287],[1.236467,43.289262],[1.236449,43.289211],[1.236452,43.289161],[1.236526,43.289149],[1.236787,43.28907],[1.236948,43.28901],[1.237014,43.288956],[1.237047,43.288896],[1.237118,43.288718],[1.237129,43.288477],[1.237147,43.2883],[1.237174,43.288254]]],"type":"Polygon"},"properties":{"zoneCode":"RHg","zoneLabel":"Rouge hachuree mouvement de terrain","zoneColor":"#E2001A","codeZone":"20150002_58","typeReg":"03","libelleZone":"Zone Rouge Hachurée"}},{"type":"Feature","geometry":{"coordinates":[[[1.271561,43.270566],[1.271563,43.270514],[1.271517,43.270461],[1.271374,43.270531],[1.271281,43.270562],[1.271185,43.270633],[1.271113,43.270717],[1.270897,43.270868],[1.270756,43.270972],[1.270609,43.271108],[1.270442,43.271226],[1.270321,43.271345],[1.270273,43.271449],[1.270318,43.271552],[1.270365,43.271604],[1.270482,43.271656],[1.270694,43.271556],[1.270744,43.271556],[1.270838,43.271455],[1.270982,43.271352],[1.271055,43.271249],[1.271127,43.271164],[1.271319,43.271011],[1.271364,43.270944],[1.271366,43.270839],[1.271395,43.270719],[1.271419,43.270668],[1.271561,43.270566]],[[1.271029,43.271052],[1.270896,43.271192],[1.270885,43.271237],[1.270838,43.271295],[1.270745,43.271339],[1.270674,43.271364],[1.270572,43.271376],[1.27055,43.271359],[1.270581,43.27129],[1.270667,43.271218],[1.270788,43.271154],[1.270909,43.271041],[1.271012,43.27101],[1.271029,43.271052]]],"type":"Polygon"},"properties":{"zoneCode":"RHg","zoneLabel":"Rouge hachuree mouvement de terrain","zoneColor":"#E2001A","codeZone":"20150002_57","typeReg":"03","libelleZone":"Zone Rouge Hachurée"}},{"type":"Feature","geometry":{"coordinates":[[[1.253428,43.27598],[1.253344,43.27591],[1.253266,43.275853],[1.253182,43.275767],[1.252991,43.275838],[1.252674,43.275989],[1.252445,43.276068],[1.252302,43.276175],[1.252226,43.276319],[1.252093,43.276426],[1.251993,43.276585],[1.252033,43.276666],[1.252136,43.276638],[1.252208,43.27661],[1.252595,43.276379],[1.252739,43.276329],[1.25293,43.276202],[1.253208,43.276097],[1.253364,43.276027],[1.253428,43.27598]]],"type":"Polygon"},"properties":{"zoneCode":"RHg","zoneLabel":"Rouge hachuree mouvement de terrain","zoneColor":"#E2001A","codeZone":"20150002_60","typeReg":"03","libelleZone":"Zone Rouge Hachurée"}},{"type":"Feature","geometry":{"coordinates":[[[1.234402,43.295348],[1.234378,43.295204],[1.234358,43.295133],[1.234361,43.29509],[1.234253,43.295003],[1.23417,43.294928],[1.234071,43.29478],[1.233997,43.294696],[1.233825,43.294526],[1.233782,43.294475],[1.233729,43.294462],[1.233706,43.294466],[1.233702,43.294517],[1.233704,43.294551],[1.233745,43.294618],[1.233799,43.294694],[1.233889,43.294856],[1.233932,43.294981],[1.23396,43.295039],[1.234007,43.295162],[1.234008,43.295224],[1.234003,43.295285],[1.233975,43.29538],[1.233959,43.295492],[1.233962,43.295599],[1.233985,43.295731],[1.234033,43.295844],[1.234103,43.295984],[1.234173,43.296103],[1.234253,43.296189],[1.234258,43.296111],[1.234241,43.296027],[1.23425,43.295923],[1.234329,43.295727],[1.234348,43.29562],[1.234372,43.295546],[1.234402,43.295348]]],"type":"Polygon"},"properties":{"zoneCode":"RHg","zoneLabel":"Rouge hachuree mouvement de terrain","zoneColor":"#E2001A","codeZone":"20150002_59","typeReg":"03","libelleZone":"Zone Rouge Hachurée"}},{"type":"Feature","geometry":{"coordinates":[[[1.208032,43.28747],[1.20803,43.287437],[1.208018,43.287374],[1.207996,43.287334],[1.207957,43.287302],[1.207834,43.287224],[1.207706,43.287043],[1.207576,43.286835],[1.20754,43.286706],[1.207494,43.286606],[1.207368,43.286428],[1.207344,43.286315],[1.207255,43.286197],[1.207216,43.286101],[1.207186,43.286055],[1.207135,43.285947],[1.207079,43.285804],[1.207019,43.285672],[1.206869,43.285465],[1.206801,43.285406],[1.206745,43.285312],[1.206646,43.285079],[1.206627,43.285012],[1.206589,43.284926],[1.206503,43.284634],[1.206426,43.284415],[1.206412,43.284382],[1.206343,43.284268],[1.206335,43.284162],[1.206327,43.28414],[1.206236,43.283933],[1.206138,43.283751],[1.206101,43.283696],[1.206104,43.283672],[1.206094,43.283554],[1.206021,43.283337],[1.205911,43.283176],[1.205855,43.283111],[1.205752,43.283009],[1.205678,43.282961],[1.205624,43.282844],[1.20561,43.282783],[1.20561,43.28276],[1.205592,43.282741],[1.205555,43.282717],[1.205497,43.282698],[1.205428,43.282689],[1.20539,43.282698],[1.205371,43.282675],[1.205261,43.282605],[1.20507,43.282675],[1.205239,43.282786],[1.205361,43.282841],[1.205435,43.282978],[1.205455,43.283061],[1.20563,43.283233],[1.205852,43.283596],[1.205892,43.283786],[1.205984,43.283897],[1.206031,43.284042],[1.206096,43.28415],[1.206133,43.284304],[1.206211,43.284449],[1.206233,43.284551],[1.206274,43.284648],[1.206421,43.285109],[1.206424,43.285166],[1.206509,43.285344],[1.206534,43.285471],[1.206583,43.285563],[1.2067,43.285636],[1.206797,43.285786],[1.206884,43.286017],[1.207009,43.286262],[1.207055,43.286308],[1.207098,43.286443],[1.207169,43.286561],[1.207227,43.286647],[1.207275,43.286702],[1.207273,43.286753],[1.207317,43.286816],[1.20739,43.286952],[1.207483,43.287102],[1.207653,43.287342],[1.207762,43.28739],[1.207767,43.287481],[1.207882,43.287626],[1.207906,43.28765],[1.207908,43.287638],[1.207964,43.28769],[1.207969,43.287647],[1.207992,43.287598],[1.208013,43.287539],[1.208032,43.28747]]],"type":"Polygon"},"properties":{"zoneCode":"Re","zoneLabel":"Rouge mouvement de terrain (recul de berge)","zoneColor":"#D62839","codeZone":"20150002_6","typeReg":"03","libelleZone":"Zone Rouge"}},{"type":"Feature","geometry":{"coordinates":[[[1.233764,43.289583],[1.233783,43.289492],[1.233776,43.289489],[1.233747,43.289455],[1.233707,43.289388],[1.233704,43.289345],[1.233695,43.28931],[1.233658,43.289195],[1.233657,43.289156],[1.233677,43.288993],[1.233679,43.288868],[1.233675,43.288835],[1.233665,43.288801],[1.233649,43.28877],[1.233568,43.288659],[1.23355,43.288621],[1.233527,43.288539],[1.233492,43.288451],[1.233488,43.28842],[1.233473,43.288409],[1.233412,43.288342],[1.233396,43.288279],[1.23338,43.288206],[1.233371,43.288095],[1.233427,43.288039],[1.233418,43.287968],[1.233404,43.287928],[1.233319,43.287756],[1.233268,43.28766],[1.233222,43.287559],[1.233201,43.287522],[1.233122,43.287419],[1.233081,43.287372],[1.233018,43.28727],[1.232962,43.287115],[1.232894,43.286966],[1.232874,43.286932],[1.232742,43.286746],[1.232674,43.286668],[1.232293,43.286322],[1.23217,43.286221],[1.232038,43.286118],[1.231816,43.285971],[1.231776,43.285949],[1.231622,43.285878],[1.231484,43.28582],[1.231047,43.285678],[1.230884,43.285629],[1.230695,43.285578],[1.230627,43.285607],[1.2304,43.285573],[1.230173,43.285508],[1.23002,43.285469],[1.230022,43.285463],[1.229867,43.28542],[1.229838,43.285405],[1.229782,43.285384],[1.229752,43.285377],[1.229597,43.285367],[1.229449,43.285543],[1.229577,43.285602],[1.229958,43.285623],[1.230275,43.285713],[1.230474,43.285661],[1.230547,43.285691],[1.230556,43.285731],[1.230584,43.28572],[1.230643,43.285752],[1.230703,43.285794],[1.230766,43.285814],[1.230874,43.285872],[1.231068,43.285874],[1.231196,43.285922],[1.231253,43.285976],[1.231449,43.285989],[1.231578,43.286063],[1.231604,43.286121],[1.231774,43.286241],[1.23186,43.286257],[1.231927,43.286447],[1.232153,43.28663],[1.232336,43.286769],[1.232367,43.286832],[1.23243,43.286897],[1.232418,43.286976],[1.232503,43.286994],[1.232537,43.28708],[1.232601,43.287151],[1.232618,43.287215],[1.232679,43.287258],[1.232778,43.287272],[1.232789,43.287316],[1.232727,43.287296],[1.232716,43.287306],[1.232762,43.287343],[1.232801,43.287465],[1.232863,43.287659],[1.232846,43.287713],[1.232933,43.287823],[1.233037,43.287887],[1.233112,43.288015],[1.233081,43.288058],[1.233136,43.288122],[1.233098,43.288203],[1.23313,43.288235],[1.233186,43.28824],[1.233171,43.288321],[1.233206,43.288348],[1.233252,43.28835],[1.233258,43.288377],[1.233308,43.288448],[1.233254,43.288556],[1.233207,43.288673],[1.233232,43.288781],[1.233286,43.288846],[1.233308,43.289052],[1.233311,43.28913],[1.233383,43.289341],[1.233426,43.289513],[1.233364,43.289935],[1.233374,43.289997],[1.23346,43.289904],[1.233542,43.289836],[1.233631,43.289685],[1.233649,43.289592],[1.233678,43.289602],[1.233718,43.289605],[1.233764,43.289583]]],"type":"Polygon"},"properties":{"zoneCode":"Re","zoneLabel":"Rouge mouvement de terrain (recul de berge)","zoneColor":"#D62839","codeZone":"20150002_5","typeReg":"03","libelleZone":"Zone Rouge"}},{"type":"Feature","geometry":{"coordinates":[[[1.234227,43.310469],[1.234258,43.310451],[1.234247,43.310449],[1.234251,43.31036],[1.234171,43.310283],[1.233912,43.310165],[1.233731,43.310048],[1.233502,43.309795],[1.233262,43.30944],[1.233141,43.309401],[1.232924,43.308886],[1.232822,43.308506],[1.232838,43.308427],[1.232802,43.308326],[1.232823,43.308286],[1.232826,43.30802],[1.232761,43.307948],[1.232732,43.307825],[1.232713,43.307827],[1.232653,43.307848],[1.232546,43.307918],[1.232526,43.307937],[1.23252,43.307875],[1.232474,43.307913],[1.232445,43.307949],[1.232448,43.307947],[1.232479,43.308119],[1.232489,43.308224],[1.232519,43.308359],[1.2325,43.308557],[1.2325,43.308614],[1.232498,43.308619],[1.232438,43.308638],[1.232415,43.308651],[1.232357,43.308676],[1.232345,43.308685],[1.232345,43.308691],[1.232365,43.308768],[1.232395,43.30883],[1.232418,43.308856],[1.232446,43.30888],[1.232508,43.308862],[1.232533,43.308898],[1.232517,43.308917],[1.232507,43.308939],[1.2325,43.308983],[1.232498,43.309029],[1.2325,43.309055],[1.232508,43.309082],[1.232545,43.309145],[1.232486,43.309162],[1.232515,43.309205],[1.232538,43.309282],[1.232566,43.309339],[1.232586,43.309363],[1.232994,43.309775],[1.233027,43.309803],[1.233035,43.309824],[1.23306,43.309867],[1.233298,43.310159],[1.233478,43.310331],[1.233549,43.31037],[1.233589,43.310383],[1.233631,43.310392],[1.23369,43.310428],[1.233724,43.310443],[1.233762,43.310454],[1.233808,43.31049],[1.233839,43.310508],[1.233947,43.31056],[1.23389,43.310478],[1.234015,43.31054],[1.234112,43.31058],[1.234087,43.310622],[1.234095,43.310625],[1.234157,43.310566],[1.234141,43.310546],[1.234242,43.310485],[1.234227,43.310469]]],"type":"Polygon"},"properties":{"zoneCode":"Re","zoneLabel":"Rouge mouvement de terrain (recul de berge)","zoneColor":"#D62839","codeZone":"20150002_8","typeReg":"03","libelleZone":"Zone Rouge"}},{"type":"Feature","geometry":{"coordinates":[[[1.186621,43.281803],[1.186732,43.281807],[1.186984,43.281867],[1.187295,43.281899],[1.187792,43.281903],[1.187851,43.281898],[1.188902,43.281754],[1.189311,43.281679],[1.189346,43.281671],[1.189742,43.281561],[1.190186,43.281418],[1.190248,43.28138],[1.189908,43.281459],[1.190152,43.28138],[1.190283,43.281298],[1.190346,43.281285],[1.190517,43.28127],[1.190576,43.281254],[1.190692,43.281207],[1.19075,43.281206],[1.190783,43.281201],[1.190996,43.281139],[1.191135,43.281119],[1.191149,43.281121],[1.190981,43.281191],[1.191013,43.281182],[1.191137,43.281165],[1.191259,43.281186],[1.191311,43.281191],[1.191364,43.281189],[1.191416,43.281181],[1.191466,43.281167],[1.19151,43.281147],[1.19155,43.28112],[1.191596,43.281082],[1.191653,43.28105],[1.191773,43.281029],[1.191993,43.28098],[1.192039,43.280966],[1.19262,43.280754],[1.192814,43.280719],[1.192857,43.280671],[1.192874,43.28063],[1.192897,43.280554],[1.19267,43.28058],[1.192486,43.280636],[1.192281,43.280708],[1.192077,43.280766],[1.191872,43.280794],[1.191359,43.280939],[1.191323,43.280964],[1.191284,43.280958],[1.191197,43.28098],[1.190871,43.281051],[1.190606,43.281122],[1.190341,43.281149],[1.190075,43.281192],[1.19002,43.281227],[1.189631,43.281352],[1.189237,43.281461],[1.188828,43.281536],[1.187796,43.281677],[1.187297,43.281674],[1.187057,43.281647],[1.186872,43.281662],[1.186717,43.281679],[1.186639,43.281683],[1.186621,43.281803]]],"type":"Polygon"},"properties":{"zoneCode":"Re","zoneLabel":"Rouge mouvement de terrain (recul de berge)","zoneColor":"#D62839","codeZone":"20150002_7","typeReg":"03","libelleZone":"Zone Rouge"}},{"type":"Feature","geometry":{"coordinates":[[[1.220937,43.295473],[1.220936,43.295473],[1.220796,43.295552],[1.220937,43.295473]]],"type":"Polygon"},"properties":{"zoneCode":"Bg","zoneLabel":"Bleue mouvement de terrain","zoneColor":"#7EC8E3","codeZone":"20150002_2","typeReg":"02","libelleZone":"Zone Bleue"}},{"type":"Feature","geometry":{"coordinates":[[[1.221253,43.295648],[1.221253,43.295638],[1.221207,43.295598],[1.221116,43.295554],[1.221068,43.295534],[1.221016,43.295524],[1.22099,43.295526],[1.220961,43.295546],[1.220941,43.295555],[1.220902,43.295565],[1.220877,43.295569],[1.220844,43.29558],[1.220823,43.295593],[1.220811,43.29561],[1.22079,43.295631],[1.220738,43.295665],[1.220659,43.295689],[1.220609,43.295696],[1.220539,43.295691],[1.220446,43.295669],[1.220418,43.295667],[1.220369,43.295673],[1.220029,43.295807],[1.219942,43.29589],[1.219905,43.295909],[1.219805,43.295952],[1.219767,43.295974],[1.219751,43.295995],[1.219745,43.296021],[1.219747,43.296067],[1.219772,43.2961],[1.219789,43.29611],[1.219816,43.296116],[1.219844,43.296119],[1.219897,43.296112],[1.219968,43.296085],[1.220008,43.296062],[1.220053,43.296041],[1.220309,43.295931],[1.220397,43.29589],[1.220432,43.295857],[1.22045,43.295845],[1.220489,43.295829],[1.220646,43.295806],[1.220714,43.295802],[1.220874,43.295802],[1.220906,43.295796],[1.22096,43.295774],[1.221053,43.295714],[1.221116,43.295688],[1.221184,43.295676],[1.221216,43.295668],[1.221239,43.295658],[1.221253,43.295648]]],"type":"Polygon"},"properties":{"zoneCode":"Bg","zoneLabel":"Bleue mouvement de terrain","zoneColor":"#7EC8E3","codeZone":"20150002_1","typeReg":"02","libelleZone":"Zone Bleue"}},{"type":"Feature","geometry":{"coordinates":[[[1.195882,43.277344],[1.196189,43.277626],[1.196302,43.277692],[1.196209,43.277637],[1.196758,43.277718],[1.197601,43.277882],[1.198554,43.278307],[1.199423,43.27871],[1.200312,43.279004],[1.200992,43.279189],[1.201591,43.279338],[1.202782,43.280063],[1.203391,43.280498],[1.204321,43.281198],[1.204674,43.281499],[1.204719,43.281667],[1.204799,43.281658],[1.204852,43.281613],[1.204889,43.281615],[1.204902,43.281581],[1.20489,43.281539],[1.204857,43.281484],[1.204786,43.281442],[1.204738,43.281418],[1.204717,43.281361],[1.20467,43.28129],[1.204642,43.281258],[1.204623,43.281244],[1.204579,43.281223],[1.204497,43.281197],[1.204481,43.281166],[1.204459,43.281136],[1.204326,43.281035],[1.204078,43.280827],[1.20384,43.280664],[1.20352,43.280412],[1.203506,43.280368],[1.203485,43.280331],[1.203453,43.280301],[1.203325,43.280218],[1.203307,43.28021],[1.20322,43.280183],[1.203059,43.280076],[1.202642,43.279719],[1.202156,43.27946],[1.202084,43.279404],[1.20193,43.279328],[1.201906,43.279318],[1.201879,43.279311],[1.201755,43.279299],[1.201526,43.279194],[1.200888,43.278993],[1.200718,43.278952],[1.20039,43.278866],[1.200241,43.278836],[1.200121,43.278723],[1.200085,43.278698],[1.200065,43.278689],[1.199838,43.278625],[1.199662,43.27857],[1.199261,43.278432],[1.19875,43.278194],[1.198385,43.278076],[1.197975,43.277876],[1.197497,43.277696],[1.196948,43.277516],[1.19668,43.277452],[1.196402,43.277354],[1.196287,43.277282],[1.196236,43.27726],[1.196012,43.27722],[1.195883,43.277295],[1.195882,43.277344]]],"type":"Polygon"},"properties":{"zoneCode":"Re","zoneLabel":"Rouge mouvement de terrain (recul de berge)","zoneColor":"#D62839","codeZone":"20150002_4","typeReg":"03","libelleZone":"Zone Rouge"}},{"type":"Feature","geometry":{"coordinates":[[[1.215067,43.29093],[1.215077,43.290894],[1.215053,43.290813],[1.215009,43.290776],[1.213851,43.290731],[1.213653,43.290706],[1.213348,43.29063],[1.21251,43.290602],[1.211716,43.290446],[1.211286,43.290421],[1.210452,43.29029],[1.21034,43.290315],[1.210144,43.290283],[1.210035,43.290241],[1.209591,43.29022],[1.208675,43.290021],[1.208224,43.2898],[1.207953,43.289732],[1.207908,43.289699],[1.207802,43.289665],[1.207814,43.289709],[1.207841,43.289777],[1.207865,43.289818],[1.207782,43.289791],[1.2078,43.289822],[1.207856,43.289904],[1.207881,43.289934],[1.207936,43.289985],[1.207964,43.290008],[1.207996,43.290027],[1.208091,43.290067],[1.208195,43.290147],[1.20824,43.290171],[1.208436,43.290256],[1.208501,43.290277],[1.208781,43.290339],[1.208822,43.2903],[1.208927,43.290323],[1.209036,43.290336],[1.209171,43.290359],[1.209197,43.290373],[1.209265,43.290392],[1.209299,43.290398],[1.209405,43.290407],[1.209499,43.290436],[1.209531,43.290442],[1.209703,43.290448],[1.209653,43.290492],[1.209649,43.290492],[1.209738,43.290495],[1.209877,43.290505],[1.209913,43.290527],[1.209954,43.290546],[1.209997,43.290561],[1.210045,43.290569],[1.210092,43.290573],[1.210205,43.290576],[1.210252,43.290536],[1.210339,43.290542],[1.210419,43.290543],[1.21061,43.290555],[1.21072,43.290565],[1.21077,43.290566],[1.210838,43.290612],[1.210818,43.290612],[1.210858,43.290614],[1.21097,43.290645],[1.211123,43.290675],[1.211247,43.290693],[1.211339,43.2907],[1.211375,43.290708],[1.211432,43.290712],[1.211575,43.290713],[1.211654,43.290709],[1.211724,43.290714],[1.211766,43.290724],[1.211812,43.290692],[1.211863,43.290714],[1.211894,43.290723],[1.211926,43.290728],[1.211991,43.290731],[1.212029,43.290747],[1.212117,43.290767],[1.212175,43.290774],[1.21228,43.290778],[1.212417,43.290811],[1.212456,43.290818],[1.21254,43.290816],[1.212614,43.290806],[1.212846,43.290824],[1.213149,43.29084],[1.213274,43.290842],[1.21339,43.290861],[1.213419,43.290874],[1.213373,43.290906],[1.213366,43.290903],[1.213416,43.290926],[1.213457,43.290944],[1.2135,43.290955],[1.213546,43.290962],[1.213592,43.290964],[1.213673,43.290956],[1.213921,43.290992],[1.214158,43.291009],[1.21418,43.29101],[1.214311,43.290998],[1.214609,43.29101],[1.214657,43.291007],[1.214703,43.290997],[1.214797,43.290991],[1.215086,43.290955],[1.215067,43.29093]]],"type":"Polygon"},"properties":{"zoneCode":"Re","zoneLabel":"Rouge mouvement de terrain (recul de berge)","zoneColor":"#D62839","codeZone":"20150002_3","typeReg":"03","libelleZone":"Zone Rouge"}}]}